{
  "Dataset": {
    "AtomTypeStyle": "chemicalsymbol",
    "Data": [
      {
        "AtomTypes": [
          "Ni",
          "Ni",
          "Ni",
          "Ni",
          "Ni",
          "Ni",
          "Ni",
          "Ni",
          "Ni",
          "Ni",
          "Ni",
          "Ni",
          "Ni",
          "Ni",
          "Ni",
          "Ni",
          "Ni",
          "Ni",
          "Ni",
          "Ni",
          "Ni",
          "Ni",
          "Ni",
          "Ti",
          "Ni",
          "Ni",
          "Ni",
          "Ni",
          "Ni",
          "Ni",
          "Ni",
          "Ni",
          "O",
          "O",
          "O",
          "O",
          "O",
          "O",
          "O",
          "O",
          "O",
          "O",
          "O",
          "O",
          "O",
          "O",
          "O",
          "O",
          "O",
          "O",
          "O",
          "O",
          "O",
          "O",
          "O",
          "O",
          "O",
          "O",
          "O",
          "O",
          "O",
          "O",
          "O",
          "O",
          "O",
          "O"
        ],
        "Energy": -357.22712048,
        "Forces": [
          [
            0.040627,
            0.041178,
            0.322235
          ],
          [
            0.037645,
            -0.011767,
            0.285632
          ],
          [
            -0.012777,
            0.037921,
            0.294371
          ],
          [
            -0.012508,
            -0.011873,
            0.318696
          ],
          [
            0.017006,
            0.009845,
            0.31702
          ],
          [
            0.018994,
            0.018823,
            0.312692
          ],
          [
            0.010058,
            0.009581,
            0.314204
          ],
          [
            0.008045,
            0.012998,
            0.130573
          ],
          [
            -0.010467,
            -0.024316,
            -0.08637
          ],
          [
            0.262781,
            0.02908,
            -0.31362
          ],
          [
            -0.013147,
            0.034505,
            -0.127775
          ],
          [
            -0.248085,
            -0.020148,
            -0.445364
          ],
          [
            -0.044904,
            0.012911,
            -0.110768
          ],
          [
            0.015813,
            0.00243,
            -0.115247
          ],
          [
            0.018444,
            0.247131,
            -0.450706
          ],
          [
            -0.027461,
            -0.277025,
            -0.323468
          ],
          [
            0.04547,
            0.033252,
            -0.021007
          ],
          [
            0.02768,
            -0.032143,
            -0.008421
          ],
          [
            -0.049108,
            -0.029941,
            0.11672
          ],
          [
            -0.013724,
            0.040478,
            0.042783
          ],
          [
            -0.024492,
            -0.003066,
            0.027931
          ],
          [
            0.044238,
            -0.000117,
            0.058608
          ],
          [
            0.026048,
            0.003835,
            -0.038238
          ],
          [
            -0.127761,
            -0.07097,
            0.084761
          ],
          [
            0.083049,
            0.051901,
            0.011706
          ],
          [
            0.068293,
            -0.045177,
            0.00803
          ],
          [
            -0.092421,
            -0.008375,
            0.003241
          ],
          [
            -0.03503,
            0.053205,
            -0.092913
          ],
          [
            0.086317,
            -0.038405,
            0.015246
          ],
          [
            0.028528,
            0.03914,
            0.011173
          ],
          [
            -0.056326,
            0.029529,
            0.363458
          ],
          [
            -0.043572,
            0.08049,
            0.013427
          ],
          [
            -0.004157,
            -0.016837,
            -0.17487
          ],
          [
            0.000134,
            0.014574,
            -0.164569
          ],
          [
            0.00546,
            -0.029969,
            -0.123588
          ],
          [
            -0.00063,
            0.034339,
            -0.113587
          ],
          [
            -0.015243,
            0.000341,
            -0.163987
          ],
          [
            -0.031772,
            -0.001425,
            -0.112104
          ],
          [
            0.015092,
            0.005014,
            -0.173089
          ],
          [
            0.029867,
            -0.006545,
            -0.12685
          ],
          [
            -0.033801,
            0.012947,
            0.02587
          ],
          [
            -0.037971,
            -0.017731,
            0.117432
          ],
          [
            -0.000536,
            0.012728,
            0.12844
          ],
          [
            0.09711,
            -0.110723,
            0.3491
          ],
          [
            -0.053069,
            -0.057779,
            0.038666
          ],
          [
            -0.065376,
            0.046575,
            0.064652
          ],
          [
            0.020256,
            -0.030193,
            0.007313
          ],
          [
            0.039018,
            0.0225,
            0.026546
          ],
          [
            -0.011995,
            -0.0083,
            -0.054689
          ],
          [
            -0.00578,
            0.008821,
            -0.024982
          ],
          [
            -0.007362,
            -0.016264,
            -0.059845
          ],
          [
            -0.00483,
            0.00685,
            -0.028094
          ],
          [
            -0.007906,
            -0.003211,
            -0.083983
          ],
          [
            0.010826,
            -0.005332,
            -0.033579
          ],
          [
            0.00568,
            0.001111,
            -0.042218
          ],
          [
            0.028421,
            0.001134,
            0.011638
          ],
          [
            -0.000321,
            0.037218,
            -0.030279
          ],
          [
            0.150157,
            -0.024644,
            0.005417
          ],
          [
            -0.0066,
            0.1739,
            -0.05482
          ],
          [
            -0.133553,
            -0.182108,
            -0.076387
          ],
          [
            0.153233,
            -0.029291,
            -0.048392
          ],
          [
            -0.00267,
            0.029431,
            -0.009026
          ],
          [
            -0.150296,
            -0.159678,
            -0.055365
          ],
          [
            0.005867,
            0.192585,
            0.004145
          ],
          [
            0.553107,
            0.511394,
            -0.110086
          ],
          [
            -0.567613,
            -0.62634,
            0.166561
          ]
        ],
        "Lattice": [
          [
            8.33,
            0.0,
            0.0
          ],
          [
            0.0,
            8.33,
            0.0
          ],
          [
            0.0,
            0.0,
            20.227360776
          ]
        ],
        "NumAtoms": 66,
        "Positions": [
          [
            0.0,
            0.0,
            0.0
          ],
          [
            0.0,
            4.165,
            0.0
          ],
          [
            4.165,
            0.0,
            0.0
          ],
          [
            4.165,
            4.165,
            0.0
          ],
          [
            2.0825,
            2.0825,
            0.0
          ],
          [
            2.0825,
            6.2475,
            0.0
          ],
          [
            6.2475,
            2.0825,
            0.0
          ],
          [
            6.2475,
            6.2475,
            0.0
          ],
          [
            0.0,
            2.0825,
            2.0825
          ],
          [
            0.0,
            6.2475,
            2.0825
          ],
          [
            4.165,
            2.0825,
            2.0825
          ],
          [
            4.165,
            6.2475,
            2.0825
          ],
          [
            2.0825,
            0.0,
            2.0825
          ],
          [
            2.0825,
            4.165,
            2.0825
          ],
          [
            6.2475,
            0.0,
            2.0825
          ],
          [
            6.2475,
            4.165,
            2.0825
          ],
          [
            0.00409,
            0.02189,
            4.2147
          ],
          [
            0.01332,
            4.15252,
            4.19543
          ],
          [
            4.1403,
            0.02452,
            4.1876
          ],
          [
            4.1433,
            4.15654,
            4.20585
          ],
          [
            2.07905,
            2.08739,
            4.18307
          ],
          [
            2.1014,
            6.2578,
            4.2015
          ],
          [
            6.23622,
            2.06119,
            4.20636
          ],
          [
            6.20957,
            6.28958,
            4.2417
          ],
          [
            8.31842,
            2.07254,
            6.25115
          ],
          [
            0.04122,
            6.25795,
            6.28409
          ],
          [
            4.1391,
            2.09117,
            6.25297
          ],
          [
            4.13107,
            6.30674,
            6.65476
          ],
          [
            2.06443,
            0.02028,
            6.2523
          ],
          [
            2.07851,
            4.16043,
            6.24857
          ],
          [
            6.17985,
            0.01938,
            6.62875
          ],
          [
            6.2329,
            4.11011,
            6.27241
          ],
          [
            2.0825,
            0.0,
            0.0
          ],
          [
            2.0825,
            4.165,
            0.0
          ],
          [
            6.2475,
            0.0,
            0.0
          ],
          [
            6.2475,
            4.165,
            0.0
          ],
          [
            0.0,
            2.0825,
            0.0
          ],
          [
            0.0,
            6.2475,
            0.0
          ],
          [
            4.165,
            2.0825,
            0.0
          ],
          [
            4.165,
            6.2475,
            0.0
          ],
          [
            2.0825,
            2.0825,
            2.0825
          ],
          [
            2.0825,
            6.2475,
            2.0825
          ],
          [
            6.2475,
            2.0825,
            2.0825
          ],
          [
            6.2475,
            6.2475,
            2.0825
          ],
          [
            0.0,
            0.0,
            2.0825
          ],
          [
            0.0,
            4.165,
            2.0825
          ],
          [
            4.165,
            0.0,
            2.0825
          ],
          [
            4.165,
            4.165,
            2.0825
          ],
          [
            2.06653,
            -0.00506,
            4.16121
          ],
          [
            2.07892,
            4.18371,
            4.16864
          ],
          [
            6.25183,
            -0.05861,
            4.12885
          ],
          [
            6.24812,
            4.21139,
            4.15476
          ],
          [
            8.3108,
            2.08688,
            4.17512
          ],
          [
            8.2811,
            6.24951,
            4.15771
          ],
          [
            4.17168,
            2.098,
            4.16053
          ],
          [
            4.22522,
            6.24243,
            4.12689
          ],
          [
            2.05055,
            2.10328,
            6.24122
          ],
          [
            2.05715,
            6.24025,
            6.25639
          ],
          [
            6.24973,
            2.10436,
            6.25997
          ],
          [
            6.31629,
            6.17497,
            6.10183
          ],
          [
            0.02037,
            -0.00061,
            6.26974
          ],
          [
            8.31987,
            4.16422,
            6.25175
          ],
          [
            4.08553,
            0.07168,
            6.18013
          ],
          [
            4.16106,
            4.13512,
            6.26524
          ],
          [
            4.77235,
            6.72787,
            8.42006
          ],
          [
            5.78595,
            7.72935,
            8.39607
          ]
        ],
        "Stress": [
          [
            -52.01856,
            -1.28988,
            -0.1827
          ],
          [
            -1.28988,
            -51.87133,
            -0.19436
          ],
          [
            -0.1827,
            -0.19436,
            -26.93746
          ]
        ],
        "computation_code": "VASP",
        "pseudopotential_information": [
          [
            "PAW_PBE",
            "Ni",
            "02Aug2007"
          ],
          [
            "PAW_PBE",
            "Ti_sv",
            "26Sep2005"
          ],
          [
            "PAW_PBE",
            "O",
            "08Apr2002"
          ]
        ]
      }
    ],
    "EnergyStyle": "electronvolt",
    "ForcesStyle": "electronvoltperangstrom",
    "LatticeStyle": "angstrom",
    "PositionsStyle": "angstrom",
    "StressStyle": "kB"
  }
}