{
  "Dataset": {
    "AtomTypeStyle": "chemicalsymbol",
    "Data": [
      {
        "AtomTypes": [
          "Ni",
          "Ni",
          "Ni",
          "Ni",
          "Ni",
          "Ni",
          "Ni",
          "Ni",
          "Ni",
          "Ni",
          "Ni",
          "Ni",
          "Ni",
          "Ni",
          "Ni",
          "Ni",
          "Ni",
          "Ni",
          "Ni",
          "Ni",
          "Ni",
          "Ni",
          "Ni",
          "Ti",
          "Ni",
          "Ni",
          "Ni",
          "Ni",
          "Ni",
          "Ni",
          "Ni",
          "Ni",
          "O",
          "O",
          "O",
          "O",
          "O",
          "O",
          "O",
          "O",
          "O",
          "O",
          "O",
          "O",
          "O",
          "O",
          "O",
          "O",
          "O",
          "O",
          "O",
          "O",
          "O",
          "O",
          "O",
          "O",
          "O",
          "O",
          "O",
          "O",
          "O",
          "O",
          "O",
          "O",
          "O",
          "O"
        ],
        "Energy": -356.75693797,
        "Forces": [
          [
            0.043884,
            0.048346,
            0.307053
          ],
          [
            0.041863,
            -0.019507,
            0.279655
          ],
          [
            -0.015081,
            0.037648,
            0.307393
          ],
          [
            -0.017344,
            -0.013559,
            0.305065
          ],
          [
            0.01268,
            0.008745,
            0.323958
          ],
          [
            0.021294,
            0.018621,
            0.306685
          ],
          [
            0.013282,
            0.008033,
            0.308969
          ],
          [
            0.003924,
            0.015457,
            0.127359
          ],
          [
            0.004859,
            -0.007592,
            -0.23209
          ],
          [
            0.262484,
            0.010787,
            -0.291584
          ],
          [
            -0.032505,
            -0.024515,
            -0.066431
          ],
          [
            -0.262889,
            -0.007762,
            -0.555253
          ],
          [
            0.008805,
            0.021689,
            -0.13402
          ],
          [
            0.007127,
            -0.032834,
            -0.139849
          ],
          [
            -0.015623,
            0.266268,
            -0.405118
          ],
          [
            -0.016861,
            -0.279709,
            -0.335483
          ],
          [
            0.023629,
            -0.020284,
            -7e-06
          ],
          [
            0.03479,
            0.018517,
            -0.020361
          ],
          [
            -0.06131,
            0.201582,
            -0.589327
          ],
          [
            -0.079659,
            -0.139377,
            -0.038978
          ],
          [
            0.074041,
            0.012435,
            0.014741
          ],
          [
            -0.073486,
            -0.009842,
            -0.05424
          ],
          [
            -0.05209,
            -0.043077,
            -0.030742
          ],
          [
            0.034032,
            0.163176,
            -0.638709
          ],
          [
            0.113681,
            -0.090557,
            -0.616739
          ],
          [
            0.341458,
            -0.007465,
            -0.024935
          ],
          [
            -0.009039,
            0.175515,
            -0.138036
          ],
          [
            -0.05891,
            0.419366,
            0.522556
          ],
          [
            -0.102019,
            0.089137,
            -0.04507
          ],
          [
            0.030776,
            -0.030743,
            -0.021695
          ],
          [
            -0.219348,
            0.099025,
            0.547308
          ],
          [
            -0.004809,
            -0.379788,
            0.004096
          ],
          [
            -0.008846,
            -0.020894,
            -0.170472
          ],
          [
            0.002185,
            0.020314,
            -0.157985
          ],
          [
            0.009394,
            -0.039964,
            -0.112902
          ],
          [
            -0.002465,
            0.04156,
            -0.09496
          ],
          [
            -0.01909,
            -0.00103,
            -0.176082
          ],
          [
            -0.038834,
            0.000453,
            -0.102091
          ],
          [
            0.018614,
            0.010209,
            -0.172236
          ],
          [
            0.03804,
            -0.009554,
            -0.128378
          ],
          [
            0.014657,
            0.000446,
            0.002022
          ],
          [
            -0.076213,
            -0.024163,
            0.070547
          ],
          [
            -0.051421,
            0.036701,
            0.083279
          ],
          [
            0.098263,
            -0.095898,
            0.43768
          ],
          [
            -0.060263,
            -0.124661,
            0.001835
          ],
          [
            -0.093358,
            0.109337,
            0.069091
          ],
          [
            0.04482,
            -0.038998,
            0.009908
          ],
          [
            0.072819,
            -0.01122,
            0.024968
          ],
          [
            -0.095574,
            -0.047921,
            -0.0776
          ],
          [
            -0.027142,
            0.028378,
            0.048474
          ],
          [
            0.056287,
            -0.165432,
            0.039947
          ],
          [
            -0.016644,
            0.01523,
            -0.196869
          ],
          [
            -0.015583,
            0.034873,
            0.432763
          ],
          [
            -0.154558,
            -0.028027,
            -0.06682
          ],
          [
            0.023618,
            0.066308,
            -0.023666
          ],
          [
            0.148995,
            -0.053,
            0.30695
          ],
          [
            0.085265,
            0.045633,
            0.089192
          ],
          [
            -0.132361,
            0.013297,
            0.044129
          ],
          [
            -0.091247,
            -0.054944,
            -0.030539
          ],
          [
            0.17337,
            -0.060603,
            -0.125667
          ],
          [
            0.071068,
            -0.163237,
            0.076514
          ],
          [
            0.105006,
            0.096158,
            0.095924
          ],
          [
            -0.16446,
            0.228788,
            -0.18821
          ],
          [
            -0.055396,
            -0.101172,
            -0.01431
          ],
          [
            -0.999865,
            -1.181228,
            0.45836
          ],
          [
            1.089283,
            0.966524,
            0.571033
          ]
        ],
        "Lattice": [
          [
            8.33,
            0.0,
            0.0
          ],
          [
            0.0,
            8.33,
            0.0
          ],
          [
            0.0,
            0.0,
            20.227360776
          ]
        ],
        "NumAtoms": 66,
        "Positions": [
          [
            0.0,
            0.0,
            0.0
          ],
          [
            0.0,
            4.165,
            0.0
          ],
          [
            4.165,
            0.0,
            0.0
          ],
          [
            4.165,
            4.165,
            0.0
          ],
          [
            2.0825,
            2.0825,
            0.0
          ],
          [
            2.0825,
            6.2475,
            0.0
          ],
          [
            6.2475,
            2.0825,
            0.0
          ],
          [
            6.2475,
            6.2475,
            0.0
          ],
          [
            0.0,
            2.0825,
            2.0825
          ],
          [
            0.0,
            6.2475,
            2.0825
          ],
          [
            4.165,
            2.0825,
            2.0825
          ],
          [
            4.165,
            6.2475,
            2.0825
          ],
          [
            2.0825,
            0.0,
            2.0825
          ],
          [
            2.0825,
            4.165,
            2.0825
          ],
          [
            6.2475,
            0.0,
            2.0825
          ],
          [
            6.2475,
            4.165,
            2.0825
          ],
          [
            0.01843,
            0.03315,
            4.19341
          ],
          [
            0.01739,
            4.13612,
            4.19583
          ],
          [
            4.13974,
            0.00394,
            4.20081
          ],
          [
            4.14288,
            4.1475,
            4.19714
          ],
          [
            2.06652,
            2.07642,
            4.18778
          ],
          [
            2.0971,
            6.24856,
            4.19289
          ],
          [
            6.24872,
            2.07916,
            4.19982
          ],
          [
            6.22704,
            6.25272,
            4.25045
          ],
          [
            8.30097,
            2.07143,
            6.34225
          ],
          [
            0.01842,
            6.25554,
            6.28083
          ],
          [
            4.1456,
            2.0441,
            6.25896
          ],
          [
            4.16178,
            6.25468,
            6.39775
          ],
          [
            2.08076,
            8.31053,
            6.23922
          ],
          [
            2.07589,
            4.15456,
            6.24338
          ],
          [
            6.20366,
            8.31179,
            6.31618
          ],
          [
            6.22328,
            4.12678,
            6.2696
          ],
          [
            2.0825,
            0.0,
            0.0
          ],
          [
            2.0825,
            4.165,
            0.0
          ],
          [
            6.2475,
            0.0,
            0.0
          ],
          [
            6.2475,
            4.165,
            0.0
          ],
          [
            0.0,
            2.0825,
            0.0
          ],
          [
            0.0,
            6.2475,
            0.0
          ],
          [
            4.165,
            2.0825,
            0.0
          ],
          [
            4.165,
            6.2475,
            0.0
          ],
          [
            2.0825,
            2.0825,
            2.0825
          ],
          [
            2.0825,
            6.2475,
            2.0825
          ],
          [
            6.2475,
            2.0825,
            2.0825
          ],
          [
            6.2475,
            6.2475,
            2.0825
          ],
          [
            0.0,
            0.0,
            2.0825
          ],
          [
            0.0,
            4.165,
            2.0825
          ],
          [
            4.165,
            0.0,
            2.0825
          ],
          [
            4.165,
            4.165,
            2.0825
          ],
          [
            2.07656,
            -0.00587,
            4.16165
          ],
          [
            2.07885,
            4.16697,
            4.16417
          ],
          [
            6.25345,
            -0.03249,
            4.13915
          ],
          [
            6.24861,
            4.19485,
            4.17337
          ],
          [
            8.31503,
            2.08512,
            4.12929
          ],
          [
            8.30388,
            6.24694,
            4.1718
          ],
          [
            4.16809,
            2.08538,
            4.17197
          ],
          [
            4.19385,
            6.22844,
            4.10333
          ],
          [
            2.04086,
            2.08153,
            6.24951
          ],
          [
            2.0699,
            6.2232,
            6.23537
          ],
          [
            6.25121,
            2.10565,
            6.25395
          ],
          [
            6.27985,
            6.16329,
            6.10874
          ],
          [
            0.0001,
            0.00699,
            6.23477
          ],
          [
            8.30094,
            4.15141,
            6.25554
          ],
          [
            4.10398,
            0.01929,
            6.14048
          ],
          [
            4.16578,
            4.14909,
            6.25355
          ],
          [
            4.75387,
            6.89375,
            8.18033
          ],
          [
            5.75141,
            7.76286,
            8.11513
          ]
        ],
        "Stress": [
          [
            -50.38556,
            -0.06925,
            0.15915
          ],
          [
            -0.06925,
            -50.34417,
            -0.37266
          ],
          [
            0.15915,
            -0.37266,
            -22.68346
          ]
        ],
        "computation_code": "VASP",
        "pseudopotential_information": [
          [
            "PAW_PBE",
            "Ni",
            "02Aug2007"
          ],
          [
            "PAW_PBE",
            "Ti_sv",
            "26Sep2005"
          ],
          [
            "PAW_PBE",
            "O",
            "08Apr2002"
          ]
        ]
      }
    ],
    "EnergyStyle": "electronvolt",
    "ForcesStyle": "electronvoltperangstrom",
    "LatticeStyle": "angstrom",
    "PositionsStyle": "angstrom",
    "StressStyle": "kB"
  }
}