{
  "Dataset": {
    "AtomTypeStyle": "chemicalsymbol",
    "Data": [
      {
        "AtomTypes": [
          "Ni",
          "Ni",
          "Ni",
          "Ni",
          "Ni",
          "Ni",
          "Ni",
          "Ni",
          "Ni",
          "Ni",
          "Ni",
          "Ni",
          "Ni",
          "Ni",
          "Ni",
          "Ni",
          "Ni",
          "Ni",
          "Ni",
          "Ni",
          "Ni",
          "Ni",
          "Ni",
          "Ti",
          "Ni",
          "Ni",
          "Ni",
          "Ni",
          "Ni",
          "Ni",
          "Ni",
          "Ni",
          "O",
          "O",
          "O",
          "O",
          "O",
          "O",
          "O",
          "O",
          "O",
          "O",
          "O",
          "O",
          "O",
          "O",
          "O",
          "O",
          "O",
          "O",
          "O",
          "O",
          "O",
          "O",
          "O",
          "O",
          "O",
          "O",
          "O",
          "O",
          "O",
          "O",
          "O",
          "O"
        ],
        "Energy": -345.46781538,
        "Forces": [
          [
            0.02496,
            0.027733,
            0.372349
          ],
          [
            0.027435,
            0.000931,
            0.351839
          ],
          [
            0.002951,
            0.034013,
            0.352738
          ],
          [
            0.000367,
            -0.005396,
            0.337685
          ],
          [
            0.007728,
            0.004887,
            0.352893
          ],
          [
            0.00055,
            0.023406,
            0.337137
          ],
          [
            0.020668,
            0.001438,
            0.346405
          ],
          [
            0.022986,
            0.024297,
            0.28406
          ],
          [
            -0.007601,
            -0.03406,
            -0.056732
          ],
          [
            0.051003,
            0.019348,
            -0.673896
          ],
          [
            -0.005298,
            -0.034541,
            -0.170432
          ],
          [
            -0.049575,
            0.011988,
            -0.204256
          ],
          [
            -0.036015,
            0.003428,
            -0.170518
          ],
          [
            -0.037341,
            -0.019719,
            -0.128698
          ],
          [
            0.017738,
            0.100433,
            -0.900228
          ],
          [
            0.010411,
            -0.052446,
            -0.272613
          ],
          [
            -0.027749,
            0.072773,
            -0.137636
          ],
          [
            0.079805,
            -0.08648,
            -0.061155
          ],
          [
            0.040521,
            -0.052609,
            -0.101436
          ],
          [
            -0.03619,
            0.046354,
            -0.025117
          ],
          [
            -0.082436,
            0.014264,
            -0.20366
          ],
          [
            -0.049832,
            0.012732,
            -0.025406
          ],
          [
            0.078833,
            -0.054084,
            -0.127206
          ],
          [
            0.079085,
            0.039336,
            0.238141
          ],
          [
            -0.120336,
            0.109468,
            0.343076
          ],
          [
            -0.13122,
            0.007686,
            0.061979
          ],
          [
            0.049188,
            0.04306,
            -0.10557
          ],
          [
            -0.004621,
            -0.125278,
            0.086194
          ],
          [
            0.024167,
            -0.129943,
            -0.063531
          ],
          [
            0.02023,
            0.116102,
            -0.09623
          ],
          [
            0.054799,
            -0.131611,
            -0.04179
          ],
          [
            -0.023261,
            -0.056595,
            -0.074113
          ],
          [
            0.01139,
            -0.010474,
            -0.210217
          ],
          [
            0.009796,
            0.009762,
            -0.192561
          ],
          [
            -0.010449,
            -0.007552,
            -0.207132
          ],
          [
            -0.009889,
            0.013027,
            -0.170885
          ],
          [
            -0.006464,
            0.011903,
            -0.196353
          ],
          [
            -9e-06,
            -0.011142,
            -0.192756
          ],
          [
            0.005547,
            0.010899,
            -0.189223
          ],
          [
            0.007848,
            -0.010632,
            -0.151291
          ],
          [
            -0.018138,
            0.015001,
            0.08976
          ],
          [
            0.074746,
            -0.047813,
            0.190849
          ],
          [
            -0.011469,
            0.085716,
            0.175732
          ],
          [
            -0.235898,
            -0.198655,
            0.33948
          ],
          [
            0.045382,
            0.03846,
            0.032331
          ],
          [
            -0.045695,
            -0.059911,
            0.054682
          ],
          [
            -0.076955,
            -0.084128,
            0.051299
          ],
          [
            0.014316,
            0.059237,
            0.082279
          ],
          [
            0.013184,
            0.045991,
            0.161041
          ],
          [
            0.010675,
            -0.031763,
            0.080869
          ],
          [
            0.005494,
            -0.047804,
            0.356485
          ],
          [
            0.025521,
            0.14185,
            0.114259
          ],
          [
            0.031321,
            -0.021329,
            -0.286877
          ],
          [
            0.170273,
            0.041223,
            -0.138219
          ],
          [
            -0.010341,
            0.038519,
            0.105124
          ],
          [
            0.10396,
            0.061963,
            -0.282415
          ],
          [
            -0.04537,
            0.014035,
            0.002161
          ],
          [
            -0.205519,
            -0.028172,
            0.04006
          ],
          [
            0.064101,
            -0.39584,
            0.051656
          ],
          [
            0.116129,
            0.398814,
            0.214993
          ],
          [
            -0.366421,
            -0.073618,
            0.141952
          ],
          [
            -0.098624,
            0.087222,
            0.037177
          ],
          [
            0.361688,
            -0.073037,
            0.07753
          ],
          [
            0.067917,
            0.097332,
            -0.006063
          ]
        ],
        "Lattice": [
          [
            8.33,
            0.0,
            0.0
          ],
          [
            0.0,
            8.33,
            0.0
          ],
          [
            0.0,
            0.0,
            20.227360776
          ]
        ],
        "NumAtoms": 64,
        "Positions": [
          [
            0.0,
            0.0,
            0.0
          ],
          [
            0.0,
            4.165,
            0.0
          ],
          [
            4.165,
            0.0,
            0.0
          ],
          [
            4.165,
            4.165,
            0.0
          ],
          [
            2.0825,
            2.0825,
            0.0
          ],
          [
            2.0825,
            6.2475,
            0.0
          ],
          [
            6.2475,
            2.0825,
            0.0
          ],
          [
            6.2475,
            6.2475,
            0.0
          ],
          [
            0.0,
            2.0825,
            2.0825
          ],
          [
            0.0,
            6.2475,
            2.0825
          ],
          [
            4.165,
            2.0825,
            2.0825
          ],
          [
            4.165,
            6.2475,
            2.0825
          ],
          [
            2.0825,
            0.0,
            2.0825
          ],
          [
            2.0825,
            4.165,
            2.0825
          ],
          [
            6.2475,
            0.0,
            2.0825
          ],
          [
            6.2475,
            4.165,
            2.0825
          ],
          [
            0.0271,
            0.01516,
            4.22762
          ],
          [
            0.00505,
            4.15418,
            4.21093
          ],
          [
            4.13672,
            0.02163,
            4.21172
          ],
          [
            4.14955,
            4.14129,
            4.20002
          ],
          [
            2.08955,
            2.08211,
            4.20262
          ],
          [
            2.07236,
            6.24225,
            4.21106
          ],
          [
            6.23603,
            2.07706,
            4.21543
          ],
          [
            6.31736,
            6.34021,
            4.35403
          ],
          [
            0.00127,
            2.05014,
            6.21678
          ],
          [
            0.03934,
            6.25437,
            6.44846
          ],
          [
            4.15156,
            2.05676,
            6.26116
          ],
          [
            4.10379,
            6.25597,
            6.2679
          ],
          [
            2.05979,
            -0.00096,
            6.26265
          ],
          [
            2.05654,
            4.14501,
            6.25801
          ],
          [
            6.255,
            0.02616,
            6.46541
          ],
          [
            6.25127,
            4.10927,
            6.28142
          ],
          [
            2.0825,
            0.0,
            0.0
          ],
          [
            2.0825,
            4.165,
            0.0
          ],
          [
            6.2475,
            0.0,
            0.0
          ],
          [
            6.2475,
            4.165,
            0.0
          ],
          [
            0.0,
            2.0825,
            0.0
          ],
          [
            0.0,
            6.2475,
            0.0
          ],
          [
            4.165,
            2.0825,
            0.0
          ],
          [
            4.165,
            6.2475,
            0.0
          ],
          [
            2.0825,
            2.0825,
            2.0825
          ],
          [
            2.0825,
            6.2475,
            2.0825
          ],
          [
            6.2475,
            2.0825,
            2.0825
          ],
          [
            6.2475,
            6.2475,
            2.0825
          ],
          [
            0.0,
            0.0,
            2.0825
          ],
          [
            0.0,
            4.165,
            2.0825
          ],
          [
            4.165,
            0.0,
            2.0825
          ],
          [
            4.165,
            4.165,
            2.0825
          ],
          [
            2.0788,
            -0.0242,
            4.14365
          ],
          [
            2.07825,
            4.18209,
            4.15877
          ],
          [
            6.23934,
            -0.0821,
            4.04021
          ],
          [
            6.23761,
            4.24626,
            4.15222
          ],
          [
            8.31017,
            2.08337,
            4.1803
          ],
          [
            8.21701,
            6.23975,
            4.07762
          ],
          [
            4.17638,
            2.07609,
            4.15418
          ],
          [
            4.24637,
            6.24124,
            4.19313
          ],
          [
            2.09903,
            2.08827,
            6.24918
          ],
          [
            2.14635,
            6.22387,
            6.24112
          ],
          [
            6.21317,
            2.15764,
            6.24086
          ],
          [
            6.15213,
            6.12377,
            6.20788
          ],
          [
            0.07368,
            0.04268,
            6.23806
          ],
          [
            0.00325,
            4.09735,
            6.24742
          ],
          [
            4.0749,
            0.00179,
            6.24903
          ],
          [
            4.13795,
            4.13534,
            6.26164
          ]
        ],
        "Stress": [
          [
            -49.95083,
            -0.02657,
            -0.34882
          ],
          [
            -0.02657,
            -50.4762,
            -0.41368
          ],
          [
            -0.34882,
            -0.41368,
            -24.38453
          ]
        ],
        "computation_code": "VASP",
        "pseudopotential_information": [
          [
            "PAW_PBE",
            "Ni",
            "02Aug2007"
          ],
          [
            "PAW_PBE",
            "Ti_sv",
            "26Sep2005"
          ],
          [
            "PAW_PBE",
            "O",
            "08Apr2002"
          ]
        ]
      }
    ],
    "EnergyStyle": "electronvolt",
    "ForcesStyle": "electronvoltperangstrom",
    "LatticeStyle": "angstrom",
    "PositionsStyle": "angstrom",
    "StressStyle": "kB"
  }
}