{
  "Dataset": {
    "AtomTypeStyle": "chemicalsymbol",
    "Data": [
      {
        "AtomTypes": [
          "Ni",
          "Ni",
          "Ni",
          "Ni",
          "Ni",
          "Ni",
          "Ni",
          "Ni",
          "Ni",
          "Ni",
          "Ni",
          "Ni",
          "Ni",
          "Ni",
          "Ni",
          "Ni",
          "Ni",
          "Ni",
          "Ni",
          "Ni",
          "Ni",
          "Ni",
          "Ni",
          "Ni",
          "Ni",
          "Ni",
          "Ni",
          "Ni",
          "Ni",
          "Ni",
          "Ni",
          "Ti",
          "O",
          "O",
          "O",
          "O",
          "O",
          "O",
          "O",
          "O",
          "O",
          "O",
          "O",
          "O",
          "O",
          "O",
          "O",
          "O",
          "O",
          "O",
          "O",
          "O",
          "O",
          "O",
          "O",
          "O",
          "O",
          "O",
          "O",
          "O",
          "O",
          "O",
          "O",
          "O",
          "O"
        ],
        "Energy": -354.31279676,
        "Forces": [
          [
            0.006847,
            0.00956,
            0.336721
          ],
          [
            -0.001681,
            0.019377,
            0.355152
          ],
          [
            0.022389,
            0.019682,
            0.339643
          ],
          [
            0.029923,
            0.009522,
            0.352208
          ],
          [
            0.019682,
            0.022389,
            0.339643
          ],
          [
            0.00956,
            0.006847,
            0.336721
          ],
          [
            0.009522,
            0.029923,
            0.352208
          ],
          [
            0.019377,
            -0.001681,
            0.355152
          ],
          [
            -0.023445,
            0.017148,
            -0.192845
          ],
          [
            -0.034175,
            -0.034175,
            -0.130677
          ],
          [
            0.011111,
            0.011111,
            -0.130269
          ],
          [
            0.017148,
            -0.023445,
            -0.192845
          ],
          [
            -0.001103,
            -0.001103,
            -0.116821
          ],
          [
            -0.011634,
            -0.01201,
            -0.080826
          ],
          [
            -0.01201,
            -0.011634,
            -0.080826
          ],
          [
            0.000776,
            0.000776,
            -0.123275
          ],
          [
            0.0019,
            0.001246,
            0.004346
          ],
          [
            0.001502,
            0.002123,
            0.00189
          ],
          [
            0.000968,
            0.001376,
            0.004361
          ],
          [
            0.00054,
            0.000227,
            0.001027
          ],
          [
            0.001376,
            0.000968,
            0.004361
          ],
          [
            0.001246,
            0.0019,
            0.004346
          ],
          [
            0.000227,
            0.00054,
            0.001027
          ],
          [
            0.002123,
            0.001502,
            0.00189
          ],
          [
            0.002887,
            0.000555,
            0.000864
          ],
          [
            0.003479,
            0.003479,
            0.001426
          ],
          [
            -0.000491,
            -0.000491,
            0.00025
          ],
          [
            0.000555,
            0.002887,
            0.000864
          ],
          [
            0.001608,
            0.001608,
            0.00191
          ],
          [
            0.001331,
            0.001663,
            0.005558
          ],
          [
            0.001663,
            0.001331,
            0.005558
          ],
          [
            8.2e-05,
            8.2e-05,
            -0.054181
          ],
          [
            -0.001953,
            -0.001953,
            -0.172426
          ],
          [
            0.000872,
            0.000648,
            -0.182547
          ],
          [
            0.000648,
            0.000872,
            -0.182547
          ],
          [
            -0.00161,
            -0.00161,
            -0.228757
          ],
          [
            0.00921,
            -0.011575,
            -0.157984
          ],
          [
            0.011582,
            0.011582,
            -0.176599
          ],
          [
            -0.00941,
            -0.00941,
            -0.177935
          ],
          [
            -0.011575,
            0.00921,
            -0.157984
          ],
          [
            -0.004021,
            -0.022357,
            -0.024801
          ],
          [
            -0.020211,
            -0.002382,
            -0.027955
          ],
          [
            -0.018547,
            -0.133211,
            -0.064641
          ],
          [
            -0.003805,
            0.105234,
            -0.057806
          ],
          [
            -0.002382,
            -0.020211,
            -0.027955
          ],
          [
            0.105234,
            -0.003805,
            -0.057806
          ],
          [
            -0.022357,
            -0.004021,
            -0.024801
          ],
          [
            -0.133211,
            -0.018547,
            -0.064641
          ],
          [
            0.001089,
            0.001089,
            0.002564
          ],
          [
            0.001564,
            0.001779,
            -0.001193
          ],
          [
            0.001779,
            0.001564,
            -0.001193
          ],
          [
            0.000719,
            0.000719,
            -0.002121
          ],
          [
            0.00089,
            0.001808,
            0.000158
          ],
          [
            0.002196,
            0.002196,
            0.006925
          ],
          [
            0.00065,
            0.00065,
            0.00657
          ],
          [
            0.001808,
            0.00089,
            0.000158
          ],
          [
            -0.002441,
            0.004792,
            0.001037
          ],
          [
            0.004999,
            -0.002229,
            0.001021
          ],
          [
            0.005862,
            0.000736,
            0.000666
          ],
          [
            -0.003276,
            0.001013,
            0.002559
          ],
          [
            -0.002229,
            0.004999,
            0.001021
          ],
          [
            0.001013,
            -0.003276,
            0.002559
          ],
          [
            0.004792,
            -0.002441,
            0.001037
          ],
          [
            0.000736,
            0.005862,
            0.000666
          ],
          [
            -0.0019,
            -0.0019,
            0.060186
          ]
        ],
        "Lattice": [
          [
            8.33,
            0.0,
            0.0
          ],
          [
            0.0,
            8.33,
            0.0
          ],
          [
            0.0,
            0.0,
            20.227360776
          ]
        ],
        "NumAtoms": 65,
        "Positions": [
          [
            0.0,
            0.0,
            0.0
          ],
          [
            0.0,
            4.165,
            0.0
          ],
          [
            4.165,
            0.0,
            0.0
          ],
          [
            4.165,
            4.165,
            0.0
          ],
          [
            2.0825,
            2.0825,
            0.0
          ],
          [
            2.0825,
            6.2475,
            0.0
          ],
          [
            6.2475,
            2.0825,
            0.0
          ],
          [
            6.2475,
            6.2475,
            0.0
          ],
          [
            0.0,
            2.0825,
            2.0825
          ],
          [
            0.0,
            6.2475,
            2.0825
          ],
          [
            4.165,
            2.0825,
            2.0825
          ],
          [
            4.165,
            6.2475,
            2.0825
          ],
          [
            2.0825,
            0.0,
            2.0825
          ],
          [
            2.0825,
            4.165,
            2.0825
          ],
          [
            6.2475,
            0.0,
            2.0825
          ],
          [
            6.2475,
            4.165,
            2.0825
          ],
          [
            -0.00924,
            -0.00453,
            4.17024
          ],
          [
            -0.03042,
            4.15834,
            4.17603
          ],
          [
            4.1651,
            8.32441,
            4.174
          ],
          [
            4.18672,
            4.16159,
            4.17284
          ],
          [
            2.07691,
            2.0826,
            4.174
          ],
          [
            2.07797,
            6.23826,
            4.17024
          ],
          [
            6.24409,
            2.10422,
            4.17284
          ],
          [
            6.24084,
            6.21708,
            4.17603
          ],
          [
            0.01284,
            2.05833,
            6.225
          ],
          [
            0.00828,
            6.25578,
            6.22039
          ],
          [
            4.13801,
            2.05551,
            6.21897
          ],
          [
            4.14083,
            6.26034,
            6.225
          ],
          [
            2.07164,
            8.31914,
            6.22703
          ],
          [
            2.0751,
            4.15704,
            6.23034
          ],
          [
            6.23954,
            8.3226,
            6.23034
          ],
          [
            6.23818,
            4.15568,
            6.69615
          ],
          [
            2.0825,
            0.0,
            0.0
          ],
          [
            2.0825,
            4.165,
            0.0
          ],
          [
            6.2475,
            0.0,
            0.0
          ],
          [
            6.2475,
            4.165,
            0.0
          ],
          [
            0.0,
            2.0825,
            0.0
          ],
          [
            0.0,
            6.2475,
            0.0
          ],
          [
            4.165,
            2.0825,
            0.0
          ],
          [
            4.165,
            6.2475,
            0.0
          ],
          [
            2.0825,
            2.0825,
            2.0825
          ],
          [
            2.0825,
            6.2475,
            2.0825
          ],
          [
            6.2475,
            2.0825,
            2.0825
          ],
          [
            6.2475,
            6.2475,
            2.0825
          ],
          [
            0.0,
            0.0,
            2.0825
          ],
          [
            0.0,
            4.165,
            2.0825
          ],
          [
            4.165,
            0.0,
            2.0825
          ],
          [
            4.165,
            4.165,
            2.0825
          ],
          [
            2.07986,
            -0.00264,
            4.17347
          ],
          [
            2.07796,
            4.1605,
            4.18036
          ],
          [
            6.243,
            -0.00454,
            4.18036
          ],
          [
            6.24365,
            4.16115,
            4.12575
          ],
          [
            8.32697,
            2.07336,
            4.17777
          ],
          [
            -0.00144,
            6.24606,
            4.17247
          ],
          [
            4.1582,
            2.0757,
            4.17182
          ],
          [
            4.15586,
            6.24447,
            4.17777
          ],
          [
            2.07599,
            2.07974,
            6.26445
          ],
          [
            2.07479,
            6.23554,
            6.26092
          ],
          [
            6.24054,
            2.09993,
            6.24401
          ],
          [
            6.24058,
            6.21674,
            6.24725
          ],
          [
            8.31804,
            -0.00771,
            6.26092
          ],
          [
            -0.03076,
            4.15808,
            6.24725
          ],
          [
            4.16224,
            8.32349,
            6.26445
          ],
          [
            4.18243,
            4.15804,
            6.24401
          ],
          [
            6.23856,
            4.15606,
            8.33569
          ]
        ],
        "Stress": [
          [
            -54.21494,
            -0.19622,
            -0.08524
          ],
          [
            -0.19622,
            -54.21494,
            -0.08485
          ],
          [
            -0.08524,
            -0.08485,
            -26.80632
          ]
        ],
        "computation_code": "VASP",
        "pseudopotential_information": [
          [
            "PAW_PBE",
            "Ni",
            "02Aug2007"
          ],
          [
            "PAW_PBE",
            "Ti_sv",
            "26Sep2005"
          ],
          [
            "PAW_PBE",
            "O",
            "08Apr2002"
          ]
        ]
      }
    ],
    "EnergyStyle": "electronvolt",
    "ForcesStyle": "electronvoltperangstrom",
    "LatticeStyle": "angstrom",
    "PositionsStyle": "angstrom",
    "StressStyle": "kB"
  }
}