{
  "Dataset": {
    "AtomTypeStyle": "chemicalsymbol",
    "Data": [
      {
        "AtomTypes": [
          "Ni",
          "Ni",
          "Ni",
          "Ni",
          "Ni",
          "Ni",
          "Ni",
          "Ni",
          "Ni",
          "Ni",
          "Ni",
          "Ni",
          "Ni",
          "Ni",
          "Ni",
          "Ni",
          "Ni",
          "Ni",
          "Ni",
          "Ni",
          "Ni",
          "Ni",
          "Ni",
          "Ti",
          "Ni",
          "Ni",
          "Ni",
          "Ni",
          "Ni",
          "Ni",
          "Ni",
          "Ni",
          "O",
          "O",
          "O",
          "O",
          "O",
          "O",
          "O",
          "O",
          "O",
          "O",
          "O",
          "O",
          "O",
          "O",
          "O",
          "O",
          "O",
          "O",
          "O",
          "O",
          "O",
          "O",
          "O",
          "O",
          "O",
          "O",
          "O",
          "O",
          "O",
          "O",
          "O",
          "O",
          "O"
        ],
        "Energy": -351.97647899,
        "Forces": [
          [
            0.030786,
            0.031045,
            0.346614
          ],
          [
            0.032207,
            -0.001543,
            0.366885
          ],
          [
            -0.001196,
            0.032161,
            0.365779
          ],
          [
            -0.005585,
            -0.005985,
            0.34531
          ],
          [
            0.016058,
            0.016575,
            0.342271
          ],
          [
            0.016475,
            0.010941,
            0.351547
          ],
          [
            0.01156,
            0.016872,
            0.352912
          ],
          [
            0.019762,
            0.019247,
            0.268335
          ],
          [
            -0.056139,
            0.040356,
            -0.091655
          ],
          [
            0.196798,
            -0.030092,
            -0.241367
          ],
          [
            0.020315,
            -0.067849,
            -0.129388
          ],
          [
            -0.105588,
            0.020607,
            -0.459115
          ],
          [
            0.037813,
            -0.052326,
            -0.094335
          ],
          [
            -0.065622,
            0.018384,
            -0.134107
          ],
          [
            -0.028337,
            0.199783,
            -0.239745
          ],
          [
            0.025785,
            -0.108561,
            -0.450623
          ],
          [
            -0.001482,
            -0.009543,
            -0.015461
          ],
          [
            -0.017037,
            0.002577,
            -0.00721
          ],
          [
            -0.007186,
            -0.00727,
            0.001957
          ],
          [
            -0.005448,
            -0.007922,
            -0.014815
          ],
          [
            -0.006766,
            -0.011317,
            -6.2e-05
          ],
          [
            -0.014793,
            0.003492,
            -0.011499
          ],
          [
            0.002648,
            -0.009181,
            -0.01586
          ],
          [
            0.038424,
            0.007831,
            0.087911
          ],
          [
            0.007903,
            -0.003669,
            0.012413
          ],
          [
            -0.039709,
            -0.004502,
            -0.002147
          ],
          [
            -0.0141,
            -0.006993,
            -0.004514
          ],
          [
            0.020354,
            -0.03355,
            0.038922
          ],
          [
            -0.009439,
            0.002621,
            0.010673
          ],
          [
            -0.013601,
            -0.020174,
            -0.004837
          ],
          [
            -0.003329,
            -0.036939,
            0.004132
          ],
          [
            -0.020981,
            0.020871,
            0.030792
          ],
          [
            -0.008174,
            -0.004013,
            -0.195102
          ],
          [
            0.005887,
            0.003931,
            -0.203538
          ],
          [
            0.006016,
            -0.024774,
            -0.175218
          ],
          [
            -0.004996,
            0.015816,
            -0.176312
          ],
          [
            -0.003395,
            -0.008855,
            -0.195099
          ],
          [
            -0.024111,
            0.006541,
            -0.174961
          ],
          [
            0.003493,
            0.005511,
            -0.202387
          ],
          [
            0.015268,
            -0.004334,
            -0.175125
          ],
          [
            -0.035581,
            -0.036829,
            0.020506
          ],
          [
            0.014856,
            -0.001117,
            0.151641
          ],
          [
            -0.003189,
            0.012984,
            0.153309
          ],
          [
            0.134351,
            0.135255,
            0.236708
          ],
          [
            -0.018836,
            -0.017869,
            0.036396
          ],
          [
            -0.036109,
            0.001702,
            0.031026
          ],
          [
            0.002507,
            -0.037087,
            0.029868
          ],
          [
            -0.001318,
            -0.005051,
            -0.00912
          ],
          [
            -0.00103,
            -0.012404,
            -0.006842
          ],
          [
            -0.00864,
            -0.004156,
            -0.012676
          ],
          [
            -0.001417,
            -0.003169,
            -0.014484
          ],
          [
            -0.009047,
            -0.022475,
            -0.019913
          ],
          [
            -0.007023,
            0.001431,
            -0.007866
          ],
          [
            -0.001186,
            -0.003257,
            -0.011912
          ],
          [
            -0.006121,
            -0.004861,
            -0.01673
          ],
          [
            -0.048491,
            -0.00745,
            -0.004896
          ],
          [
            0.019755,
            0.017977,
            0.014579
          ],
          [
            -0.006415,
            -0.008661,
            -0.011253
          ],
          [
            -0.012094,
            -0.005028,
            -0.005438
          ],
          [
            -0.011102,
            -0.004455,
            -0.074324
          ],
          [
            0.011577,
            0.004513,
            0.016087
          ],
          [
            0.007815,
            -0.005242,
            0.023488
          ],
          [
            -0.003333,
            0.013093,
            0.016693
          ],
          [
            0.009544,
            0.011205,
            -0.02162
          ],
          [
            -0.040009,
            -0.034816,
            -0.025199
          ]
        ],
        "Lattice": [
          [
            8.33,
            0.0,
            0.0
          ],
          [
            0.0,
            8.33,
            0.0
          ],
          [
            0.0,
            0.0,
            20.227360776
          ]
        ],
        "NumAtoms": 65,
        "Positions": [
          [
            0.0,
            0.0,
            0.0
          ],
          [
            0.0,
            4.165,
            0.0
          ],
          [
            4.165,
            0.0,
            0.0
          ],
          [
            4.165,
            4.165,
            0.0
          ],
          [
            2.0825,
            2.0825,
            0.0
          ],
          [
            2.0825,
            6.2475,
            0.0
          ],
          [
            6.2475,
            2.0825,
            0.0
          ],
          [
            6.2475,
            6.2475,
            0.0
          ],
          [
            0.0,
            2.0825,
            2.0825
          ],
          [
            0.0,
            6.2475,
            2.0825
          ],
          [
            4.165,
            2.0825,
            2.0825
          ],
          [
            4.165,
            6.2475,
            2.0825
          ],
          [
            2.0825,
            0.0,
            2.0825
          ],
          [
            2.0825,
            4.165,
            2.0825
          ],
          [
            6.2475,
            0.0,
            2.0825
          ],
          [
            6.2475,
            4.165,
            2.0825
          ],
          [
            0.01636,
            0.01759,
            4.19893
          ],
          [
            0.00308,
            4.15803,
            4.22689
          ],
          [
            4.15887,
            0.00043,
            4.22533
          ],
          [
            4.1405,
            4.13866,
            4.19064
          ],
          [
            2.07232,
            2.07282,
            4.17407
          ],
          [
            2.13186,
            6.23978,
            4.21843
          ],
          [
            6.23967,
            2.13248,
            4.2208
          ],
          [
            6.18856,
            6.18691,
            4.30648
          ],
          [
            8.30792,
            2.10772,
            6.25023
          ],
          [
            0.06907,
            6.22382,
            6.27475
          ],
          [
            4.09624,
            2.02688,
            6.23362
          ],
          [
            4.0013,
            5.90698,
            6.98848
          ],
          [
            2.10406,
            8.30852,
            6.24903
          ],
          [
            2.03268,
            4.09945,
            6.23438
          ],
          [
            6.22567,
            0.06936,
            6.27417
          ],
          [
            5.88011,
            3.98675,
            7.01931
          ],
          [
            2.0825,
            0.0,
            0.0
          ],
          [
            2.0825,
            4.165,
            0.0
          ],
          [
            6.2475,
            0.0,
            0.0
          ],
          [
            6.2475,
            4.165,
            0.0
          ],
          [
            0.0,
            2.0825,
            0.0
          ],
          [
            0.0,
            6.2475,
            0.0
          ],
          [
            4.165,
            2.0825,
            0.0
          ],
          [
            4.165,
            6.2475,
            0.0
          ],
          [
            2.0825,
            2.0825,
            2.0825
          ],
          [
            2.0825,
            6.2475,
            2.0825
          ],
          [
            6.2475,
            2.0825,
            2.0825
          ],
          [
            6.2475,
            6.2475,
            2.0825
          ],
          [
            0.0,
            0.0,
            2.0825
          ],
          [
            0.0,
            4.165,
            2.0825
          ],
          [
            4.165,
            0.0,
            2.0825
          ],
          [
            4.165,
            4.165,
            2.0825
          ],
          [
            2.09132,
            -0.02758,
            4.16797
          ],
          [
            2.07317,
            4.17688,
            4.14978
          ],
          [
            6.25028,
            -0.03247,
            4.14501
          ],
          [
            6.24748,
            4.25694,
            4.12059
          ],
          [
            8.30146,
            2.09101,
            4.16893
          ],
          [
            8.29678,
            6.25105,
            4.14484
          ],
          [
            4.17725,
            2.0701,
            4.15169
          ],
          [
            4.2593,
            6.24616,
            4.11997
          ],
          [
            2.02769,
            2.02642,
            6.2215
          ],
          [
            2.11321,
            6.24175,
            6.29885
          ],
          [
            6.2385,
            2.11311,
            6.30332
          ],
          [
            6.41375,
            6.41449,
            6.05617
          ],
          [
            0.00888,
            0.01136,
            6.24902
          ],
          [
            0.05633,
            4.17167,
            6.2748
          ],
          [
            4.17101,
            0.04438,
            6.27769
          ],
          [
            4.02527,
            4.02535,
            6.16324
          ],
          [
            5.22508,
            5.23602,
            8.16907
          ]
        ],
        "Stress": [
          [
            -50.64098,
            3.10303,
            -0.88748
          ],
          [
            3.10303,
            -50.97553,
            -0.8626
          ],
          [
            -0.88748,
            -0.8626,
            -27.15141
          ]
        ],
        "computation_code": "VASP",
        "pseudopotential_information": [
          [
            "PAW_PBE",
            "Ni",
            "02Aug2007"
          ],
          [
            "PAW_PBE",
            "Ti_sv",
            "26Sep2005"
          ],
          [
            "PAW_PBE",
            "O",
            "08Apr2002"
          ]
        ]
      }
    ],
    "EnergyStyle": "electronvolt",
    "ForcesStyle": "electronvoltperangstrom",
    "LatticeStyle": "angstrom",
    "PositionsStyle": "angstrom",
    "StressStyle": "kB"
  }
}