{
  "Dataset": {
    "AtomTypeStyle": "chemicalsymbol",
    "Data": [
      {
        "AtomTypes": [
          "Ni",
          "Ni",
          "Ni",
          "Ni",
          "Ni",
          "Ni",
          "Ni",
          "Ni",
          "Ni",
          "Ni",
          "Ni",
          "Ni",
          "Ni",
          "Ni",
          "Ni",
          "Ni",
          "Ni",
          "Ni",
          "Ni",
          "Ni",
          "Ni",
          "Ni",
          "Ni",
          "Ni",
          "Ni",
          "Ni",
          "Ni",
          "Ni",
          "Ni",
          "Ni",
          "Ti",
          "O",
          "O",
          "O",
          "O",
          "O",
          "O",
          "O",
          "O",
          "O",
          "O",
          "O",
          "O",
          "O",
          "O",
          "O",
          "O",
          "O",
          "O",
          "O",
          "O",
          "O",
          "O",
          "O",
          "O",
          "O",
          "O",
          "O",
          "O",
          "O",
          "O",
          "O",
          "O"
        ],
        "Energy": -343.09737837,
        "Forces": [
          [
            0.039786,
            -0.001549,
            0.353744
          ],
          [
            0.054065,
            0.030567,
            0.305796
          ],
          [
            -0.011043,
            -0.015107,
            0.392283
          ],
          [
            -0.024636,
            0.043168,
            0.327082
          ],
          [
            0.029562,
            -0.009715,
            0.353688
          ],
          [
            0.04185,
            0.039702,
            0.390432
          ],
          [
            -0.001423,
            -0.023577,
            0.303854
          ],
          [
            -0.015391,
            0.053952,
            0.328153
          ],
          [
            0.082278,
            -0.086511,
            -0.129365
          ],
          [
            0.087671,
            0.066163,
            -0.092006
          ],
          [
            -0.081357,
            -0.103469,
            -0.096852
          ],
          [
            -0.117834,
            0.11957,
            -0.280076
          ],
          [
            0.053613,
            -0.063739,
            -0.021674
          ],
          [
            0.018815,
            0.057723,
            -0.146279
          ],
          [
            -0.070792,
            -0.036113,
            -0.15521
          ],
          [
            -0.047873,
            0.028016,
            -0.484277
          ],
          [
            0.004722,
            0.007187,
            -0.021351
          ],
          [
            0.011006,
            -0.004915,
            -0.048263
          ],
          [
            0.006333,
            -0.012974,
            -0.057634
          ],
          [
            -0.019521,
            -0.021853,
            0.09037
          ],
          [
            0.005452,
            -0.001971,
            -0.022764
          ],
          [
            0.02026,
            -0.011885,
            -0.054746
          ],
          [
            -0.012519,
            0.004798,
            -0.01245
          ],
          [
            -0.003267,
            0.027335,
            0.026278
          ],
          [
            -0.002317,
            -0.021245,
            -0.000413
          ],
          [
            -0.07977,
            0.011667,
            -0.034736
          ],
          [
            0.033543,
            0.221799,
            -0.016983
          ],
          [
            0.060164,
            -0.055823,
            0.240075
          ],
          [
            0.111654,
            0.003305,
            0.163513
          ],
          [
            -0.009761,
            -0.031485,
            0.173032
          ],
          [
            -0.295057,
            0.027747,
            0.12811
          ],
          [
            -0.023574,
            0.021927,
            -0.199148
          ],
          [
            -0.018032,
            -0.023232,
            -0.161038
          ],
          [
            0.02257,
            0.018507,
            -0.158474
          ],
          [
            0.018675,
            -0.019433,
            -0.066723
          ],
          [
            -0.0334,
            0.030526,
            -0.180861
          ],
          [
            -0.034658,
            -0.031367,
            -0.210583
          ],
          [
            0.030871,
            0.034499,
            -0.208535
          ],
          [
            0.035583,
            -0.037464,
            -0.288735
          ],
          [
            -0.051908,
            0.042821,
            0.02141
          ],
          [
            -0.184094,
            -0.066585,
            -0.033789
          ],
          [
            0.033735,
            0.115455,
            0.085794
          ],
          [
            0.143879,
            -0.118394,
            -0.070285
          ],
          [
            -0.070951,
            0.026892,
            0.023894
          ],
          [
            -0.134376,
            -0.058262,
            0.090528
          ],
          [
            0.040921,
            0.153439,
            -0.03567
          ],
          [
            0.107382,
            -0.1728,
            -0.083739
          ],
          [
            0.002832,
            -0.00485,
            -0.076299
          ],
          [
            -0.024801,
            -0.007889,
            -0.059739
          ],
          [
            0.020763,
            0.000922,
            -0.060413
          ],
          [
            0.04752,
            -0.013697,
            -0.089529
          ],
          [
            -0.015031,
            0.025874,
            -0.018966
          ],
          [
            0.007909,
            -0.013318,
            0.011645
          ],
          [
            0.011644,
            -0.018601,
            -0.019461
          ],
          [
            0.018083,
            0.004762,
            -0.040675
          ],
          [
            -0.01648,
            0.030692,
            0.002768
          ],
          [
            -0.072225,
            -0.03188,
            -0.010733
          ],
          [
            0.016517,
            0.066303,
            0.001636
          ],
          [
            0.066166,
            -0.119498,
            -0.017486
          ],
          [
            -0.034296,
            -0.021165,
            0.002046
          ],
          [
            -0.071214,
            0.021113,
            0.013596
          ],
          [
            0.0343,
            -0.009137,
            -0.011603
          ],
          [
            0.257478,
            -0.066928,
            -0.052161
          ]
        ],
        "Lattice": [
          [
            8.33,
            0.0,
            0.0
          ],
          [
            0.0,
            8.33,
            0.0
          ],
          [
            0.0,
            0.0,
            20.227360776
          ]
        ],
        "NumAtoms": 63,
        "Positions": [
          [
            0.0,
            0.0,
            0.0
          ],
          [
            0.0,
            4.165,
            0.0
          ],
          [
            4.165,
            0.0,
            0.0
          ],
          [
            4.165,
            4.165,
            0.0
          ],
          [
            2.0825,
            2.0825,
            0.0
          ],
          [
            2.0825,
            6.2475,
            0.0
          ],
          [
            6.2475,
            2.0825,
            0.0
          ],
          [
            6.2475,
            6.2475,
            0.0
          ],
          [
            0.0,
            2.0825,
            2.0825
          ],
          [
            0.0,
            6.2475,
            2.0825
          ],
          [
            4.165,
            2.0825,
            2.0825
          ],
          [
            4.165,
            6.2475,
            2.0825
          ],
          [
            2.0825,
            0.0,
            2.0825
          ],
          [
            2.0825,
            4.165,
            2.0825
          ],
          [
            6.2475,
            0.0,
            2.0825
          ],
          [
            6.2475,
            4.165,
            2.0825
          ],
          [
            0.00462,
            -0.01226,
            4.19574
          ],
          [
            0.03677,
            4.16549,
            4.17128
          ],
          [
            4.15103,
            8.28794,
            4.21575
          ],
          [
            4.11866,
            4.2092,
            4.15113
          ],
          [
            2.0891,
            2.07118,
            4.1956
          ],
          [
            2.12161,
            6.25796,
            4.21666
          ],
          [
            6.24182,
            2.03762,
            4.16735
          ],
          [
            6.1987,
            6.28441,
            4.15497
          ],
          [
            0.02532,
            2.03764,
            6.23222
          ],
          [
            0.01565,
            6.24449,
            6.22721
          ],
          [
            4.14745,
            2.04557,
            6.22155
          ],
          [
            2.17434,
            8.21716,
            6.29428
          ],
          [
            2.1367,
            4.23012,
            6.27838
          ],
          [
            6.16097,
            8.2493,
            6.27566
          ],
          [
            6.16775,
            4.23761,
            6.11391
          ],
          [
            2.0825,
            0.0,
            0.0
          ],
          [
            2.0825,
            4.165,
            0.0
          ],
          [
            6.2475,
            0.0,
            0.0
          ],
          [
            6.2475,
            4.165,
            0.0
          ],
          [
            0.0,
            2.0825,
            0.0
          ],
          [
            0.0,
            6.2475,
            0.0
          ],
          [
            4.165,
            2.0825,
            0.0
          ],
          [
            4.165,
            6.2475,
            0.0
          ],
          [
            2.0825,
            2.0825,
            2.0825
          ],
          [
            2.0825,
            6.2475,
            2.0825
          ],
          [
            6.2475,
            2.0825,
            2.0825
          ],
          [
            6.2475,
            6.2475,
            2.0825
          ],
          [
            0.0,
            0.0,
            2.0825
          ],
          [
            0.0,
            4.165,
            2.0825
          ],
          [
            4.165,
            0.0,
            2.0825
          ],
          [
            4.165,
            4.165,
            2.0825
          ],
          [
            2.07419,
            0.00381,
            4.18024
          ],
          [
            2.08029,
            4.16137,
            4.18637
          ],
          [
            6.24507,
            -0.00343,
            4.18628
          ],
          [
            6.23152,
            4.17215,
            4.21391
          ],
          [
            8.31388,
            2.09362,
            4.16213
          ],
          [
            8.28826,
            6.22591,
            4.14964
          ],
          [
            4.18188,
            2.11781,
            4.14972
          ],
          [
            4.17526,
            6.23151,
            4.06877
          ],
          [
            2.0681,
            2.12,
            6.26789
          ],
          [
            1.93611,
            6.20684,
            6.26232
          ],
          [
            6.29218,
            2.18936,
            6.28072
          ],
          [
            6.34461,
            6.09994,
            6.30368
          ],
          [
            8.27685,
            -0.0005,
            6.26874
          ],
          [
            8.21207,
            4.10404,
            6.2831
          ],
          [
            4.18883,
            0.13197,
            6.26428
          ],
          [
            4.29664,
            4.05221,
            6.30248
          ]
        ],
        "Stress": [
          [
            -47.86271,
            -0.77663,
            -0.00694
          ],
          [
            -0.77663,
            -47.52411,
            -0.18625
          ],
          [
            -0.00694,
            -0.18625,
            -24.82879
          ]
        ],
        "computation_code": "VASP",
        "pseudopotential_information": [
          [
            "PAW_PBE",
            "Ni",
            "02Aug2007"
          ],
          [
            "PAW_PBE",
            "Ti_sv",
            "26Sep2005"
          ],
          [
            "PAW_PBE",
            "O",
            "08Apr2002"
          ]
        ]
      }
    ],
    "EnergyStyle": "electronvolt",
    "ForcesStyle": "electronvoltperangstrom",
    "LatticeStyle": "angstrom",
    "PositionsStyle": "angstrom",
    "StressStyle": "kB"
  }
}