{
  "Dataset": {
    "AtomTypeStyle": "chemicalsymbol",
    "Data": [
      {
        "AtomTypes": [
          "Ni",
          "Ni",
          "Ni",
          "Ni",
          "Ni",
          "Ni",
          "Ni",
          "Ni",
          "Ni",
          "Ni",
          "Ni",
          "Ni",
          "Ni",
          "Ni",
          "Ni",
          "Ni",
          "Ni",
          "Ni",
          "Ni",
          "Ni",
          "Ni",
          "Ni",
          "Ni",
          "Ni",
          "Ni",
          "Ni",
          "Ni",
          "Ni",
          "Ni",
          "Ni",
          "Ni",
          "Ti",
          "O",
          "O",
          "O",
          "O",
          "O",
          "O",
          "O",
          "O",
          "O",
          "O",
          "O",
          "O",
          "O",
          "O",
          "O",
          "O",
          "O",
          "O",
          "O",
          "O",
          "O",
          "O",
          "O",
          "O",
          "O",
          "O",
          "O",
          "O",
          "O",
          "O",
          "O",
          "O",
          "O"
        ],
        "Energy": -354.3124494,
        "Forces": [
          [
            0.006807,
            0.009473,
            0.336447
          ],
          [
            -0.001584,
            0.019119,
            0.353586
          ],
          [
            0.022107,
            0.019487,
            0.339316
          ],
          [
            0.029476,
            0.00942,
            0.350798
          ],
          [
            0.019487,
            0.022107,
            0.339316
          ],
          [
            0.009473,
            0.006807,
            0.336447
          ],
          [
            0.00942,
            0.029476,
            0.350798
          ],
          [
            0.019119,
            -0.001584,
            0.353586
          ],
          [
            -0.02099,
            0.013364,
            -0.197054
          ],
          [
            -0.031877,
            -0.031877,
            -0.133725
          ],
          [
            0.008054,
            0.008054,
            -0.132264
          ],
          [
            0.013364,
            -0.02099,
            -0.197054
          ],
          [
            -0.001835,
            -0.001835,
            -0.112707
          ],
          [
            -0.011707,
            -0.012687,
            -0.087931
          ],
          [
            -0.012687,
            -0.011707,
            -0.087931
          ],
          [
            -0.000137,
            -0.000137,
            -0.133912
          ],
          [
            0.003417,
            0.004035,
            -0.014568
          ],
          [
            -0.005699,
            0.001632,
            0.004686
          ],
          [
            0.000572,
            -0.001425,
            -0.014475
          ],
          [
            0.008783,
            0.00166,
            0.003266
          ],
          [
            -0.001425,
            0.000572,
            -0.014475
          ],
          [
            0.004035,
            0.003417,
            -0.014568
          ],
          [
            0.00166,
            0.008783,
            0.003266
          ],
          [
            0.001632,
            -0.005699,
            0.004686
          ],
          [
            -0.003439,
            0.007245,
            0.013067
          ],
          [
            -0.002147,
            -0.002147,
            0.011008
          ],
          [
            0.007599,
            0.007599,
            0.01035
          ],
          [
            0.007245,
            -0.003439,
            0.013067
          ],
          [
            0.001025,
            0.001025,
            -0.013811
          ],
          [
            0.002761,
            0.002643,
            -0.002926
          ],
          [
            0.002643,
            0.002761,
            -0.002926
          ],
          [
            -0.001542,
            -0.001542,
            -0.014206
          ],
          [
            -0.002102,
            -0.002102,
            -0.173434
          ],
          [
            0.000638,
            0.000554,
            -0.183905
          ],
          [
            0.000554,
            0.000638,
            -0.183905
          ],
          [
            -0.001642,
            -0.001642,
            -0.229855
          ],
          [
            0.008589,
            -0.011137,
            -0.158911
          ],
          [
            0.010893,
            0.010893,
            -0.177194
          ],
          [
            -0.009038,
            -0.009038,
            -0.178592
          ],
          [
            -0.011137,
            0.008589,
            -0.158911
          ],
          [
            -0.002882,
            -0.024846,
            -0.021672
          ],
          [
            -0.022357,
            -0.001101,
            -0.024944
          ],
          [
            -0.020147,
            -0.134074,
            -0.069834
          ],
          [
            -0.002882,
            0.105167,
            -0.063123
          ],
          [
            -0.001101,
            -0.022357,
            -0.024944
          ],
          [
            0.105167,
            -0.002882,
            -0.063123
          ],
          [
            -0.024846,
            -0.002882,
            -0.021672
          ],
          [
            -0.134074,
            -0.020147,
            -0.069834
          ],
          [
            0.002589,
            0.002589,
            0.005168
          ],
          [
            0.001626,
            0.002514,
            0.019152
          ],
          [
            0.002514,
            0.001626,
            0.019152
          ],
          [
            0.001959,
            0.001959,
            0.012313
          ],
          [
            0.001933,
            0.001059,
            -0.001376
          ],
          [
            0.00446,
            0.00446,
            8.9e-05
          ],
          [
            -0.002572,
            -0.002572,
            -0.001826
          ],
          [
            0.001059,
            0.001933,
            -0.001376
          ],
          [
            0.004377,
            0.000862,
            0.007506
          ],
          [
            -0.001136,
            0.002287,
            0.008157
          ],
          [
            -0.002488,
            -0.005651,
            0.00741
          ],
          [
            0.00684,
            0.007056,
            0.00896
          ],
          [
            0.002287,
            -0.001136,
            0.008157
          ],
          [
            0.007056,
            0.00684,
            0.00896
          ],
          [
            0.000862,
            0.004377,
            0.007506
          ],
          [
            -0.005651,
            -0.002488,
            0.00741
          ],
          [
            -0.002956,
            -0.002956,
            0.039339
          ]
        ],
        "Lattice": [
          [
            8.33,
            0.0,
            0.0
          ],
          [
            0.0,
            8.33,
            0.0
          ],
          [
            0.0,
            0.0,
            20.227360776
          ]
        ],
        "NumAtoms": 65,
        "Positions": [
          [
            0.0,
            0.0,
            0.0
          ],
          [
            0.0,
            4.165,
            0.0
          ],
          [
            4.165,
            0.0,
            0.0
          ],
          [
            4.165,
            4.165,
            0.0
          ],
          [
            2.0825,
            2.0825,
            0.0
          ],
          [
            2.0825,
            6.2475,
            0.0
          ],
          [
            6.2475,
            2.0825,
            0.0
          ],
          [
            6.2475,
            6.2475,
            0.0
          ],
          [
            0.0,
            2.0825,
            2.0825
          ],
          [
            0.0,
            6.2475,
            2.0825
          ],
          [
            4.165,
            2.0825,
            2.0825
          ],
          [
            4.165,
            6.2475,
            2.0825
          ],
          [
            2.0825,
            0.0,
            2.0825
          ],
          [
            2.0825,
            4.165,
            2.0825
          ],
          [
            6.2475,
            0.0,
            2.0825
          ],
          [
            6.2475,
            4.165,
            2.0825
          ],
          [
            -0.00949,
            -0.00501,
            4.17161
          ],
          [
            -0.02992,
            4.15788,
            4.17425
          ],
          [
            4.16461,
            8.32425,
            4.17542
          ],
          [
            4.18561,
            4.16139,
            4.17134
          ],
          [
            2.07675,
            2.08211,
            4.17542
          ],
          [
            2.07749,
            6.23801,
            4.17161
          ],
          [
            6.24389,
            2.10311,
            4.17134
          ],
          [
            6.24038,
            6.21758,
            4.17425
          ],
          [
            0.01247,
            2.05758,
            6.22283
          ],
          [
            0.0078,
            6.2553,
            6.21847
          ],
          [
            4.13739,
            2.05489,
            6.21717
          ],
          [
            4.14008,
            6.25997,
            6.22283
          ],
          [
            2.07119,
            8.31869,
            6.22995
          ],
          [
            2.07458,
            4.15644,
            6.23024
          ],
          [
            6.23894,
            8.32208,
            6.23024
          ],
          [
            6.23814,
            4.15564,
            6.69097
          ],
          [
            2.0825,
            0.0,
            0.0
          ],
          [
            2.0825,
            4.165,
            0.0
          ],
          [
            6.2475,
            0.0,
            0.0
          ],
          [
            6.2475,
            4.165,
            0.0
          ],
          [
            0.0,
            2.0825,
            0.0
          ],
          [
            0.0,
            6.2475,
            0.0
          ],
          [
            4.165,
            2.0825,
            0.0
          ],
          [
            4.165,
            6.2475,
            0.0
          ],
          [
            2.0825,
            2.0825,
            2.0825
          ],
          [
            2.0825,
            6.2475,
            2.0825
          ],
          [
            6.2475,
            2.0825,
            2.0825
          ],
          [
            6.2475,
            6.2475,
            2.0825
          ],
          [
            0.0,
            0.0,
            2.0825
          ],
          [
            0.0,
            4.165,
            2.0825
          ],
          [
            4.165,
            0.0,
            2.0825
          ],
          [
            4.165,
            4.165,
            2.0825
          ],
          [
            2.07944,
            -0.00306,
            4.17493
          ],
          [
            2.0777,
            4.1601,
            4.17852
          ],
          [
            6.2426,
            -0.0048,
            4.17852
          ],
          [
            6.24331,
            4.16081,
            4.12376
          ],
          [
            8.32699,
            2.07269,
            4.17697
          ],
          [
            -0.00172,
            6.24578,
            4.17269
          ],
          [
            4.15796,
            2.07546,
            4.17225
          ],
          [
            4.15519,
            6.24449,
            4.17697
          ],
          [
            2.07511,
            2.07965,
            6.26449
          ],
          [
            2.0746,
            6.23455,
            6.26081
          ],
          [
            6.24075,
            2.09973,
            6.24128
          ],
          [
            6.23932,
            6.21624,
            6.24409
          ],
          [
            8.31705,
            -0.0079,
            6.26081
          ],
          [
            -0.03126,
            4.15682,
            6.24409
          ],
          [
            4.16215,
            8.32261,
            6.26449
          ],
          [
            4.18223,
            4.15825,
            6.24128
          ],
          [
            6.23949,
            4.15699,
            8.33101
          ]
        ],
        "Stress": [
          [
            -54.15308,
            -0.19128,
            -0.06873
          ],
          [
            -0.19128,
            -54.15308,
            -0.06832
          ],
          [
            -0.06873,
            -0.06832,
            -26.6285
          ]
        ],
        "computation_code": "VASP",
        "pseudopotential_information": [
          [
            "PAW_PBE",
            "Ni",
            "02Aug2007"
          ],
          [
            "PAW_PBE",
            "Ti_sv",
            "26Sep2005"
          ],
          [
            "PAW_PBE",
            "O",
            "08Apr2002"
          ]
        ]
      }
    ],
    "EnergyStyle": "electronvolt",
    "ForcesStyle": "electronvoltperangstrom",
    "LatticeStyle": "angstrom",
    "PositionsStyle": "angstrom",
    "StressStyle": "kB"
  }
}