{
  "Dataset": {
    "AtomTypeStyle": "chemicalsymbol",
    "Data": [
      {
        "AtomTypes": [
          "Ni",
          "Ni",
          "Ni",
          "Ni",
          "Ni",
          "Ni",
          "Ni",
          "Ni",
          "Ni",
          "Ni",
          "Ni",
          "Ni",
          "Ni",
          "Ni",
          "Ni",
          "Ni",
          "Ni",
          "Ni",
          "Ni",
          "Ni",
          "Ni",
          "Ni",
          "Ni",
          "Ti",
          "Ni",
          "Ni",
          "Ni",
          "Ni",
          "Ni",
          "Ni",
          "Ni",
          "Ni",
          "O",
          "O",
          "O",
          "O",
          "O",
          "O",
          "O",
          "O",
          "O",
          "O",
          "O",
          "O",
          "O",
          "O",
          "O",
          "O",
          "O",
          "O",
          "O",
          "O",
          "O",
          "O",
          "O",
          "O",
          "O",
          "O",
          "O",
          "O",
          "O",
          "O",
          "O",
          "O"
        ],
        "Energy": -345.14952288,
        "Forces": [
          [
            0.033503,
            0.03146,
            0.362231
          ],
          [
            0.030688,
            -0.002558,
            0.343757
          ],
          [
            -0.00555,
            0.036215,
            0.341519
          ],
          [
            -0.003678,
            -0.008932,
            0.334939
          ],
          [
            0.012371,
            0.007622,
            0.354391
          ],
          [
            0.0058,
            0.019991,
            0.329144
          ],
          [
            0.016076,
            0.008461,
            0.337875
          ],
          [
            0.009993,
            0.016206,
            0.229277
          ],
          [
            0.013138,
            -0.032224,
            0.03066
          ],
          [
            0.091111,
            0.018112,
            -0.369456
          ],
          [
            -0.031118,
            -0.02708,
            -0.137318
          ],
          [
            -0.120244,
            -0.00521,
            -0.287084
          ],
          [
            -0.036998,
            0.021016,
            -0.171906
          ],
          [
            -0.027627,
            -0.042566,
            -0.135039
          ],
          [
            0.020715,
            0.155148,
            -0.747999
          ],
          [
            0.003212,
            -0.118908,
            -0.20617
          ],
          [
            0.017737,
            -0.113918,
            -0.295088
          ],
          [
            -0.148559,
            0.07747,
            0.122833
          ],
          [
            -0.043296,
            -0.044821,
            -0.330565
          ],
          [
            0.162347,
            -0.007523,
            -0.006954
          ],
          [
            -0.042591,
            0.052602,
            -0.512607
          ],
          [
            -0.15462,
            0.030225,
            -0.055536
          ],
          [
            0.055309,
            0.143815,
            0.053312
          ],
          [
            0.445975,
            -0.647846,
            0.659942
          ],
          [
            -0.401031,
            0.370514,
            1.158616
          ],
          [
            -0.024334,
            -0.072375,
            0.529527
          ],
          [
            0.313099,
            0.299879,
            -0.048173
          ],
          [
            0.029203,
            -0.225021,
            -0.129675
          ],
          [
            -0.183981,
            -0.192221,
            -0.055295
          ],
          [
            -0.116107,
            0.17625,
            -0.041478
          ],
          [
            0.088011,
            -0.116198,
            0.261978
          ],
          [
            0.163629,
            -0.176865,
            -0.18841
          ],
          [
            0.010016,
            -0.013952,
            -0.209058
          ],
          [
            0.006301,
            0.012841,
            -0.195965
          ],
          [
            -0.00855,
            -0.011104,
            -0.182877
          ],
          [
            -0.006483,
            0.020082,
            -0.170057
          ],
          [
            -0.01148,
            0.008359,
            -0.176685
          ],
          [
            -0.008124,
            -0.00775,
            -0.169179
          ],
          [
            0.01075,
            0.005854,
            -0.185575
          ],
          [
            0.012633,
            -0.004788,
            -0.139601
          ],
          [
            -0.070577,
            0.011719,
            0.147569
          ],
          [
            0.052408,
            -0.048824,
            0.19007
          ],
          [
            0.043406,
            -0.007123,
            0.167768
          ],
          [
            -0.213189,
            -0.14745,
            0.254729
          ],
          [
            -0.027612,
            0.047748,
            0.056055
          ],
          [
            -0.034854,
            -0.062383,
            0.020114
          ],
          [
            -0.005545,
            -0.099712,
            0.105979
          ],
          [
            -0.000914,
            0.070178,
            0.060516
          ],
          [
            0.13962,
            0.093646,
            0.255148
          ],
          [
            0.112872,
            -0.10039,
            0.110728
          ],
          [
            -0.09938,
            0.624041,
            -0.174152
          ],
          [
            -0.06651,
            0.057599,
            0.055204
          ],
          [
            0.11604,
            -0.073538,
            -1.169949
          ],
          [
            0.230125,
            0.04996,
            -0.499282
          ],
          [
            -0.118632,
            -0.02005,
            0.069855
          ],
          [
            -0.404104,
            0.111546,
            -0.079016
          ],
          [
            0.065454,
            -0.032493,
            0.039399
          ],
          [
            0.713547,
            -0.007788,
            0.052509
          ],
          [
            -0.012312,
            -0.368766,
            -0.073321
          ],
          [
            -0.644637,
            0.453549,
            -0.120074
          ],
          [
            -0.150502,
            0.216278,
            0.145848
          ],
          [
            0.047988,
            -0.357196,
            -0.110095
          ],
          [
            0.246962,
            -0.388035,
            0.170921
          ],
          [
            -0.096898,
            0.337221,
            0.021227
          ]
        ],
        "Lattice": [
          [
            8.33,
            0.0,
            0.0
          ],
          [
            0.0,
            8.33,
            0.0
          ],
          [
            0.0,
            0.0,
            20.227360776
          ]
        ],
        "NumAtoms": 64,
        "Positions": [
          [
            0.0,
            0.0,
            0.0
          ],
          [
            0.0,
            4.165,
            0.0
          ],
          [
            4.165,
            0.0,
            0.0
          ],
          [
            4.165,
            4.165,
            0.0
          ],
          [
            2.0825,
            2.0825,
            0.0
          ],
          [
            2.0825,
            6.2475,
            0.0
          ],
          [
            6.2475,
            2.0825,
            0.0
          ],
          [
            6.2475,
            6.2475,
            0.0
          ],
          [
            0.0,
            2.0825,
            2.0825
          ],
          [
            0.0,
            6.2475,
            2.0825
          ],
          [
            4.165,
            2.0825,
            2.0825
          ],
          [
            4.165,
            6.2475,
            2.0825
          ],
          [
            2.0825,
            0.0,
            2.0825
          ],
          [
            2.0825,
            4.165,
            2.0825
          ],
          [
            6.2475,
            0.0,
            2.0825
          ],
          [
            6.2475,
            4.165,
            2.0825
          ],
          [
            0.02649,
            0.02343,
            4.23932
          ],
          [
            0.01265,
            4.14733,
            4.20448
          ],
          [
            4.13743,
            0.0244,
            4.22673
          ],
          [
            4.14101,
            4.13861,
            4.20177
          ],
          [
            2.08899,
            2.0788,
            4.2265
          ],
          [
            2.08443,
            6.24088,
            4.21007
          ],
          [
            6.23447,
            2.07361,
            4.21416
          ],
          [
            6.2795,
            6.35284,
            4.2891
          ],
          [
            0.0145,
            2.03423,
            6.17805
          ],
          [
            0.03676,
            6.25783,
            6.38603
          ],
          [
            4.13853,
            2.04127,
            6.26234
          ],
          [
            4.11298,
            6.26462,
            6.29879
          ],
          [
            2.06875,
            0.00507,
            6.2603
          ],
          [
            2.06372,
            4.13855,
            6.25705
          ],
          [
            6.24614,
            0.03377,
            6.39361
          ],
          [
            6.23926,
            4.123,
            6.29426
          ],
          [
            2.0825,
            0.0,
            0.0
          ],
          [
            2.0825,
            4.165,
            0.0
          ],
          [
            6.2475,
            0.0,
            0.0
          ],
          [
            6.2475,
            4.165,
            0.0
          ],
          [
            0.0,
            2.0825,
            0.0
          ],
          [
            0.0,
            6.2475,
            0.0
          ],
          [
            4.165,
            2.0825,
            0.0
          ],
          [
            4.165,
            6.2475,
            0.0
          ],
          [
            2.0825,
            2.0825,
            2.0825
          ],
          [
            2.0825,
            6.2475,
            2.0825
          ],
          [
            6.2475,
            2.0825,
            2.0825
          ],
          [
            6.2475,
            6.2475,
            2.0825
          ],
          [
            0.0,
            0.0,
            2.0825
          ],
          [
            0.0,
            4.165,
            2.0825
          ],
          [
            4.165,
            0.0,
            2.0825
          ],
          [
            4.165,
            4.165,
            2.0825
          ],
          [
            2.07195,
            -0.02689,
            4.13353
          ],
          [
            2.07298,
            4.18501,
            4.1543
          ],
          [
            6.24526,
            -0.10278,
            4.07878
          ],
          [
            6.24193,
            4.23024,
            4.14526
          ],
          [
            8.30427,
            2.08702,
            4.23372
          ],
          [
            8.21014,
            6.2393,
            4.12693
          ],
          [
            4.18054,
            2.07594,
            4.15535
          ],
          [
            4.26261,
            6.23436,
            4.18612
          ],
          [
            2.08824,
            2.086,
            6.25176
          ],
          [
            2.09584,
            6.22719,
            6.23848
          ],
          [
            6.21595,
            2.15884,
            6.24971
          ],
          [
            6.20475,
            6.11982,
            6.21812
          ],
          [
            0.066,
            0.02317,
            6.23051
          ],
          [
            0.00217,
            4.12666,
            6.25476
          ],
          [
            4.07644,
            0.02107,
            6.23834
          ],
          [
            4.14215,
            4.11483,
            6.26053
          ]
        ],
        "Stress": [
          [
            -48.04236,
            -0.09926,
            0.44388
          ],
          [
            -0.09926,
            -47.70808,
            -0.35313
          ],
          [
            0.44388,
            -0.35313,
            -23.43666
          ]
        ],
        "computation_code": "VASP",
        "pseudopotential_information": [
          [
            "PAW_PBE",
            "Ni",
            "02Aug2007"
          ],
          [
            "PAW_PBE",
            "Ti_sv",
            "26Sep2005"
          ],
          [
            "PAW_PBE",
            "O",
            "08Apr2002"
          ]
        ]
      }
    ],
    "EnergyStyle": "electronvolt",
    "ForcesStyle": "electronvoltperangstrom",
    "LatticeStyle": "angstrom",
    "PositionsStyle": "angstrom",
    "StressStyle": "kB"
  }
}