{
  "Dataset": {
    "AtomTypeStyle": "chemicalsymbol",
    "Data": [
      {
        "AtomTypes": [
          "Ni",
          "Ni",
          "Ni",
          "Ni",
          "Ni",
          "Ni",
          "Ni",
          "Ni",
          "Ni",
          "Ni",
          "Ni",
          "Ni",
          "Ni",
          "Ni",
          "Ni",
          "Ni",
          "Ni",
          "Ni",
          "Ni",
          "Ni",
          "Ni",
          "Ni",
          "Ni",
          "Ni",
          "Ni",
          "Ni",
          "Ni",
          "Ni",
          "Ni",
          "Ni",
          "Ti",
          "O",
          "O",
          "O",
          "O",
          "O",
          "O",
          "O",
          "O",
          "O",
          "O",
          "O",
          "O",
          "O",
          "O",
          "O",
          "O",
          "O",
          "O",
          "O",
          "O",
          "O",
          "O",
          "O",
          "O",
          "O",
          "O",
          "O",
          "O",
          "O",
          "O",
          "O",
          "O"
        ],
        "Energy": -343.10358105,
        "Forces": [
          [
            0.038916,
            -0.001729,
            0.353161
          ],
          [
            0.052858,
            0.030786,
            0.306921
          ],
          [
            -0.009728,
            -0.015534,
            0.390861
          ],
          [
            -0.023245,
            0.043441,
            0.328981
          ],
          [
            0.029355,
            -0.008843,
            0.352372
          ],
          [
            0.041964,
            0.038705,
            0.389245
          ],
          [
            -0.001029,
            -0.022376,
            0.304386
          ],
          [
            -0.014996,
            0.052866,
            0.330645
          ],
          [
            0.078685,
            -0.083478,
            -0.134377
          ],
          [
            0.082021,
            0.064114,
            -0.088425
          ],
          [
            -0.078467,
            -0.097832,
            -0.102076
          ],
          [
            -0.10815,
            0.108558,
            -0.293486
          ],
          [
            0.053414,
            -0.06518,
            -0.017175
          ],
          [
            0.021702,
            0.056741,
            -0.140613
          ],
          [
            -0.067679,
            -0.038467,
            -0.149495
          ],
          [
            -0.052889,
            0.034153,
            -0.472525
          ],
          [
            0.005008,
            0.000723,
            0.009589
          ],
          [
            0.009925,
            0.000958,
            -0.000231
          ],
          [
            0.00244,
            0.0005,
            0.004552
          ],
          [
            0.001314,
            -0.001077,
            0.000882
          ],
          [
            0.002832,
            0.000835,
            0.012242
          ],
          [
            0.001772,
            -0.004033,
            0.009443
          ],
          [
            6.2e-05,
            -0.003435,
            0.002015
          ],
          [
            0.000848,
            -0.002542,
            -0.006772
          ],
          [
            0.011153,
            -0.007526,
            0.00262
          ],
          [
            0.014076,
            0.002542,
            0.002982
          ],
          [
            -0.002474,
            0.016618,
            0.0036
          ],
          [
            0.0017,
            -0.001773,
            -0.032656
          ],
          [
            0.003721,
            -0.001424,
            0.002312
          ],
          [
            0.001966,
            0.005088,
            0.012936
          ],
          [
            -0.008426,
            -0.019271,
            0.013842
          ],
          [
            -0.023074,
            0.022193,
            -0.196797
          ],
          [
            -0.017837,
            -0.023367,
            -0.160429
          ],
          [
            0.022121,
            0.019245,
            -0.158212
          ],
          [
            0.018532,
            -0.020053,
            -0.069405
          ],
          [
            -0.031907,
            0.029169,
            -0.181681
          ],
          [
            -0.032701,
            -0.030114,
            -0.211559
          ],
          [
            0.029572,
            0.032969,
            -0.208528
          ],
          [
            0.033695,
            -0.035857,
            -0.289273
          ],
          [
            -0.05032,
            0.037565,
            0.028895
          ],
          [
            -0.182304,
            -0.063666,
            -0.028144
          ],
          [
            0.031414,
            0.107696,
            0.083604
          ],
          [
            0.146397,
            -0.109443,
            -0.060865
          ],
          [
            -0.064408,
            0.027207,
            0.029866
          ],
          [
            -0.125652,
            -0.057137,
            0.08378
          ],
          [
            0.038065,
            0.153718,
            -0.029255
          ],
          [
            0.097237,
            -0.176379,
            -0.063708
          ],
          [
            0.003335,
            -0.002908,
            0.026118
          ],
          [
            -0.005249,
            -0.001604,
            0.005137
          ],
          [
            0.002547,
            0.002527,
            0.001565
          ],
          [
            -0.000506,
            0.003241,
            -0.010208
          ],
          [
            0.001934,
            -0.000275,
            0.004932
          ],
          [
            0.002054,
            0.000365,
            -0.006336
          ],
          [
            0.0015,
            -0.003037,
            -0.007205
          ],
          [
            0.003414,
            0.0008,
            0.006642
          ],
          [
            -0.003959,
            -0.012476,
            0.002387
          ],
          [
            0.004256,
            0.009628,
            0.001583
          ],
          [
            0.006849,
            0.004225,
            0.001538
          ],
          [
            -0.010083,
            0.012659,
            0.003119
          ],
          [
            0.016973,
            0.003316,
            0.00285
          ],
          [
            -0.000481,
            -0.003498,
            0.002104
          ],
          [
            -0.005471,
            -0.016027,
            0.003027
          ],
          [
            0.005409,
            0.007212,
            -0.001296
          ]
        ],
        "Lattice": [
          [
            8.33,
            0.0,
            0.0
          ],
          [
            0.0,
            8.33,
            0.0
          ],
          [
            0.0,
            0.0,
            20.227360776
          ]
        ],
        "NumAtoms": 63,
        "Positions": [
          [
            0.0,
            0.0,
            0.0
          ],
          [
            0.0,
            4.165,
            0.0
          ],
          [
            4.165,
            0.0,
            0.0
          ],
          [
            4.165,
            4.165,
            0.0
          ],
          [
            2.0825,
            2.0825,
            0.0
          ],
          [
            2.0825,
            6.2475,
            0.0
          ],
          [
            6.2475,
            2.0825,
            0.0
          ],
          [
            6.2475,
            6.2475,
            0.0
          ],
          [
            0.0,
            2.0825,
            2.0825
          ],
          [
            0.0,
            6.2475,
            2.0825
          ],
          [
            4.165,
            2.0825,
            2.0825
          ],
          [
            4.165,
            6.2475,
            2.0825
          ],
          [
            2.0825,
            0.0,
            2.0825
          ],
          [
            2.0825,
            4.165,
            2.0825
          ],
          [
            6.2475,
            0.0,
            2.0825
          ],
          [
            6.2475,
            4.165,
            2.0825
          ],
          [
            0.00612,
            -0.01152,
            4.19675
          ],
          [
            0.037,
            4.16531,
            4.17105
          ],
          [
            4.15106,
            8.28665,
            4.21609
          ],
          [
            4.1163,
            4.20768,
            4.15656
          ],
          [
            2.08887,
            2.06962,
            4.19618
          ],
          [
            2.12302,
            6.25806,
            4.21692
          ],
          [
            6.24152,
            2.03783,
            4.16752
          ],
          [
            6.19962,
            6.28748,
            4.15891
          ],
          [
            0.02582,
            2.03686,
            6.23171
          ],
          [
            0.01167,
            6.24469,
            6.22295
          ],
          [
            4.14933,
            2.05317,
            6.21853
          ],
          [
            2.17968,
            8.21263,
            6.29684
          ],
          [
            2.14169,
            4.22872,
            6.28226
          ],
          [
            6.16256,
            8.24717,
            6.27986
          ],
          [
            6.15853,
            4.23903,
            6.11729
          ],
          [
            2.0825,
            0.0,
            0.0
          ],
          [
            2.0825,
            4.165,
            0.0
          ],
          [
            6.2475,
            0.0,
            0.0
          ],
          [
            6.2475,
            4.165,
            0.0
          ],
          [
            0.0,
            2.0825,
            0.0
          ],
          [
            0.0,
            6.2475,
            0.0
          ],
          [
            4.165,
            2.0825,
            0.0
          ],
          [
            4.165,
            6.2475,
            0.0
          ],
          [
            2.0825,
            2.0825,
            2.0825
          ],
          [
            2.0825,
            6.2475,
            2.0825
          ],
          [
            6.2475,
            2.0825,
            2.0825
          ],
          [
            6.2475,
            6.2475,
            2.0825
          ],
          [
            0.0,
            0.0,
            2.0825
          ],
          [
            0.0,
            4.165,
            2.0825
          ],
          [
            4.165,
            0.0,
            2.0825
          ],
          [
            4.165,
            4.165,
            2.0825
          ],
          [
            2.0753,
            0.00271,
            4.18454
          ],
          [
            2.08011,
            4.16038,
            4.18911
          ],
          [
            6.24703,
            -0.00328,
            4.18873
          ],
          [
            6.23352,
            4.17132,
            4.2117
          ],
          [
            8.31289,
            2.09531,
            4.16037
          ],
          [
            8.28954,
            6.22563,
            4.14976
          ],
          [
            4.18229,
            2.11628,
            4.14892
          ],
          [
            4.177,
            6.23072,
            4.06638
          ],
          [
            2.06987,
            2.1225,
            6.26933
          ],
          [
            1.93164,
            6.20634,
            6.26177
          ],
          [
            6.29226,
            2.19118,
            6.2822
          ],
          [
            6.34731,
            6.09714,
            6.30379
          ],
          [
            8.27471,
            -0.00305,
            6.26998
          ],
          [
            8.21037,
            4.1058,
            6.28484
          ],
          [
            4.18902,
            0.13518,
            6.26335
          ],
          [
            4.30185,
            4.05032,
            6.3017
          ]
        ],
        "Stress": [
          [
            -49.13711,
            -0.73349,
            -0.01229
          ],
          [
            -0.73349,
            -49.11587,
            -0.20295
          ],
          [
            -0.01229,
            -0.20295,
            -26.13435
          ]
        ],
        "computation_code": "VASP",
        "pseudopotential_information": [
          [
            "PAW_PBE",
            "Ni",
            "02Aug2007"
          ],
          [
            "PAW_PBE",
            "Ti_sv",
            "26Sep2005"
          ],
          [
            "PAW_PBE",
            "O",
            "08Apr2002"
          ]
        ]
      }
    ],
    "EnergyStyle": "electronvolt",
    "ForcesStyle": "electronvoltperangstrom",
    "LatticeStyle": "angstrom",
    "PositionsStyle": "angstrom",
    "StressStyle": "kB"
  }
}