{
  "Dataset": {
    "AtomTypeStyle": "chemicalsymbol",
    "Data": [
      {
        "AtomTypes": [
          "Ni",
          "Ni",
          "Ni",
          "Ni",
          "Ni",
          "Ni",
          "Ni",
          "Ni",
          "Ni",
          "Ni",
          "Ni",
          "Ni",
          "Ni",
          "Ni",
          "Ni",
          "Ni",
          "Ni",
          "Ni",
          "Ni",
          "Ni",
          "Ni",
          "Ni",
          "Al",
          "Ni",
          "Ni",
          "Ni",
          "Ni",
          "Ni",
          "Ni",
          "Ni",
          "Ni",
          "O",
          "O",
          "O",
          "O",
          "O",
          "O",
          "O",
          "O",
          "O",
          "O",
          "O",
          "O",
          "O",
          "O",
          "O",
          "O",
          "O",
          "O",
          "O",
          "O",
          "O",
          "O",
          "O",
          "O",
          "O",
          "O",
          "O",
          "O",
          "O",
          "O",
          "O",
          "O"
        ],
        "Energy": -336.67573207,
        "Forces": [
          [
            0.042552,
            0.042129,
            0.32656
          ],
          [
            0.026912,
            -0.01344,
            0.27301
          ],
          [
            -0.01403,
            0.023684,
            0.249084
          ],
          [
            -0.006042,
            -0.004106,
            0.690949
          ],
          [
            0.058922,
            0.066435,
            0.348386
          ],
          [
            0.065019,
            -0.037982,
            0.31269
          ],
          [
            -0.030135,
            0.071903,
            0.311324
          ],
          [
            -0.037894,
            -0.04451,
            0.188714
          ],
          [
            0.036386,
            0.017959,
            -0.176746
          ],
          [
            0.158483,
            0.008967,
            -0.35845
          ],
          [
            -0.061381,
            0.636092,
            0.112853
          ],
          [
            -0.147929,
            -0.653549,
            -0.13322
          ],
          [
            0.001905,
            0.033908,
            -0.182661
          ],
          [
            0.618693,
            -0.057593,
            0.140855
          ],
          [
            0.02684,
            0.156677,
            -0.368052
          ],
          [
            -0.639992,
            -0.141535,
            -0.116601
          ],
          [
            0.00159,
            0.00351,
            0.004492
          ],
          [
            0.012863,
            -0.00157,
            0.000721
          ],
          [
            0.002843,
            0.012704,
            -0.002168
          ],
          [
            0.003448,
            0.001619,
            -0.002528
          ],
          [
            -0.000888,
            -0.001366,
            -0.002319
          ],
          [
            -0.002459,
            0.000263,
            0.002418
          ],
          [
            0.007616,
            0.005892,
            0.010321
          ],
          [
            0.002938,
            0.001541,
            -0.000977
          ],
          [
            -0.000698,
            -0.001795,
            -1.3e-05
          ],
          [
            0.004329,
            0.00077,
            -0.00911
          ],
          [
            0.005394,
            0.00019,
            -0.009955
          ],
          [
            0.002614,
            0.006471,
            0.004876
          ],
          [
            0.006547,
            0.002447,
            -0.003464
          ],
          [
            -0.000522,
            0.002278,
            0.004986
          ],
          [
            0.001398,
            0.004889,
            -0.0036
          ],
          [
            -0.018137,
            -0.020839,
            -0.170668
          ],
          [
            -0.131672,
            0.01808,
            -0.229707
          ],
          [
            0.015603,
            -0.024353,
            -0.135117
          ],
          [
            0.128331,
            0.025284,
            -0.212686
          ],
          [
            -0.02196,
            -0.028228,
            -0.172627
          ],
          [
            -0.025571,
            0.025436,
            -0.137502
          ],
          [
            0.019152,
            -0.140381,
            -0.218803
          ],
          [
            0.026752,
            0.135631,
            -0.206721
          ],
          [
            -0.080377,
            -0.092016,
            -0.058737
          ],
          [
            -0.071562,
            0.049317,
            0.053708
          ],
          [
            0.038424,
            -0.079724,
            0.057964
          ],
          [
            0.030319,
            0.040262,
            0.967765
          ],
          [
            -0.039132,
            -0.03773,
            -0.097684
          ],
          [
            -0.045574,
            0.032283,
            -0.059019
          ],
          [
            0.032949,
            -0.038282,
            0.007368
          ],
          [
            -0.017912,
            -0.025729,
            -0.946609
          ],
          [
            0.007032,
            0.000529,
            0.002461
          ],
          [
            -0.003157,
            0.001656,
            -0.007299
          ],
          [
            -0.001234,
            0.000924,
            -0.002282
          ],
          [
            -0.006034,
            -0.000401,
            -0.007549
          ],
          [
            -0.00076,
            0.001711,
            -0.000138
          ],
          [
            -0.001189,
            0.002352,
            -0.004513
          ],
          [
            0.002921,
            -0.014362,
            -0.01
          ],
          [
            0.002343,
            0.002066,
            -0.008157
          ],
          [
            0.003189,
            0.000812,
            -0.002152
          ],
          [
            0.004105,
            0.008442,
            -0.005773
          ],
          [
            0.004254,
            0.003808,
            -0.001523
          ],
          [
            -0.000842,
            0.000972,
            -0.007424
          ],
          [
            -0.001119,
            0.004423,
            0.003833
          ],
          [
            0.001292,
            -0.001918,
            0.006795
          ],
          [
            0.003068,
            0.005646,
            0.005418
          ],
          [
            0.001176,
            0.001443,
            -0.014998
          ]
        ],
        "Lattice": [
          [
            8.33,
            0.0,
            0.0
          ],
          [
            0.0,
            8.33,
            0.0
          ],
          [
            0.0,
            0.0,
            20.227360776
          ]
        ],
        "NumAtoms": 63,
        "Positions": [
          [
            0.0,
            0.0,
            0.0
          ],
          [
            0.0,
            4.165,
            0.0
          ],
          [
            4.165,
            0.0,
            0.0
          ],
          [
            4.165,
            4.165,
            0.0
          ],
          [
            2.0825,
            2.0825,
            0.0
          ],
          [
            2.0825,
            6.2475,
            0.0
          ],
          [
            6.2475,
            2.0825,
            0.0
          ],
          [
            6.2475,
            6.2475,
            0.0
          ],
          [
            0.0,
            2.0825,
            2.0825
          ],
          [
            0.0,
            6.2475,
            2.0825
          ],
          [
            4.165,
            2.0825,
            2.0825
          ],
          [
            4.165,
            6.2475,
            2.0825
          ],
          [
            2.0825,
            0.0,
            2.0825
          ],
          [
            2.0825,
            4.165,
            2.0825
          ],
          [
            6.2475,
            0.0,
            2.0825
          ],
          [
            6.2475,
            4.165,
            2.0825
          ],
          [
            0.01147,
            0.01131,
            4.16389
          ],
          [
            -0.01048,
            4.17333,
            4.16943
          ],
          [
            4.17411,
            -0.01138,
            4.16684
          ],
          [
            2.11857,
            2.12153,
            4.15057
          ],
          [
            2.14864,
            6.19506,
            4.1421
          ],
          [
            6.19781,
            2.15204,
            4.14165
          ],
          [
            6.21006,
            6.20711,
            4.14827
          ],
          [
            -0.00178,
            2.09043,
            6.18882
          ],
          [
            0.01239,
            6.23084,
            6.18178
          ],
          [
            4.15036,
            2.15955,
            6.17095
          ],
          [
            4.14239,
            6.15436,
            6.17563
          ],
          [
            2.08746,
            8.32755,
            6.18522
          ],
          [
            2.1543,
            4.1507,
            6.17077
          ],
          [
            6.23359,
            0.01251,
            6.17805
          ],
          [
            6.15839,
            4.14338,
            6.17559
          ],
          [
            2.0825,
            0.0,
            0.0
          ],
          [
            2.0825,
            4.165,
            0.0
          ],
          [
            6.2475,
            0.0,
            0.0
          ],
          [
            6.2475,
            4.165,
            0.0
          ],
          [
            0.0,
            2.0825,
            0.0
          ],
          [
            0.0,
            6.2475,
            0.0
          ],
          [
            4.165,
            2.0825,
            0.0
          ],
          [
            4.165,
            6.2475,
            0.0
          ],
          [
            2.0825,
            2.0825,
            2.0825
          ],
          [
            2.0825,
            6.2475,
            2.0825
          ],
          [
            6.2475,
            2.0825,
            2.0825
          ],
          [
            6.2475,
            6.2475,
            2.0825
          ],
          [
            0.0,
            0.0,
            2.0825
          ],
          [
            0.0,
            4.165,
            2.0825
          ],
          [
            4.165,
            0.0,
            2.0825
          ],
          [
            4.165,
            4.165,
            2.0825
          ],
          [
            2.08285,
            -0.03038,
            4.1472
          ],
          [
            1.92828,
            4.17508,
            4.1568
          ],
          [
            6.26306,
            -0.14371,
            4.1329
          ],
          [
            6.35264,
            4.30105,
            4.14121
          ],
          [
            8.29996,
            2.07982,
            4.14916
          ],
          [
            8.18639,
            6.26666,
            4.13492
          ],
          [
            4.17518,
            1.91697,
            4.1561
          ],
          [
            4.29857,
            6.36383,
            4.14048
          ],
          [
            2.07344,
            2.07187,
            6.21325
          ],
          [
            2.0781,
            6.2412,
            6.19115
          ],
          [
            6.23973,
            2.07706,
            6.1894
          ],
          [
            6.24156,
            6.24379,
            6.07395
          ],
          [
            8.31983,
            -0.01058,
            6.24275
          ],
          [
            -0.0211,
            4.17103,
            6.21963
          ],
          [
            4.17092,
            8.30943,
            6.20455
          ],
          [
            4.16463,
            4.1648,
            6.52266
          ]
        ],
        "Stress": [
          [
            -56.89846,
            0.77944,
            -0.06029
          ],
          [
            0.77944,
            -57.13338,
            -0.0575
          ],
          [
            -0.06029,
            -0.0575,
            -26.27997
          ]
        ],
        "computation_code": "VASP",
        "pseudopotential_information": [
          [
            "PAW_PBE",
            "Ni",
            "02Aug2007"
          ],
          [
            "PAW_PBE",
            "Al",
            "04Jan2001"
          ],
          [
            "PAW_PBE",
            "O",
            "08Apr2002"
          ]
        ]
      }
    ],
    "EnergyStyle": "electronvolt",
    "ForcesStyle": "electronvoltperangstrom",
    "LatticeStyle": "angstrom",
    "PositionsStyle": "angstrom",
    "StressStyle": "kB"
  }
}