{
  "Dataset": {
    "AtomTypeStyle": "chemicalsymbol",
    "Data": [
      {
        "AtomTypes": [
          "Ni",
          "Ni",
          "Ni",
          "Ni",
          "Ni",
          "Ni",
          "Ni",
          "Ni",
          "Ni",
          "Ni",
          "Ni",
          "Ni",
          "Ni",
          "Ni",
          "Ni",
          "Ni",
          "Ni",
          "Ni",
          "Ni",
          "Ni",
          "Ni",
          "Ni",
          "Al",
          "Ni",
          "Ni",
          "Ni",
          "Ni",
          "Ni",
          "Ni",
          "Ni",
          "Ni",
          "O",
          "O",
          "O",
          "O",
          "O",
          "O",
          "O",
          "O",
          "O",
          "O",
          "O",
          "O",
          "O",
          "O",
          "O",
          "O",
          "O",
          "O",
          "O",
          "O",
          "O",
          "O",
          "O",
          "O",
          "O",
          "O",
          "O",
          "O",
          "O",
          "O",
          "O",
          "O"
        ],
        "Energy": -334.40926924,
        "Forces": [
          [
            0.063429,
            0.066941,
            0.288696
          ],
          [
            0.055229,
            -0.038336,
            0.275902
          ],
          [
            -0.035145,
            0.045616,
            0.282318
          ],
          [
            -0.031286,
            -0.022514,
            0.725337
          ],
          [
            0.063931,
            0.070565,
            0.389245
          ],
          [
            0.079841,
            -0.04161,
            0.357366
          ],
          [
            -0.036783,
            0.072549,
            0.354122
          ],
          [
            -0.054594,
            -0.046528,
            0.076047
          ],
          [
            0.05898,
            0.068827,
            -0.366782
          ],
          [
            0.369393,
            -0.060555,
            -0.46917
          ],
          [
            -0.079905,
            0.733756,
            0.464731
          ],
          [
            -0.34926,
            -0.766583,
            -0.008601
          ],
          [
            0.061327,
            0.059457,
            -0.2052
          ],
          [
            0.757149,
            -0.061507,
            0.395436
          ],
          [
            -0.071933,
            0.358391,
            -0.565384
          ],
          [
            -0.755483,
            -0.358143,
            0.379142
          ],
          [
            0.350291,
            0.313903,
            -0.374286
          ],
          [
            -0.036082,
            -0.29561,
            -0.030962
          ],
          [
            -0.286079,
            0.214615,
            -0.626779
          ],
          [
            0.570835,
            0.743557,
            -0.561635
          ],
          [
            0.743246,
            -0.805472,
            -0.353218
          ],
          [
            -0.609613,
            1.061403,
            -0.038158
          ],
          [
            -1.136457,
            -1.421522,
            -0.051294
          ],
          [
            -0.192608,
            0.321165,
            -1.117081
          ],
          [
            0.093203,
            -0.392287,
            -0.34492
          ],
          [
            0.351722,
            1.255718,
            0.163426
          ],
          [
            -0.161366,
            -0.917613,
            -1.439789
          ],
          [
            -0.098725,
            -0.084742,
            -0.464961
          ],
          [
            0.633704,
            0.10892,
            -1.007153
          ],
          [
            0.105793,
            0.325318,
            -0.148153
          ],
          [
            -0.694152,
            -0.577834,
            -0.461939
          ],
          [
            -0.039533,
            -0.036149,
            -0.163053
          ],
          [
            -0.131324,
            0.032787,
            -0.261408
          ],
          [
            0.037762,
            -0.089521,
            -0.086678
          ],
          [
            0.136523,
            0.092014,
            -0.194477
          ],
          [
            -0.037425,
            -0.03784,
            -0.196728
          ],
          [
            -0.091784,
            0.03577,
            -0.098938
          ],
          [
            0.034651,
            -0.130301,
            -0.268443
          ],
          [
            0.091282,
            0.134587,
            -0.233719
          ],
          [
            -0.105642,
            -0.188633,
            -0.081552
          ],
          [
            -0.262517,
            0.159222,
            0.020901
          ],
          [
            0.05917,
            -0.163872,
            -0.044226
          ],
          [
            0.266785,
            0.159523,
            1.646585
          ],
          [
            -0.118909,
            -0.196295,
            0.151617
          ],
          [
            -0.120583,
            0.170875,
            0.117113
          ],
          [
            0.090189,
            -0.007255,
            0.117331
          ],
          [
            0.09846,
            -0.025396,
            -1.240211
          ],
          [
            -0.180514,
            -0.162144,
            0.33668
          ],
          [
            -1.480328,
            0.085173,
            0.384114
          ],
          [
            0.148664,
            -1.914453,
            0.395207
          ],
          [
            1.429144,
            1.723158,
            -0.705112
          ],
          [
            0.024235,
            -0.187442,
            0.817532
          ],
          [
            -1.690199,
            0.256413,
            0.452565
          ],
          [
            0.005067,
            -1.575364,
            -0.234226
          ],
          [
            1.800971,
            1.473546,
            0.911259
          ],
          [
            -0.527371,
            -0.289637,
            0.630536
          ],
          [
            -0.608382,
            0.343427,
            0.548504
          ],
          [
            0.583799,
            -0.876658,
            0.287226
          ],
          [
            0.563789,
            1.270579,
            -1.151011
          ],
          [
            -0.028649,
            -0.55742,
            0.465934
          ],
          [
            0.738888,
            0.476846,
            0.329624
          ],
          [
            0.083105,
            -0.48097,
            0.488491
          ],
          [
            -0.497923,
            0.575582,
            1.342258
          ]
        ],
        "Lattice": [
          [
            8.33,
            0.0,
            0.0
          ],
          [
            0.0,
            8.33,
            0.0
          ],
          [
            0.0,
            0.0,
            20.227360776
          ]
        ],
        "NumAtoms": 63,
        "Positions": [
          [
            0.0,
            0.0,
            0.0
          ],
          [
            0.0,
            4.165,
            0.0
          ],
          [
            4.165,
            0.0,
            0.0
          ],
          [
            4.165,
            4.165,
            0.0
          ],
          [
            2.0825,
            2.0825,
            0.0
          ],
          [
            2.0825,
            6.2475,
            0.0
          ],
          [
            6.2475,
            2.0825,
            0.0
          ],
          [
            6.2475,
            6.2475,
            0.0
          ],
          [
            0.0,
            2.0825,
            2.0825
          ],
          [
            0.0,
            6.2475,
            2.0825
          ],
          [
            4.165,
            2.0825,
            2.0825
          ],
          [
            4.165,
            6.2475,
            2.0825
          ],
          [
            2.0825,
            0.0,
            2.0825
          ],
          [
            2.0825,
            4.165,
            2.0825
          ],
          [
            6.2475,
            0.0,
            2.0825
          ],
          [
            6.2475,
            4.165,
            2.0825
          ],
          [
            0.00024,
            0.01656,
            4.18877
          ],
          [
            0.01322,
            4.15283,
            4.18313
          ],
          [
            4.15754,
            8.30721,
            4.19065
          ],
          [
            2.05971,
            2.07504,
            4.19065
          ],
          [
            2.09906,
            6.24774,
            4.18877
          ],
          [
            6.25409,
            2.0678,
            4.17344
          ],
          [
            6.23533,
            6.26072,
            4.18313
          ],
          [
            8.31608,
            2.06769,
            6.38751
          ],
          [
            0.01561,
            6.26311,
            6.27509
          ],
          [
            4.12343,
            2.04093,
            6.26973
          ],
          [
            4.15019,
            6.23358,
            6.38751
          ],
          [
            2.06456,
            8.31206,
            6.2434
          ],
          [
            2.06758,
            4.15099,
            6.24947
          ],
          [
            6.23349,
            8.31508,
            6.24947
          ],
          [
            6.23349,
            4.17159,
            6.24947
          ],
          [
            2.0825,
            0.0,
            0.0
          ],
          [
            2.0825,
            4.165,
            0.0
          ],
          [
            6.2475,
            0.0,
            0.0
          ],
          [
            6.2475,
            4.165,
            0.0
          ],
          [
            0.0,
            2.0825,
            0.0
          ],
          [
            0.0,
            6.2475,
            0.0
          ],
          [
            4.165,
            2.0825,
            0.0
          ],
          [
            4.165,
            6.2475,
            0.0
          ],
          [
            2.0825,
            2.0825,
            2.0825
          ],
          [
            2.0825,
            6.2475,
            2.0825
          ],
          [
            6.2475,
            2.0825,
            2.0825
          ],
          [
            6.2475,
            6.2475,
            2.0825
          ],
          [
            0.0,
            0.0,
            2.0825
          ],
          [
            0.0,
            4.165,
            2.0825
          ],
          [
            4.165,
            0.0,
            2.0825
          ],
          [
            4.165,
            4.165,
            2.0825
          ],
          [
            2.08485,
            0.00235,
            4.16742
          ],
          [
            2.08289,
            4.16238,
            4.16179
          ],
          [
            6.24488,
            0.00039,
            4.16179
          ],
          [
            6.24873,
            4.16623,
            4.23555
          ],
          [
            8.31414,
            2.08619,
            4.09883
          ],
          [
            8.32679,
            6.24429,
            4.17061
          ],
          [
            4.16861,
            2.08611,
            4.17305
          ],
          [
            4.16869,
            6.23164,
            4.09883
          ],
          [
            2.02813,
            2.07933,
            6.23569
          ],
          [
            2.11319,
            6.22405,
            6.23839
          ],
          [
            6.26115,
            2.11777,
            6.27027
          ],
          [
            6.21464,
            6.17857,
            6.25466
          ],
          [
            8.30655,
            0.03069,
            6.23839
          ],
          [
            8.26107,
            4.13214,
            6.25466
          ],
          [
            4.16183,
            8.27563,
            6.23569
          ],
          [
            4.20027,
            4.17865,
            6.27027
          ]
        ],
        "Stress": [
          [
            -58.48747,
            -0.32018,
            0.44275
          ],
          [
            -0.32018,
            -58.3993,
            0.80126
          ],
          [
            0.44275,
            0.80126,
            -34.09267
          ]
        ],
        "computation_code": "VASP",
        "pseudopotential_information": [
          [
            "PAW_PBE",
            "Ni",
            "02Aug2007"
          ],
          [
            "PAW_PBE",
            "Al",
            "04Jan2001"
          ],
          [
            "PAW_PBE",
            "O",
            "08Apr2002"
          ]
        ]
      }
    ],
    "EnergyStyle": "electronvolt",
    "ForcesStyle": "electronvoltperangstrom",
    "LatticeStyle": "angstrom",
    "PositionsStyle": "angstrom",
    "StressStyle": "kB"
  }
}