{
  "Dataset": {
    "AtomTypeStyle": "chemicalsymbol",
    "Data": [
      {
        "AtomTypes": [
          "Ni",
          "Ni",
          "Ni",
          "Ni",
          "Ni",
          "Ni",
          "Ni",
          "Ni",
          "Ni",
          "Ni",
          "Ni",
          "Ni",
          "Ni",
          "Ni",
          "Ni",
          "Ni",
          "Ni",
          "Ni",
          "Ni",
          "Ni",
          "Ni",
          "Ni",
          "Ni",
          "Ni",
          "Ni",
          "Ni",
          "Ni",
          "Ni",
          "Ni",
          "Ni",
          "Ni",
          "Al",
          "O",
          "O",
          "O",
          "O",
          "O",
          "O",
          "O",
          "O",
          "O",
          "O",
          "O",
          "O",
          "O",
          "O",
          "O",
          "O",
          "O",
          "O",
          "O",
          "O",
          "O",
          "O",
          "O",
          "O",
          "O",
          "O",
          "O",
          "O",
          "O",
          "O",
          "O",
          "O",
          "O"
        ],
        "Energy": -347.09849382,
        "Forces": [
          [
            0.020518,
            0.014282,
            0.351815
          ],
          [
            0.029322,
            0.014681,
            0.334894
          ],
          [
            0.008325,
            0.014237,
            0.352097
          ],
          [
            0.000273,
            0.013887,
            0.335644
          ],
          [
            0.014237,
            0.008325,
            0.352097
          ],
          [
            0.014282,
            0.020518,
            0.351815
          ],
          [
            0.013887,
            0.000273,
            0.335644
          ],
          [
            0.014681,
            0.029322,
            0.334894
          ],
          [
            0.023166,
            -0.032787,
            -0.091848
          ],
          [
            0.029152,
            0.029152,
            -0.10393
          ],
          [
            -0.043659,
            -0.043659,
            -0.10378
          ],
          [
            -0.032787,
            0.023166,
            -0.091848
          ],
          [
            -0.005492,
            -0.005492,
            -0.064835
          ],
          [
            -0.007081,
            -0.006907,
            -0.08764
          ],
          [
            -0.006907,
            -0.007081,
            -0.08764
          ],
          [
            -0.009395,
            -0.009395,
            -0.004392
          ],
          [
            -0.003935,
            0.003029,
            0.001743
          ],
          [
            -0.007671,
            -0.004442,
            -0.000267
          ],
          [
            0.004845,
            0.001286,
            0.000481
          ],
          [
            0.007301,
            0.008277,
            0.003707
          ],
          [
            0.001286,
            0.004845,
            0.000481
          ],
          [
            0.003029,
            -0.003935,
            0.001743
          ],
          [
            0.008277,
            0.007301,
            0.003707
          ],
          [
            -0.004442,
            -0.007671,
            -0.000267
          ],
          [
            0.006233,
            0.000243,
            -0.010537
          ],
          [
            0.005235,
            0.005235,
            -0.028114
          ],
          [
            -0.002958,
            -0.002958,
            -0.028006
          ],
          [
            0.000243,
            0.006233,
            -0.010537
          ],
          [
            0.003535,
            0.003535,
            -0.018148
          ],
          [
            0.003987,
            0.00399,
            -0.029934
          ],
          [
            0.00399,
            0.003987,
            -0.029934
          ],
          [
            0.00306,
            0.00306,
            -0.046323
          ],
          [
            -0.000755,
            -0.000755,
            -0.184508
          ],
          [
            2e-05,
            -0.00047,
            -0.176128
          ],
          [
            -0.00047,
            2e-05,
            -0.176128
          ],
          [
            -8.9e-05,
            -8.9e-05,
            -0.128957
          ],
          [
            -0.011063,
            0.009317,
            -0.188429
          ],
          [
            -0.010882,
            -0.010882,
            -0.189508
          ],
          [
            0.01018,
            0.01018,
            -0.189242
          ],
          [
            0.009317,
            -0.011063,
            -0.188429
          ],
          [
            -0.019904,
            -0.008877,
            -0.055151
          ],
          [
            -0.007914,
            -0.016408,
            -0.054341
          ],
          [
            -0.011403,
            0.089418,
            -0.036405
          ],
          [
            -0.015284,
            -0.10925,
            -0.034309
          ],
          [
            -0.016408,
            -0.007914,
            -0.054341
          ],
          [
            -0.10925,
            -0.015284,
            -0.034309
          ],
          [
            -0.008877,
            -0.019904,
            -0.055151
          ],
          [
            0.089418,
            -0.011403,
            -0.036405
          ],
          [
            0.001554,
            0.001554,
            -0.045125
          ],
          [
            7.7e-05,
            -0.000365,
            -0.007274
          ],
          [
            -0.000365,
            7.7e-05,
            -0.007274
          ],
          [
            -0.000414,
            -0.000414,
            -0.008631
          ],
          [
            0.005611,
            -0.002225,
            0.016662
          ],
          [
            0.006474,
            0.006474,
            0.01137
          ],
          [
            0.000525,
            0.000525,
            0.00956
          ],
          [
            -0.002225,
            0.005611,
            0.016662
          ],
          [
            -0.006052,
            0.006565,
            -0.011571
          ],
          [
            0.007312,
            5.8e-05,
            -0.010254
          ],
          [
            0.000995,
            0.027946,
            -0.019545
          ],
          [
            -0.002734,
            -0.023243,
            -0.01547
          ],
          [
            5.8e-05,
            0.007312,
            -0.010254
          ],
          [
            -0.023243,
            -0.002734,
            -0.01547
          ],
          [
            0.006565,
            -0.006052,
            -0.011571
          ],
          [
            0.027946,
            0.000995,
            -0.019545
          ],
          [
            -0.013252,
            -0.013252,
            -0.013314
          ]
        ],
        "Lattice": [
          [
            8.33,
            0.0,
            0.0
          ],
          [
            0.0,
            8.33,
            0.0
          ],
          [
            0.0,
            0.0,
            20.227360776
          ]
        ],
        "NumAtoms": 65,
        "Positions": [
          [
            0.0,
            0.0,
            0.0
          ],
          [
            0.0,
            4.165,
            0.0
          ],
          [
            4.165,
            0.0,
            0.0
          ],
          [
            4.165,
            4.165,
            0.0
          ],
          [
            2.0825,
            2.0825,
            0.0
          ],
          [
            2.0825,
            6.2475,
            0.0
          ],
          [
            6.2475,
            2.0825,
            0.0
          ],
          [
            6.2475,
            6.2475,
            0.0
          ],
          [
            0.0,
            2.0825,
            2.0825
          ],
          [
            0.0,
            6.2475,
            2.0825
          ],
          [
            4.165,
            2.0825,
            2.0825
          ],
          [
            4.165,
            6.2475,
            2.0825
          ],
          [
            2.0825,
            0.0,
            2.0825
          ],
          [
            2.0825,
            4.165,
            2.0825
          ],
          [
            6.2475,
            0.0,
            2.0825
          ],
          [
            6.2475,
            4.165,
            2.0825
          ],
          [
            -0.00299,
            -0.00138,
            4.18055
          ],
          [
            -0.00995,
            4.1632,
            4.17188
          ],
          [
            4.16008,
            8.3235,
            4.18093
          ],
          [
            4.16584,
            4.15844,
            4.17066
          ],
          [
            2.076,
            2.07758,
            4.18093
          ],
          [
            2.08112,
            6.24451,
            4.18055
          ],
          [
            6.24094,
            2.08334,
            4.17066
          ],
          [
            6.2457,
            6.23755,
            4.17188
          ],
          [
            8.31045,
            2.07924,
            6.24134
          ],
          [
            -0.00585,
            6.24165,
            6.23022
          ],
          [
            4.14972,
            2.06722,
            6.22993
          ],
          [
            4.16174,
            6.22795,
            6.24134
          ],
          [
            2.07052,
            8.31802,
            6.23826
          ],
          [
            2.06986,
            4.15275,
            6.22338
          ],
          [
            6.23525,
            8.31736,
            6.22338
          ],
          [
            6.23943,
            4.15693,
            6.38988
          ],
          [
            2.0825,
            0.0,
            0.0
          ],
          [
            2.0825,
            4.165,
            0.0
          ],
          [
            6.2475,
            0.0,
            0.0
          ],
          [
            6.2475,
            4.165,
            0.0
          ],
          [
            0.0,
            2.0825,
            0.0
          ],
          [
            0.0,
            6.2475,
            0.0
          ],
          [
            4.165,
            2.0825,
            0.0
          ],
          [
            4.165,
            6.2475,
            0.0
          ],
          [
            2.0825,
            2.0825,
            2.0825
          ],
          [
            2.0825,
            6.2475,
            2.0825
          ],
          [
            6.2475,
            2.0825,
            2.0825
          ],
          [
            6.2475,
            6.2475,
            2.0825
          ],
          [
            0.0,
            0.0,
            2.0825
          ],
          [
            0.0,
            4.165,
            2.0825
          ],
          [
            4.165,
            0.0,
            2.0825
          ],
          [
            4.165,
            4.165,
            2.0825
          ],
          [
            2.07916,
            -0.00334,
            4.1816
          ],
          [
            2.0798,
            4.16207,
            4.17127
          ],
          [
            6.24457,
            -0.0027,
            4.17127
          ],
          [
            6.24312,
            4.16062,
            4.29349
          ],
          [
            8.32878,
            2.07686,
            4.16697
          ],
          [
            0.00272,
            6.25022,
            4.16294
          ],
          [
            4.15456,
            2.07206,
            4.16227
          ],
          [
            4.15936,
            6.24628,
            4.16697
          ],
          [
            2.07021,
            2.08432,
            6.26263
          ],
          [
            2.07642,
            6.22605,
            6.26241
          ],
          [
            6.22968,
            2.14259,
            6.20701
          ],
          [
            6.24683,
            6.17365,
            6.21011
          ],
          [
            8.30855,
            -0.00608,
            6.26241
          ],
          [
            8.25615,
            4.16432,
            6.21011
          ],
          [
            4.16682,
            8.31771,
            6.26263
          ],
          [
            4.22509,
            4.14718,
            6.20701
          ],
          [
            6.23535,
            4.15285,
            8.18393
          ]
        ],
        "Stress": [
          [
            -56.85767,
            0.30066,
            -0.10854
          ],
          [
            0.30066,
            -56.85767,
            -0.10787
          ],
          [
            -0.10854,
            -0.10787,
            -28.60836
          ]
        ],
        "computation_code": "VASP",
        "pseudopotential_information": [
          [
            "PAW_PBE",
            "Ni",
            "02Aug2007"
          ],
          [
            "PAW_PBE",
            "Al",
            "04Jan2001"
          ],
          [
            "PAW_PBE",
            "O",
            "08Apr2002"
          ]
        ]
      }
    ],
    "EnergyStyle": "electronvolt",
    "ForcesStyle": "electronvoltperangstrom",
    "LatticeStyle": "angstrom",
    "PositionsStyle": "angstrom",
    "StressStyle": "kB"
  }
}