{
  "Dataset": {
    "AtomTypeStyle": "chemicalsymbol",
    "Data": [
      {
        "AtomTypes": [
          "Ni",
          "Ni",
          "Ni",
          "Ni",
          "Ni",
          "Ni",
          "Ni",
          "Ni",
          "Ni",
          "Ni",
          "Ni",
          "Ni",
          "Ni",
          "Ni",
          "Ni",
          "Ni",
          "Ni",
          "Ni",
          "Ni",
          "Ni",
          "Ni",
          "Ni",
          "Ni",
          "Ni",
          "Ni",
          "Ni",
          "Ni",
          "Ni",
          "Ni",
          "Ni",
          "Al",
          "O",
          "O",
          "O",
          "O",
          "O",
          "O",
          "O",
          "O",
          "O",
          "O",
          "O",
          "O",
          "O",
          "O",
          "O",
          "O",
          "O",
          "O",
          "O",
          "O",
          "O",
          "O",
          "O",
          "O",
          "O",
          "O",
          "O",
          "O",
          "O",
          "O",
          "O",
          "O"
        ],
        "Energy": -337.06758486,
        "Forces": [
          [
            0.026271,
            -0.001712,
            0.343935
          ],
          [
            0.033373,
            0.029943,
            0.319931
          ],
          [
            0.002436,
            -0.003798,
            0.376792
          ],
          [
            -0.003565,
            0.032058,
            0.343821
          ],
          [
            0.029109,
            0.003949,
            0.344046
          ],
          [
            0.028804,
            0.026368,
            0.373988
          ],
          [
            -0.000157,
            -0.003248,
            0.315959
          ],
          [
            -0.003511,
            0.03233,
            0.348016
          ],
          [
            0.052649,
            -0.058414,
            -0.112314
          ],
          [
            0.029131,
            0.033476,
            -0.118342
          ],
          [
            -0.04689,
            -0.053946,
            -0.129639
          ],
          [
            -0.068828,
            0.0734,
            -0.274685
          ],
          [
            0.035795,
            -0.047301,
            -0.031043
          ],
          [
            0.035735,
            0.05123,
            -0.102506
          ],
          [
            -0.066117,
            -0.059078,
            -0.109612
          ],
          [
            -0.048313,
            0.036144,
            -0.224979
          ],
          [
            0.005773,
            0.002179,
            -0.008948
          ],
          [
            0.000461,
            0.001416,
            -0.00484
          ],
          [
            -0.002861,
            -0.000423,
            -0.011097
          ],
          [
            0.001183,
            -0.004391,
            -0.003691
          ],
          [
            0.00093,
            0.002593,
            -0.004127
          ],
          [
            0.002745,
            -0.000534,
            -0.004344
          ],
          [
            0.001743,
            0.005245,
            -0.007712
          ],
          [
            0.006463,
            -0.005148,
            -0.012856
          ],
          [
            0.002519,
            0.003481,
            -0.003743
          ],
          [
            0.007116,
            -0.006733,
            -0.008324
          ],
          [
            0.003658,
            0.021055,
            -0.008407
          ],
          [
            0.002039,
            -0.000532,
            0.015657
          ],
          [
            0.00282,
            0.002742,
            0.003206
          ],
          [
            -0.003941,
            0.008949,
            0.03783
          ],
          [
            0.010112,
            -0.009604,
            -0.007273
          ],
          [
            -0.018519,
            0.017512,
            -0.182132
          ],
          [
            -0.016433,
            -0.01935,
            -0.164373
          ],
          [
            0.017771,
            0.01844,
            -0.161774
          ],
          [
            0.016791,
            -0.019687,
            -0.122378
          ],
          [
            -0.01744,
            0.014531,
            -0.170659
          ],
          [
            -0.016704,
            -0.015554,
            -0.204486
          ],
          [
            0.015034,
            0.015904,
            -0.201553
          ],
          [
            0.016083,
            -0.019028,
            -0.24779
          ],
          [
            -0.067284,
            0.01797,
            0.035623
          ],
          [
            -0.150977,
            -0.034844,
            -0.053268
          ],
          [
            0.0513,
            0.004405,
            0.031358
          ],
          [
            0.108568,
            -0.02827,
            -0.085381
          ],
          [
            -0.044517,
            0.043487,
            0.033942
          ],
          [
            -0.027727,
            -0.079954,
            0.030042
          ],
          [
            0.011741,
            0.124102,
            -0.05391
          ],
          [
            0.009614,
            -0.14152,
            -0.093445
          ],
          [
            0.002002,
            -0.000153,
            -0.009548
          ],
          [
            0.004125,
            -0.000806,
            0.000248
          ],
          [
            0.003625,
            -0.000636,
            -0.018088
          ],
          [
            0.000785,
            -0.00015,
            -0.007306
          ],
          [
            -0.002032,
            0.003215,
            0.001343
          ],
          [
            0.002789,
            0.002539,
            0.001444
          ],
          [
            -0.001351,
            -0.002444,
            0.001562
          ],
          [
            0.005165,
            -0.001597,
            0.007678
          ],
          [
            0.01398,
            0.007787,
            0.001514
          ],
          [
            -0.003915,
            -0.008043,
            -0.001981
          ],
          [
            -0.003615,
            0.009096,
            -0.000804
          ],
          [
            0.001898,
            -0.015973,
            -0.001052
          ],
          [
            0.012299,
            -0.001835,
            0.002271
          ],
          [
            -0.001245,
            -0.000419,
            0.001362
          ],
          [
            -0.000827,
            0.006301,
            -0.001268
          ],
          [
            0.002332,
            -0.006725,
            -0.001891
          ]
        ],
        "Lattice": [
          [
            8.33,
            0.0,
            0.0
          ],
          [
            0.0,
            8.33,
            0.0
          ],
          [
            0.0,
            0.0,
            20.227360776
          ]
        ],
        "NumAtoms": 63,
        "Positions": [
          [
            0.0,
            0.0,
            0.0
          ],
          [
            0.0,
            4.165,
            0.0
          ],
          [
            4.165,
            0.0,
            0.0
          ],
          [
            4.165,
            4.165,
            0.0
          ],
          [
            2.0825,
            2.0825,
            0.0
          ],
          [
            2.0825,
            6.2475,
            0.0
          ],
          [
            6.2475,
            2.0825,
            0.0
          ],
          [
            6.2475,
            6.2475,
            0.0
          ],
          [
            0.0,
            2.0825,
            2.0825
          ],
          [
            0.0,
            6.2475,
            2.0825
          ],
          [
            4.165,
            2.0825,
            2.0825
          ],
          [
            4.165,
            6.2475,
            2.0825
          ],
          [
            2.0825,
            0.0,
            2.0825
          ],
          [
            2.0825,
            4.165,
            2.0825
          ],
          [
            6.2475,
            0.0,
            2.0825
          ],
          [
            6.2475,
            4.165,
            2.0825
          ],
          [
            -0.0039,
            -0.01637,
            4.19186
          ],
          [
            0.01341,
            4.16625,
            4.16975
          ],
          [
            4.15173,
            8.29534,
            4.20272
          ],
          [
            4.14566,
            4.20884,
            4.16499
          ],
          [
            2.09318,
            2.07927,
            4.19304
          ],
          [
            2.11313,
            6.25466,
            4.20204
          ],
          [
            6.23939,
            2.06022,
            4.16638
          ],
          [
            6.19768,
            6.25694,
            4.16964
          ],
          [
            0.00434,
            2.0536,
            6.2214
          ],
          [
            -0.0246,
            6.1977,
            6.21379
          ],
          [
            4.19437,
            2.09052,
            6.2116
          ],
          [
            2.15365,
            8.23372,
            6.27103
          ],
          [
            2.2293,
            4.24804,
            6.25504
          ],
          [
            6.14626,
            8.16202,
            6.25209
          ],
          [
            6.19158,
            4.20365,
            6.08854
          ],
          [
            2.0825,
            0.0,
            0.0
          ],
          [
            2.0825,
            4.165,
            0.0
          ],
          [
            6.2475,
            0.0,
            0.0
          ],
          [
            6.2475,
            4.165,
            0.0
          ],
          [
            0.0,
            2.0825,
            0.0
          ],
          [
            0.0,
            6.2475,
            0.0
          ],
          [
            4.165,
            2.0825,
            0.0
          ],
          [
            4.165,
            6.2475,
            0.0
          ],
          [
            2.0825,
            2.0825,
            2.0825
          ],
          [
            2.0825,
            6.2475,
            2.0825
          ],
          [
            6.2475,
            2.0825,
            2.0825
          ],
          [
            6.2475,
            6.2475,
            2.0825
          ],
          [
            0.0,
            0.0,
            2.0825
          ],
          [
            0.0,
            4.165,
            2.0825
          ],
          [
            4.165,
            0.0,
            2.0825
          ],
          [
            4.165,
            4.165,
            2.0825
          ],
          [
            2.07259,
            0.00546,
            4.19277
          ],
          [
            2.07549,
            4.16371,
            4.19773
          ],
          [
            6.24206,
            -0.0008,
            4.19767
          ],
          [
            6.24007,
            4.16351,
            4.20614
          ],
          [
            8.32486,
            2.0807,
            4.17838
          ],
          [
            -0.0167,
            6.23551,
            4.14877
          ],
          [
            4.17066,
            2.09348,
            4.14876
          ],
          [
            4.15909,
            6.24695,
            4.06716
          ],
          [
            2.1063,
            2.13453,
            6.26924
          ],
          [
            1.88862,
            6.21341,
            6.26233
          ],
          [
            6.24368,
            2.26735,
            6.25862
          ],
          [
            6.36975,
            6.07839,
            6.25067
          ],
          [
            8.26471,
            -0.03242,
            6.26983
          ],
          [
            8.12996,
            4.14687,
            6.25777
          ],
          [
            4.18081,
            0.18147,
            6.26403
          ],
          [
            4.3173,
            4.02388,
            6.24802
          ]
        ],
        "Stress": [
          [
            -53.88649,
            -1.63149,
            0.03986
          ],
          [
            -1.63149,
            -53.88618,
            -0.16854
          ],
          [
            0.03986,
            -0.16854,
            -26.54182
          ]
        ],
        "computation_code": "VASP",
        "pseudopotential_information": [
          [
            "PAW_PBE",
            "Ni",
            "02Aug2007"
          ],
          [
            "PAW_PBE",
            "Al",
            "04Jan2001"
          ],
          [
            "PAW_PBE",
            "O",
            "08Apr2002"
          ]
        ]
      }
    ],
    "EnergyStyle": "electronvolt",
    "ForcesStyle": "electronvoltperangstrom",
    "LatticeStyle": "angstrom",
    "PositionsStyle": "angstrom",
    "StressStyle": "kB"
  }
}