{
  "Dataset": {
    "AtomTypeStyle": "chemicalsymbol",
    "Data": [
      {
        "AtomTypes": [
          "Ni",
          "Ni",
          "Ni",
          "Ni",
          "Ni",
          "Ni",
          "Ni",
          "Ni",
          "Ni",
          "Ni",
          "Ni",
          "Ni",
          "Ni",
          "Ni",
          "Ni",
          "Ni",
          "Ni",
          "Ni",
          "Ni",
          "Ni",
          "Ni",
          "Ni",
          "Ni",
          "Al",
          "Ni",
          "Ni",
          "Ni",
          "Ni",
          "Ni",
          "Ni",
          "Ni",
          "Ni",
          "O",
          "O",
          "O",
          "O",
          "O",
          "O",
          "O",
          "O",
          "O",
          "O",
          "O",
          "O",
          "O",
          "O",
          "O",
          "O",
          "O",
          "O",
          "O",
          "O",
          "O",
          "O",
          "O",
          "O",
          "O",
          "O",
          "O",
          "O",
          "O",
          "O",
          "O",
          "O",
          "O",
          "O"
        ],
        "Energy": -353.42315536,
        "Forces": [
          [
            0.039355,
            0.039435,
            0.364169
          ],
          [
            0.038611,
            -0.009965,
            0.355393
          ],
          [
            -0.011591,
            0.036279,
            0.342177
          ],
          [
            -0.011226,
            -0.00933,
            0.368777
          ],
          [
            0.016175,
            0.013534,
            0.360181
          ],
          [
            0.018778,
            0.014789,
            0.336948
          ],
          [
            0.011971,
            0.013579,
            0.336983
          ],
          [
            0.010499,
            0.012571,
            0.208306
          ],
          [
            0.014713,
            -0.00814,
            -0.051512
          ],
          [
            0.178075,
            0.010026,
            -0.265299
          ],
          [
            -0.03582,
            0.062162,
            -0.094825
          ],
          [
            -0.152433,
            -0.066127,
            -0.265875
          ],
          [
            -0.066951,
            0.020767,
            -0.13567
          ],
          [
            0.010193,
            -0.033722,
            -0.082692
          ],
          [
            0.042844,
            0.148882,
            -0.25673
          ],
          [
            -0.025796,
            -0.193511,
            -0.322186
          ],
          [
            -0.041608,
            -0.010798,
            0.028539
          ],
          [
            0.022216,
            -0.022597,
            0.010771
          ],
          [
            -0.001916,
            -0.045061,
            0.217736
          ],
          [
            0.003692,
            0.092686,
            0.052496
          ],
          [
            0.010643,
            0.010087,
            -0.006169
          ],
          [
            0.082922,
            0.004984,
            0.036102
          ],
          [
            -0.019463,
            -0.073142,
            0.007485
          ],
          [
            -0.072703,
            -0.002176,
            0.276349
          ],
          [
            -0.0469,
            -0.020635,
            -0.082391
          ],
          [
            -0.047465,
            -0.027938,
            -0.040582
          ],
          [
            0.023873,
            0.012071,
            -0.026444
          ],
          [
            0.06905,
            0.097044,
            0.089073
          ],
          [
            0.036953,
            -0.004824,
            -0.028717
          ],
          [
            0.039238,
            0.074621,
            0.045221
          ],
          [
            -0.038783,
            -0.050141,
            0.250148
          ],
          [
            0.007418,
            0.04625,
            -0.099743
          ],
          [
            0.005342,
            -0.017469,
            -0.205568
          ],
          [
            -0.005887,
            0.016334,
            -0.200666
          ],
          [
            -0.005376,
            -0.027336,
            -0.177355
          ],
          [
            0.004846,
            0.029849,
            -0.175616
          ],
          [
            -0.017617,
            0.001802,
            -0.196267
          ],
          [
            -0.029396,
            -0.003105,
            -0.172294
          ],
          [
            0.016983,
            -0.00869,
            -0.20243
          ],
          [
            0.027566,
            0.008017,
            -0.185651
          ],
          [
            -0.031261,
            0.000214,
            0.020364
          ],
          [
            -0.028888,
            -0.029781,
            0.132595
          ],
          [
            -0.001605,
            -0.022106,
            0.145991
          ],
          [
            0.0457,
            -0.044255,
            0.899949
          ],
          [
            -0.047218,
            -0.023686,
            -0.078924
          ],
          [
            -0.02677,
            0.00331,
            -0.037405
          ],
          [
            0.019118,
            -0.012728,
            -0.199879
          ],
          [
            -0.002861,
            -0.021517,
            -0.09199
          ],
          [
            -0.031196,
            0.001632,
            -0.070969
          ],
          [
            -0.017135,
            0.008495,
            -0.042907
          ],
          [
            -0.002304,
            0.108164,
            -0.111272
          ],
          [
            0.032105,
            -0.075638,
            -0.063821
          ],
          [
            0.007371,
            -0.01409,
            -0.088367
          ],
          [
            0.06548,
            -0.024918,
            -0.165095
          ],
          [
            -0.006349,
            0.016134,
            -0.153268
          ],
          [
            -0.125377,
            0.031588,
            -0.120833
          ],
          [
            0.02138,
            0.012492,
            -0.093762
          ],
          [
            0.038886,
            0.03706,
            -0.093661
          ],
          [
            0.009718,
            -0.018193,
            -0.146417
          ],
          [
            -0.001853,
            0.038687,
            -0.18136
          ],
          [
            -0.054727,
            -0.055444,
            -0.044868
          ],
          [
            -0.031261,
            0.011973,
            -0.096217
          ],
          [
            0.039628,
            -0.007965,
            -0.099464
          ],
          [
            0.056023,
            0.078054,
            -0.039994
          ],
          [
            -0.541174,
            -0.65907,
            0.208583
          ],
          [
            0.513544,
            0.530527,
            0.200822
          ]
        ],
        "Lattice": [
          [
            8.33,
            0.0,
            0.0
          ],
          [
            0.0,
            8.33,
            0.0
          ],
          [
            0.0,
            0.0,
            20.227360776
          ]
        ],
        "NumAtoms": 66,
        "Positions": [
          [
            0.0,
            0.0,
            0.0
          ],
          [
            0.0,
            4.165,
            0.0
          ],
          [
            4.165,
            0.0,
            0.0
          ],
          [
            4.165,
            4.165,
            0.0
          ],
          [
            2.0825,
            2.0825,
            0.0
          ],
          [
            2.0825,
            6.2475,
            0.0
          ],
          [
            6.2475,
            2.0825,
            0.0
          ],
          [
            6.2475,
            6.2475,
            0.0
          ],
          [
            0.0,
            2.0825,
            2.0825
          ],
          [
            0.0,
            6.2475,
            2.0825
          ],
          [
            4.165,
            2.0825,
            2.0825
          ],
          [
            4.165,
            6.2475,
            2.0825
          ],
          [
            2.0825,
            0.0,
            2.0825
          ],
          [
            2.0825,
            4.165,
            2.0825
          ],
          [
            6.2475,
            0.0,
            2.0825
          ],
          [
            6.2475,
            4.165,
            2.0825
          ],
          [
            -0.0005,
            0.008,
            4.19529
          ],
          [
            0.00285,
            4.15714,
            4.19641
          ],
          [
            4.15162,
            0.00354,
            4.14409
          ],
          [
            4.15463,
            4.157,
            4.19638
          ],
          [
            2.07492,
            2.07889,
            4.19149
          ],
          [
            2.0951,
            6.2453,
            4.18978
          ],
          [
            6.24304,
            2.07415,
            4.19458
          ],
          [
            6.23915,
            6.24502,
            4.16266
          ],
          [
            8.31435,
            2.06398,
            6.26518
          ],
          [
            0.00744,
            6.24469,
            6.24078
          ],
          [
            4.14269,
            2.0698,
            6.23962
          ],
          [
            4.20262,
            6.29899,
            6.40807
          ],
          [
            2.06396,
            8.3226,
            6.22867
          ],
          [
            2.0787,
            4.15314,
            6.24147
          ],
          [
            6.18748,
            8.28315,
            6.33337
          ],
          [
            6.22739,
            4.13555,
            6.24006
          ],
          [
            2.0825,
            0.0,
            0.0
          ],
          [
            2.0825,
            4.165,
            0.0
          ],
          [
            6.2475,
            0.0,
            0.0
          ],
          [
            6.2475,
            4.165,
            0.0
          ],
          [
            0.0,
            2.0825,
            0.0
          ],
          [
            0.0,
            6.2475,
            0.0
          ],
          [
            4.165,
            2.0825,
            0.0
          ],
          [
            4.165,
            6.2475,
            0.0
          ],
          [
            2.0825,
            2.0825,
            2.0825
          ],
          [
            2.0825,
            6.2475,
            2.0825
          ],
          [
            6.2475,
            2.0825,
            2.0825
          ],
          [
            6.2475,
            6.2475,
            2.0825
          ],
          [
            0.0,
            0.0,
            2.0825
          ],
          [
            0.0,
            4.165,
            2.0825
          ],
          [
            4.165,
            0.0,
            2.0825
          ],
          [
            4.165,
            4.165,
            2.0825
          ],
          [
            2.06365,
            -0.01867,
            4.14805
          ],
          [
            2.07647,
            4.17843,
            4.16551
          ],
          [
            6.25403,
            -0.14456,
            4.14489
          ],
          [
            6.24865,
            4.28549,
            4.13331
          ],
          [
            8.30612,
            2.08699,
            4.17662
          ],
          [
            8.19896,
            6.24214,
            4.14548
          ],
          [
            4.17766,
            2.09423,
            4.1621
          ],
          [
            4.30502,
            6.22865,
            4.13498
          ],
          [
            2.05281,
            2.08425,
            6.25558
          ],
          [
            2.05751,
            6.22988,
            6.23081
          ],
          [
            6.23958,
            2.0901,
            6.23732
          ],
          [
            6.28598,
            6.1819,
            6.03894
          ],
          [
            0.00845,
            -0.00671,
            6.24946
          ],
          [
            8.32291,
            4.15419,
            6.26885
          ],
          [
            4.08922,
            0.04698,
            6.1259
          ],
          [
            4.15348,
            4.13599,
            6.2592
          ],
          [
            4.76562,
            6.8697,
            8.2572
          ],
          [
            5.73309,
            7.76579,
            8.22456
          ]
        ],
        "Stress": [
          [
            -55.53244,
            -0.61808,
            -0.08841
          ],
          [
            -0.61808,
            -55.5516,
            -0.11016
          ],
          [
            -0.08841,
            -0.11016,
            -28.28685
          ]
        ],
        "computation_code": "VASP",
        "pseudopotential_information": [
          [
            "PAW_PBE",
            "Ni",
            "02Aug2007"
          ],
          [
            "PAW_PBE",
            "Al",
            "04Jan2001"
          ],
          [
            "PAW_PBE",
            "O",
            "08Apr2002"
          ]
        ]
      }
    ],
    "EnergyStyle": "electronvolt",
    "ForcesStyle": "electronvoltperangstrom",
    "LatticeStyle": "angstrom",
    "PositionsStyle": "angstrom",
    "StressStyle": "kB"
  }
}