{
  "Dataset": {
    "AtomTypeStyle": "chemicalsymbol",
    "Data": [
      {
        "AtomTypes": [
          "Ni",
          "Ni",
          "Ni",
          "Ni",
          "Ni",
          "Ni",
          "Ni",
          "Ni",
          "Ni",
          "Ni",
          "Ni",
          "Ni",
          "Ni",
          "Ni",
          "Ni",
          "Ni",
          "Ni",
          "Ni",
          "Ni",
          "Ni",
          "Ni",
          "Ni",
          "Ni",
          "Al",
          "Ni",
          "Ni",
          "Ni",
          "Ni",
          "Ni",
          "Ni",
          "Ni",
          "Ni",
          "O",
          "O",
          "O",
          "O",
          "O",
          "O",
          "O",
          "O",
          "O",
          "O",
          "O",
          "O",
          "O",
          "O",
          "O",
          "O",
          "O",
          "O",
          "O",
          "O",
          "O",
          "O",
          "O",
          "O",
          "O",
          "O",
          "O",
          "O",
          "O",
          "O",
          "O"
        ],
        "Energy": -332.02593102,
        "Forces": [
          [
            0.051601,
            0.036477,
            0.36958
          ],
          [
            0.050575,
            -0.009195,
            0.366844
          ],
          [
            -0.023046,
            0.042805,
            0.344703
          ],
          [
            -0.023467,
            -0.016665,
            0.344029
          ],
          [
            0.003282,
            0.013574,
            0.359995
          ],
          [
            -0.005189,
            0.014579,
            0.34255
          ],
          [
            0.024988,
            0.013173,
            0.321966
          ],
          [
            0.033141,
            0.01292,
            0.155749
          ],
          [
            0.046698,
            -0.001678,
            -0.089828
          ],
          [
            0.297759,
            0.001571,
            -0.545252
          ],
          [
            -0.053073,
            -0.006963,
            -0.124797
          ],
          [
            -0.24419,
            -0.00551,
            -0.281028
          ],
          [
            -0.030615,
            0.005079,
            -0.077308
          ],
          [
            -0.034932,
            -0.014191,
            -0.086086
          ],
          [
            0.037375,
            0.244706,
            -0.374761
          ],
          [
            0.031652,
            -0.256938,
            -0.380285
          ],
          [
            0.003358,
            -0.000426,
            -0.001607
          ],
          [
            -0.005812,
            0.002638,
            -0.001289
          ],
          [
            -0.009721,
            0.002788,
            -0.000328
          ],
          [
            -0.000188,
            0.000307,
            0.001087
          ],
          [
            -0.001709,
            -0.002593,
            0.000714
          ],
          [
            -0.002574,
            0.00301,
            0.00076
          ],
          [
            -0.004861,
            0.00563,
            -0.002726
          ],
          [
            -0.000454,
            -0.009443,
            -0.000804
          ],
          [
            -0.001958,
            0.000744,
            -0.001466
          ],
          [
            -0.021248,
            -0.003833,
            -0.005092
          ],
          [
            -0.008283,
            0.003342,
            -0.002792
          ],
          [
            -0.005477,
            -0.001851,
            -0.007351
          ],
          [
            -0.004839,
            -0.001006,
            -0.001434
          ],
          [
            -0.004363,
            0.003584,
            0.001931
          ],
          [
            -0.010736,
            0.003236,
            0.02271
          ],
          [
            -0.007389,
            -0.002487,
            0.000892
          ],
          [
            0.014137,
            -0.015307,
            -0.203017
          ],
          [
            0.014245,
            0.013767,
            -0.202818
          ],
          [
            -0.01607,
            -0.036058,
            -0.161127
          ],
          [
            -0.01586,
            0.036665,
            -0.160845
          ],
          [
            -0.027771,
            0.000784,
            -0.214517
          ],
          [
            -0.045957,
            -0.001251,
            -0.209513
          ],
          [
            0.025998,
            0.000569,
            -0.197819
          ],
          [
            0.043226,
            -0.00149,
            -0.161976
          ],
          [
            0.009651,
            -0.011684,
            0.010372
          ],
          [
            0.082228,
            -0.013569,
            0.179541
          ],
          [
            -0.029317,
            -0.008464,
            0.153142
          ],
          [
            -0.070036,
            -0.01268,
            0.734193
          ],
          [
            -0.041536,
            0.021175,
            -0.070431
          ],
          [
            -0.043177,
            -0.0469,
            -0.068599
          ],
          [
            0.033838,
            -0.065322,
            -0.029091
          ],
          [
            0.034801,
            0.042011,
            -0.033722
          ],
          [
            -0.001904,
            0.000609,
            -0.000762
          ],
          [
            -0.001591,
            -0.001199,
            0.000648
          ],
          [
            -0.003189,
            0.003469,
            -0.009877
          ],
          [
            -0.002221,
            0.00277,
            -0.000625
          ],
          [
            -0.001705,
            0.000434,
            -0.004118
          ],
          [
            -0.00315,
            0.000303,
            0.00249
          ],
          [
            -0.003211,
            0.000424,
            -0.000777
          ],
          [
            -0.004224,
            0.000636,
            0.003487
          ],
          [
            -0.007202,
            0.000596,
            -2e-06
          ],
          [
            0.007277,
            0.000239,
            -0.001109
          ],
          [
            -0.002502,
            0.007849,
            -0.001415
          ],
          [
            0.001513,
            0.001438,
            -4.4e-05
          ],
          [
            -0.003981,
            0.000281,
            -0.000493
          ],
          [
            -0.012272,
            -0.00289,
            0.000151
          ],
          [
            -0.006343,
            0.00541,
            -0.000604
          ]
        ],
        "Lattice": [
          [
            8.33,
            0.0,
            0.0
          ],
          [
            0.0,
            8.33,
            0.0
          ],
          [
            0.0,
            0.0,
            20.227360776
          ]
        ],
        "NumAtoms": 63,
        "Positions": [
          [
            0.0,
            0.0,
            0.0
          ],
          [
            0.0,
            4.165,
            0.0
          ],
          [
            4.165,
            0.0,
            0.0
          ],
          [
            4.165,
            4.165,
            0.0
          ],
          [
            2.0825,
            2.0825,
            0.0
          ],
          [
            2.0825,
            6.2475,
            0.0
          ],
          [
            6.2475,
            2.0825,
            0.0
          ],
          [
            6.2475,
            6.2475,
            0.0
          ],
          [
            0.0,
            2.0825,
            2.0825
          ],
          [
            0.0,
            6.2475,
            2.0825
          ],
          [
            4.165,
            2.0825,
            2.0825
          ],
          [
            4.165,
            6.2475,
            2.0825
          ],
          [
            2.0825,
            0.0,
            2.0825
          ],
          [
            2.0825,
            4.165,
            2.0825
          ],
          [
            6.2475,
            0.0,
            2.0825
          ],
          [
            6.2475,
            4.165,
            2.0825
          ],
          [
            0.01248,
            -0.00418,
            4.2096
          ],
          [
            0.01087,
            4.17143,
            4.20823
          ],
          [
            4.16408,
            -0.00177,
            4.19433
          ],
          [
            4.16145,
            4.16219,
            4.19152
          ],
          [
            2.08052,
            2.0814,
            4.18863
          ],
          [
            2.04727,
            6.24641,
            4.20868
          ],
          [
            6.25146,
            2.07701,
            4.18354
          ],
          [
            6.29055,
            6.24757,
            4.07811
          ],
          [
            8.3239,
            2.07584,
            6.23364
          ],
          [
            -0.50332,
            6.25524,
            6.35445
          ],
          [
            4.13877,
            2.07085,
            6.22763
          ],
          [
            4.2196,
            6.22879,
            6.292
          ],
          [
            2.0466,
            8.26872,
            6.24474
          ],
          [
            2.03996,
            4.20921,
            6.24523
          ],
          [
            6.24136,
            8.27727,
            6.34393
          ],
          [
            6.24015,
            4.19007,
            6.34173
          ],
          [
            2.0825,
            0.0,
            0.0
          ],
          [
            2.0825,
            4.165,
            0.0
          ],
          [
            6.2475,
            0.0,
            0.0
          ],
          [
            6.2475,
            4.165,
            0.0
          ],
          [
            0.0,
            2.0825,
            0.0
          ],
          [
            0.0,
            6.2475,
            0.0
          ],
          [
            4.165,
            2.0825,
            0.0
          ],
          [
            4.165,
            6.2475,
            0.0
          ],
          [
            2.0825,
            2.0825,
            2.0825
          ],
          [
            2.0825,
            6.2475,
            2.0825
          ],
          [
            6.2475,
            2.0825,
            2.0825
          ],
          [
            6.2475,
            6.2475,
            2.0825
          ],
          [
            0.0,
            0.0,
            2.0825
          ],
          [
            0.0,
            4.165,
            2.0825
          ],
          [
            4.165,
            0.0,
            2.0825
          ],
          [
            4.165,
            4.165,
            2.0825
          ],
          [
            2.08956,
            -0.01905,
            4.16226
          ],
          [
            2.08882,
            4.18245,
            4.16138
          ],
          [
            6.25475,
            -0.15389,
            4.1377
          ],
          [
            6.25382,
            4.3197,
            4.13666
          ],
          [
            8.31042,
            2.08167,
            4.15302
          ],
          [
            8.19921,
            6.24743,
            4.08889
          ],
          [
            4.18612,
            2.08163,
            4.15216
          ],
          [
            4.36964,
            6.24674,
            4.1499
          ],
          [
            2.07768,
            2.07664,
            6.23812
          ],
          [
            2.21472,
            6.24175,
            6.2065
          ],
          [
            6.22384,
            2.08159,
            6.2143
          ],
          [
            -0.00383,
            0.02666,
            6.25883
          ],
          [
            -0.00646,
            4.12633,
            6.25732
          ],
          [
            4.15794,
            0.01137,
            6.2589
          ],
          [
            4.15464,
            4.14363,
            6.25873
          ]
        ],
        "Stress": [
          [
            -52.70703,
            -0.0173,
            -0.6956
          ],
          [
            -0.0173,
            -52.46545,
            -0.14334
          ],
          [
            -0.6956,
            -0.14334,
            -25.36146
          ]
        ],
        "computation_code": "VASP",
        "pseudopotential_information": [
          [
            "PAW_PBE",
            "Ni",
            "02Aug2007"
          ],
          [
            "PAW_PBE",
            "Al",
            "04Jan2001"
          ],
          [
            "PAW_PBE",
            "O",
            "08Apr2002"
          ]
        ]
      }
    ],
    "EnergyStyle": "electronvolt",
    "ForcesStyle": "electronvoltperangstrom",
    "LatticeStyle": "angstrom",
    "PositionsStyle": "angstrom",
    "StressStyle": "kB"
  }
}