{
  "Dataset": {
    "AtomTypeStyle": "chemicalsymbol",
    "Data": [
      {
        "AtomTypes": [
          "Ni",
          "Ni",
          "Ni",
          "Ni",
          "Ni",
          "Ni",
          "Ni",
          "Ni",
          "Ni",
          "Ni",
          "Ni",
          "Ni",
          "Ni",
          "Ni",
          "Ni",
          "Ni",
          "Ni",
          "Ni",
          "Ni",
          "Ni",
          "Ni",
          "Ni",
          "Ni",
          "Ni",
          "Ni",
          "Ni",
          "Ni",
          "Ni",
          "Ni",
          "Ni",
          "Al",
          "O",
          "O",
          "O",
          "O",
          "O",
          "O",
          "O",
          "O",
          "O",
          "O",
          "O",
          "O",
          "O",
          "O",
          "O",
          "O",
          "O",
          "O",
          "O",
          "O",
          "O",
          "O",
          "O",
          "O",
          "O",
          "O",
          "O",
          "O",
          "O",
          "O",
          "O",
          "O"
        ],
        "Energy": -337.03806603,
        "Forces": [
          [
            0.026118,
            -0.002419,
            0.344309
          ],
          [
            0.032157,
            0.030336,
            0.321521
          ],
          [
            0.002425,
            -0.003115,
            0.378095
          ],
          [
            -0.003001,
            0.030911,
            0.344984
          ],
          [
            0.02941,
            0.003358,
            0.344046
          ],
          [
            0.02785,
            0.026434,
            0.374918
          ],
          [
            -0.001168,
            -0.002713,
            0.317652
          ],
          [
            -0.002844,
            0.031856,
            0.349677
          ],
          [
            0.04756,
            -0.056621,
            -0.095898
          ],
          [
            0.026661,
            0.03167,
            -0.132255
          ],
          [
            -0.046217,
            -0.054486,
            -0.144264
          ],
          [
            -0.066667,
            0.070841,
            -0.2003
          ],
          [
            0.038308,
            -0.053724,
            -0.019215
          ],
          [
            0.03267,
            0.049498,
            -0.090527
          ],
          [
            -0.066198,
            -0.059475,
            -0.095475
          ],
          [
            -0.05218,
            0.038041,
            -0.192735
          ],
          [
            0.001888,
            0.033446,
            -0.243653
          ],
          [
            -0.162295,
            -0.032453,
            -0.095579
          ],
          [
            -0.024076,
            0.055609,
            -0.371714
          ],
          [
            0.275857,
            -0.038818,
            -0.316763
          ],
          [
            -0.032941,
            -0.050455,
            -0.27258
          ],
          [
            -0.060412,
            0.090409,
            -0.448404
          ],
          [
            0.042291,
            0.125361,
            -0.062297
          ],
          [
            0.036437,
            -0.201649,
            -0.245821
          ],
          [
            -0.141688,
            0.124396,
            0.024949
          ],
          [
            -0.082675,
            -0.081317,
            -0.075657
          ],
          [
            0.143908,
            -0.083236,
            -0.070024
          ],
          [
            0.155747,
            -0.128606,
            1.058777
          ],
          [
            -0.32025,
            0.33674,
            1.288212
          ],
          [
            -0.264993,
            0.25257,
            0.929989
          ],
          [
            0.086073,
            -0.075954,
            -0.157376
          ],
          [
            -0.018864,
            0.017685,
            -0.180541
          ],
          [
            -0.016103,
            -0.019578,
            -0.16021
          ],
          [
            0.017666,
            0.017923,
            -0.158605
          ],
          [
            0.016456,
            -0.019718,
            -0.121743
          ],
          [
            -0.016611,
            0.013768,
            -0.170751
          ],
          [
            -0.015976,
            -0.015149,
            -0.206781
          ],
          [
            0.013875,
            0.015849,
            -0.204224
          ],
          [
            0.015145,
            -0.019077,
            -0.246197
          ],
          [
            -0.078535,
            0.026887,
            0.048074
          ],
          [
            -0.127877,
            -0.049446,
            -0.023798
          ],
          [
            0.057777,
            -0.003005,
            0.029558
          ],
          [
            0.086748,
            -0.017569,
            -0.06381
          ],
          [
            -0.051877,
            0.051861,
            0.043228
          ],
          [
            -0.018711,
            -0.089027,
            0.032087
          ],
          [
            0.021396,
            0.098704,
            -0.03171
          ],
          [
            -0.005478,
            -0.121389,
            -0.064618
          ],
          [
            -0.009452,
            0.0211,
            -0.480963
          ],
          [
            0.015377,
            -0.007078,
            -0.647791
          ],
          [
            -0.002248,
            -0.022055,
            -0.485581
          ],
          [
            -0.00788,
            0.005091,
            -0.001497
          ],
          [
            0.040921,
            -0.029763,
            -0.024549
          ],
          [
            0.005211,
            0.017763,
            0.106374
          ],
          [
            -0.01298,
            0.026692,
            0.105413
          ],
          [
            -0.029303,
            0.017896,
            -0.106928
          ],
          [
            -0.042726,
            -0.183693,
            0.041972
          ],
          [
            -0.091081,
            0.032782,
            0.041843
          ],
          [
            -0.02075,
            0.18679,
            0.020439
          ],
          [
            0.136163,
            -0.380732,
            0.029982
          ],
          [
            0.020016,
            0.038258,
            0.047967
          ],
          [
            -0.243854,
            -0.002785,
            0.014776
          ],
          [
            0.114753,
            0.114605,
            0.041886
          ],
          [
            0.571043,
            -0.130025,
            0.030105
          ]
        ],
        "Lattice": [
          [
            8.33,
            0.0,
            0.0
          ],
          [
            0.0,
            8.33,
            0.0
          ],
          [
            0.0,
            0.0,
            20.227360776
          ]
        ],
        "NumAtoms": 63,
        "Positions": [
          [
            0.0,
            0.0,
            0.0
          ],
          [
            0.0,
            4.165,
            0.0
          ],
          [
            4.165,
            0.0,
            0.0
          ],
          [
            4.165,
            4.165,
            0.0
          ],
          [
            2.0825,
            2.0825,
            0.0
          ],
          [
            2.0825,
            6.2475,
            0.0
          ],
          [
            6.2475,
            2.0825,
            0.0
          ],
          [
            6.2475,
            6.2475,
            0.0
          ],
          [
            0.0,
            2.0825,
            2.0825
          ],
          [
            0.0,
            6.2475,
            2.0825
          ],
          [
            4.165,
            2.0825,
            2.0825
          ],
          [
            4.165,
            6.2475,
            2.0825
          ],
          [
            2.0825,
            0.0,
            2.0825
          ],
          [
            2.0825,
            4.165,
            2.0825
          ],
          [
            6.2475,
            0.0,
            2.0825
          ],
          [
            6.2475,
            4.165,
            2.0825
          ],
          [
            -0.00512,
            -0.01969,
            4.19374
          ],
          [
            0.01329,
            4.169,
            4.17157
          ],
          [
            4.15487,
            8.29181,
            4.20967
          ],
          [
            4.14287,
            4.21113,
            4.17188
          ],
          [
            2.09546,
            2.07988,
            4.19526
          ],
          [
            2.11644,
            6.24911,
            4.21027
          ],
          [
            6.23506,
            2.05948,
            4.16729
          ],
          [
            6.19533,
            6.25774,
            4.17579
          ],
          [
            0.00755,
            2.04812,
            6.21639
          ],
          [
            -0.03141,
            6.1925,
            6.21834
          ],
          [
            4.19901,
            2.09888,
            6.21551
          ],
          [
            2.14767,
            8.23787,
            6.25722
          ],
          [
            2.23372,
            4.24311,
            6.25023
          ],
          [
            6.14923,
            8.15593,
            6.24914
          ],
          [
            6.18639,
            4.20666,
            6.10077
          ],
          [
            2.0825,
            0.0,
            0.0
          ],
          [
            2.0825,
            4.165,
            0.0
          ],
          [
            6.2475,
            0.0,
            0.0
          ],
          [
            6.2475,
            4.165,
            0.0
          ],
          [
            0.0,
            2.0825,
            0.0
          ],
          [
            0.0,
            6.2475,
            0.0
          ],
          [
            4.165,
            2.0825,
            0.0
          ],
          [
            4.165,
            6.2475,
            0.0
          ],
          [
            2.0825,
            2.0825,
            2.0825
          ],
          [
            2.0825,
            6.2475,
            2.0825
          ],
          [
            6.2475,
            2.0825,
            2.0825
          ],
          [
            6.2475,
            6.2475,
            2.0825
          ],
          [
            0.0,
            0.0,
            2.0825
          ],
          [
            0.0,
            4.165,
            2.0825
          ],
          [
            4.165,
            0.0,
            2.0825
          ],
          [
            4.165,
            4.165,
            2.0825
          ],
          [
            2.07201,
            0.00365,
            4.19374
          ],
          [
            2.07018,
            4.16106,
            4.2099
          ],
          [
            6.24498,
            0.00347,
            4.20822
          ],
          [
            6.23811,
            4.1641,
            4.21143
          ],
          [
            8.32015,
            2.08382,
            4.18124
          ],
          [
            -0.01953,
            6.23344,
            4.14081
          ],
          [
            4.17073,
            2.09192,
            4.14048
          ],
          [
            4.16172,
            6.24482,
            4.08094
          ],
          [
            2.10908,
            2.13383,
            6.26415
          ],
          [
            1.8789,
            6.21189,
            6.25797
          ],
          [
            6.24548,
            2.26809,
            6.261
          ],
          [
            6.35907,
            6.07638,
            6.25459
          ],
          [
            8.26339,
            -0.03816,
            6.26454
          ],
          [
            8.12882,
            4.14876,
            6.26087
          ],
          [
            4.18011,
            0.18649,
            6.25917
          ],
          [
            4.31623,
            4.03369,
            6.25071
          ]
        ],
        "Stress": [
          [
            -45.18621,
            -2.24133,
            -0.01541
          ],
          [
            -2.24133,
            -45.12131,
            -0.10934
          ],
          [
            -0.01541,
            -0.10934,
            -20.3852
          ]
        ],
        "computation_code": "VASP",
        "pseudopotential_information": [
          [
            "PAW_PBE",
            "Ni",
            "02Aug2007"
          ],
          [
            "PAW_PBE",
            "Al",
            "04Jan2001"
          ],
          [
            "PAW_PBE",
            "O",
            "08Apr2002"
          ]
        ]
      }
    ],
    "EnergyStyle": "electronvolt",
    "ForcesStyle": "electronvoltperangstrom",
    "LatticeStyle": "angstrom",
    "PositionsStyle": "angstrom",
    "StressStyle": "kB"
  }
}