{
  "Dataset": {
    "AtomTypeStyle": "chemicalsymbol",
    "Data": [
      {
        "AtomTypes": [
          "Ni",
          "Ni",
          "Ni",
          "Ni",
          "Ni",
          "Ni",
          "Ni",
          "Ni",
          "Ni",
          "Ni",
          "Ni",
          "Ni",
          "Ni",
          "Ni",
          "Ni",
          "Ni",
          "Ni",
          "Ni",
          "Ni",
          "Ni",
          "Ni",
          "Ni",
          "Ni",
          "Ni",
          "Ni",
          "Ni",
          "Ni",
          "Ni",
          "Ni",
          "Ni",
          "Al",
          "O",
          "O",
          "O",
          "O",
          "O",
          "O",
          "O",
          "O",
          "O",
          "O",
          "O",
          "O",
          "O",
          "O",
          "O",
          "O",
          "O",
          "O",
          "O",
          "O",
          "O",
          "O",
          "O",
          "O",
          "O",
          "O",
          "O",
          "O",
          "O",
          "O",
          "O",
          "O"
        ],
        "Energy": -336.74761861,
        "Forces": [
          [
            0.029033,
            0.001887,
            0.345247
          ],
          [
            0.040213,
            0.027692,
            0.318539
          ],
          [
            -0.000133,
            0.012688,
            0.386467
          ],
          [
            -0.010017,
            0.014728,
            0.357435
          ],
          [
            0.025491,
            0.001608,
            0.344642
          ],
          [
            0.01213,
            0.027839,
            0.385512
          ],
          [
            0.001841,
            -0.008626,
            0.316905
          ],
          [
            0.014742,
            0.038942,
            0.357212
          ],
          [
            0.034259,
            -0.040474,
            -0.126799
          ],
          [
            0.040222,
            0.048787,
            0.020508
          ],
          [
            -0.05791,
            -0.062931,
            0.016874
          ],
          [
            -0.039621,
            0.026798,
            -0.482319
          ],
          [
            0.06695,
            -0.082638,
            -0.074399
          ],
          [
            0.072957,
            0.074201,
            -0.104871
          ],
          [
            -0.08209,
            -0.084363,
            -0.110871
          ],
          [
            -0.088097,
            0.065699,
            -0.138077
          ],
          [
            -0.055371,
            -0.071961,
            0.239765
          ],
          [
            0.037087,
            0.019913,
            0.392105
          ],
          [
            0.03989,
            0.138501,
            -0.19529
          ],
          [
            -0.197805,
            -0.107381,
            -0.275491
          ],
          [
            0.058707,
            0.040315,
            0.244447
          ],
          [
            -0.098358,
            -0.042357,
            -0.22436
          ],
          [
            -0.034509,
            -0.061815,
            0.37581
          ],
          [
            0.143895,
            0.160302,
            -0.258939
          ],
          [
            -0.175303,
            0.170976,
            -0.435989
          ],
          [
            -0.149734,
            -0.413116,
            -0.035871
          ],
          [
            0.41364,
            0.195016,
            -0.020275
          ],
          [
            0.010074,
            0.005671,
            0.104121
          ],
          [
            0.147166,
            -0.019298,
            -0.180713
          ],
          [
            0.046519,
            -0.131012,
            -0.227892
          ],
          [
            0.611361,
            -0.576433,
            0.616142
          ],
          [
            -0.016769,
            0.017153,
            -0.199629
          ],
          [
            -0.01585,
            -0.018115,
            -0.177574
          ],
          [
            0.01459,
            0.015441,
            -0.175486
          ],
          [
            0.016322,
            -0.016252,
            -0.109403
          ],
          [
            -0.019393,
            0.016923,
            -0.179877
          ],
          [
            -0.023777,
            -0.019094,
            -0.199973
          ],
          [
            0.018033,
            0.016864,
            -0.19657
          ],
          [
            0.017218,
            -0.018602,
            -0.193938
          ],
          [
            -0.027966,
            0.014342,
            -0.055243
          ],
          [
            -0.141046,
            -0.041018,
            -0.048855
          ],
          [
            -0.002821,
            0.11321,
            -0.001978
          ],
          [
            0.126608,
            -0.124213,
            0.04321
          ],
          [
            -0.03939,
            0.010655,
            -0.059981
          ],
          [
            -0.130973,
            -0.023956,
            0.000727
          ],
          [
            0.015176,
            0.118454,
            -0.039861
          ],
          [
            0.106829,
            -0.167448,
            0.026166
          ],
          [
            0.064006,
            -0.054455,
            0.01396
          ],
          [
            0.110929,
            0.04907,
            0.298137
          ],
          [
            -0.080191,
            -0.152796,
            0.329284
          ],
          [
            -0.16596,
            0.163638,
            -0.815638
          ],
          [
            0.021372,
            -0.010055,
            0.10304
          ],
          [
            -0.107171,
            -0.007566,
            -0.226424
          ],
          [
            -0.021786,
            0.02416,
            -0.243902
          ],
          [
            0.05267,
            -0.021643,
            0.361623
          ],
          [
            0.401858,
            0.295483,
            -0.043141
          ],
          [
            -0.469914,
            -0.144492,
            0.150862
          ],
          [
            -0.214553,
            0.037888,
            -0.194958
          ],
          [
            0.170773,
            0.423608,
            0.014834
          ],
          [
            -0.283774,
            -0.377434,
            -0.039538
          ],
          [
            0.000476,
            0.241669,
            -0.177425
          ],
          [
            0.159956,
            0.454014,
            0.121494
          ],
          [
            -0.39271,
            -0.184593,
            -0.01352
          ]
        ],
        "Lattice": [
          [
            8.33,
            0.0,
            0.0
          ],
          [
            0.0,
            8.33,
            0.0
          ],
          [
            0.0,
            0.0,
            20.227360776
          ]
        ],
        "NumAtoms": 63,
        "Positions": [
          [
            0.0,
            0.0,
            0.0
          ],
          [
            0.0,
            4.165,
            0.0
          ],
          [
            4.165,
            0.0,
            0.0
          ],
          [
            4.165,
            4.165,
            0.0
          ],
          [
            2.0825,
            2.0825,
            0.0
          ],
          [
            2.0825,
            6.2475,
            0.0
          ],
          [
            6.2475,
            2.0825,
            0.0
          ],
          [
            6.2475,
            6.2475,
            0.0
          ],
          [
            0.0,
            2.0825,
            2.0825
          ],
          [
            0.0,
            6.2475,
            2.0825
          ],
          [
            4.165,
            2.0825,
            2.0825
          ],
          [
            4.165,
            6.2475,
            2.0825
          ],
          [
            2.0825,
            0.0,
            2.0825
          ],
          [
            2.0825,
            4.165,
            2.0825
          ],
          [
            6.2475,
            0.0,
            2.0825
          ],
          [
            6.2475,
            4.165,
            2.0825
          ],
          [
            0.00411,
            0.00347,
            4.16961
          ],
          [
            0.00928,
            4.16427,
            4.16148
          ],
          [
            4.15365,
            8.27345,
            4.22011
          ],
          [
            4.15158,
            4.20289,
            4.2115
          ],
          [
            2.07363,
            2.07198,
            4.16985
          ],
          [
            2.13033,
            6.25329,
            4.22109
          ],
          [
            6.24265,
            2.06664,
            4.1597
          ],
          [
            6.19963,
            6.25442,
            4.21519
          ],
          [
            0.00172,
            2.0539,
            6.29728
          ],
          [
            0.01135,
            6.25664,
            6.23042
          ],
          [
            4.13012,
            2.04622,
            6.22769
          ],
          [
            2.13245,
            8.24871,
            6.22661
          ],
          [
            2.1413,
            4.22215,
            6.25003
          ],
          [
            6.1626,
            8.24386,
            6.25123
          ],
          [
            6.14097,
            4.24327,
            6.10581
          ],
          [
            2.0825,
            0.0,
            0.0
          ],
          [
            2.0825,
            4.165,
            0.0
          ],
          [
            6.2475,
            0.0,
            0.0
          ],
          [
            6.2475,
            4.165,
            0.0
          ],
          [
            0.0,
            2.0825,
            0.0
          ],
          [
            0.0,
            6.2475,
            0.0
          ],
          [
            4.165,
            2.0825,
            0.0
          ],
          [
            4.165,
            6.2475,
            0.0
          ],
          [
            2.0825,
            2.0825,
            2.0825
          ],
          [
            2.0825,
            6.2475,
            2.0825
          ],
          [
            6.2475,
            2.0825,
            2.0825
          ],
          [
            6.2475,
            6.2475,
            2.0825
          ],
          [
            0.0,
            0.0,
            2.0825
          ],
          [
            0.0,
            4.165,
            2.0825
          ],
          [
            4.165,
            0.0,
            2.0825
          ],
          [
            4.165,
            4.165,
            2.0825
          ],
          [
            2.07002,
            0.00822,
            4.17204
          ],
          [
            2.06908,
            4.15131,
            4.1719
          ],
          [
            6.25545,
            0.00981,
            4.17069
          ],
          [
            6.2567,
            4.14773,
            4.28432
          ],
          [
            8.31501,
            2.08884,
            4.16696
          ],
          [
            0.00082,
            6.2423,
            4.18315
          ],
          [
            4.16743,
            2.08613,
            4.18553
          ],
          [
            4.16747,
            6.23451,
            4.02799
          ],
          [
            2.04312,
            2.07809,
            6.2701
          ],
          [
            1.95828,
            6.23068,
            6.23395
          ],
          [
            6.25236,
            2.22262,
            6.30423
          ],
          [
            6.37022,
            6.08541,
            6.26829
          ],
          [
            8.3111,
            0.01721,
            6.27175
          ],
          [
            8.16774,
            4.13482,
            6.29916
          ],
          [
            4.15663,
            0.10425,
            6.23725
          ],
          [
            4.30317,
            4.0203,
            6.27125
          ]
        ],
        "Stress": [
          [
            -57.62825,
            -1.25114,
            0.28153
          ],
          [
            -1.25114,
            -57.59294,
            -0.02909
          ],
          [
            0.28153,
            -0.02909,
            -28.17869
          ]
        ],
        "computation_code": "VASP",
        "pseudopotential_information": [
          [
            "PAW_PBE",
            "Ni",
            "02Aug2007"
          ],
          [
            "PAW_PBE",
            "Al",
            "04Jan2001"
          ],
          [
            "PAW_PBE",
            "O",
            "08Apr2002"
          ]
        ]
      }
    ],
    "EnergyStyle": "electronvolt",
    "ForcesStyle": "electronvoltperangstrom",
    "LatticeStyle": "angstrom",
    "PositionsStyle": "angstrom",
    "StressStyle": "kB"
  }
}