{
  "Dataset": {
    "AtomTypeStyle": "chemicalsymbol",
    "Data": [
      {
        "AtomTypes": [
          "Ni",
          "Ni",
          "Ni",
          "Ni",
          "Ni",
          "Ni",
          "Ni",
          "Ni",
          "Ni",
          "Ni",
          "Ni",
          "Ni",
          "Ni",
          "Ni",
          "Ni",
          "Ni",
          "Ni",
          "Ni",
          "Ni",
          "Ni",
          "Ni",
          "Ni",
          "Ni",
          "Ni",
          "Ni",
          "Ni",
          "Ni",
          "Ni",
          "Ni",
          "Ni",
          "Al",
          "O",
          "O",
          "O",
          "O",
          "O",
          "O",
          "O",
          "O",
          "O",
          "O",
          "O",
          "O",
          "O",
          "O",
          "O",
          "O",
          "O",
          "O",
          "O",
          "O",
          "O",
          "O",
          "O",
          "O",
          "O",
          "O",
          "O",
          "O",
          "O",
          "O",
          "O",
          "O"
        ],
        "Energy": -336.75166665,
        "Forces": [
          [
            -0.076741,
            -0.024433,
            0.325994
          ],
          [
            -0.071575,
            0.051931,
            0.303853
          ],
          [
            0.105414,
            -0.020451,
            0.327508
          ],
          [
            0.101268,
            0.051361,
            0.30471
          ],
          [
            0.014114,
            0.00386,
            0.302283
          ],
          [
            0.002155,
            0.023839,
            0.14518
          ],
          [
            0.014258,
            0.002271,
            0.33056
          ],
          [
            0.019097,
            0.028969,
            0.711068
          ],
          [
            -0.067802,
            -0.04716,
            -0.176267
          ],
          [
            -0.722953,
            0.038823,
            -0.002159
          ],
          [
            0.052704,
            -0.051154,
            -0.166651
          ],
          [
            0.743267,
            0.045697,
            -0.005521
          ],
          [
            -0.010677,
            0.052426,
            -0.204475
          ],
          [
            -0.009982,
            -0.069847,
            -0.255572
          ],
          [
            -0.009509,
            -0.644886,
            0.226632
          ],
          [
            -0.005419,
            0.672002,
            0.139807
          ],
          [
            0.019249,
            -0.011314,
            0.009927
          ],
          [
            0.023779,
            0.008172,
            0.011636
          ],
          [
            -0.018905,
            0.003184,
            0.012416
          ],
          [
            -0.026461,
            -0.004438,
            0.010033
          ],
          [
            0.001884,
            0.01915,
            0.017714
          ],
          [
            0.008774,
            -0.026496,
            0.05195
          ],
          [
            -0.006323,
            0.022147,
            0.002522
          ],
          [
            -0.019725,
            0.023374,
            -0.004542
          ],
          [
            0.016235,
            -0.026567,
            -0.007085
          ],
          [
            0.010616,
            0.029227,
            0.014515
          ],
          [
            -0.003168,
            -0.020156,
            -0.007605
          ],
          [
            0.000414,
            -0.015293,
            -0.007749
          ],
          [
            -0.000827,
            0.016033,
            -0.122929
          ],
          [
            -0.002495,
            -0.019955,
            -0.003713
          ],
          [
            0.00465,
            -0.052886,
            -0.042832
          ],
          [
            -0.000315,
            -0.011717,
            -0.131108
          ],
          [
            0.000479,
            0.010905,
            -0.111562
          ],
          [
            -0.002699,
            0.139861,
            -0.241854
          ],
          [
            -0.001431,
            -0.147678,
            -0.211146
          ],
          [
            0.064386,
            0.012478,
            -0.1522
          ],
          [
            0.19748,
            -0.014499,
            -0.200078
          ],
          [
            -0.06562,
            0.012092,
            -0.152532
          ],
          [
            -0.203683,
            -0.014641,
            -0.190706
          ],
          [
            -0.010694,
            0.013643,
            0.032038
          ],
          [
            -0.002183,
            -0.0441,
            0.41049
          ],
          [
            -0.011645,
            0.021953,
            -0.13982
          ],
          [
            -0.037054,
            -0.044766,
            -0.903762
          ],
          [
            0.113656,
            0.050525,
            -0.043516
          ],
          [
            0.121887,
            -0.0637,
            -0.058958
          ],
          [
            -0.137743,
            0.048926,
            -0.043191
          ],
          [
            -0.142129,
            -0.063599,
            -0.062252
          ],
          [
            0.001258,
            -0.007714,
            -0.005904
          ],
          [
            -0.00154,
            0.004414,
            0.052594
          ],
          [
            0.005358,
            -0.009348,
            -0.006703
          ],
          [
            0.004422,
            0.01315,
            0.011494
          ],
          [
            0.035601,
            0.009192,
            -0.002628
          ],
          [
            0.012468,
            0.000766,
            -0.003485
          ],
          [
            -0.027965,
            -0.006268,
            -0.015059
          ],
          [
            -0.014205,
            -0.006776,
            0.012284
          ],
          [
            0.019146,
            0.084241,
            -0.011454
          ],
          [
            -0.005125,
            -0.080056,
            -0.035271
          ],
          [
            -0.003834,
            0.016982,
            0.019167
          ],
          [
            -0.002769,
            0.020775,
            -0.000671
          ],
          [
            -0.01838,
            -0.026075,
            -0.013326
          ],
          [
            0.027002,
            0.021679,
            -0.002222
          ],
          [
            0.021886,
            -0.006355,
            -0.027184
          ],
          [
            -0.021329,
            0.008279,
            -0.012678
          ]
        ],
        "Lattice": [
          [
            8.33,
            0.0,
            0.0
          ],
          [
            0.0,
            8.33,
            0.0
          ],
          [
            0.0,
            0.0,
            20.227360776
          ]
        ],
        "NumAtoms": 63,
        "Positions": [
          [
            0.0,
            0.0,
            0.0
          ],
          [
            0.0,
            4.165,
            0.0
          ],
          [
            4.165,
            0.0,
            0.0
          ],
          [
            4.165,
            4.165,
            0.0
          ],
          [
            2.0825,
            2.0825,
            0.0
          ],
          [
            2.0825,
            6.2475,
            0.0
          ],
          [
            6.2475,
            2.0825,
            0.0
          ],
          [
            6.2475,
            6.2475,
            0.0
          ],
          [
            0.0,
            2.0825,
            2.0825
          ],
          [
            0.0,
            6.2475,
            2.0825
          ],
          [
            4.165,
            2.0825,
            2.0825
          ],
          [
            4.165,
            6.2475,
            2.0825
          ],
          [
            2.0825,
            0.0,
            2.0825
          ],
          [
            2.0825,
            4.165,
            2.0825
          ],
          [
            6.2475,
            0.0,
            2.0825
          ],
          [
            6.2475,
            4.165,
            2.0825
          ],
          [
            -0.05676,
            -0.02797,
            4.14796
          ],
          [
            -0.03444,
            4.19069,
            4.1288
          ],
          [
            4.20854,
            8.29884,
            4.14941
          ],
          [
            4.18833,
            4.18951,
            4.12878
          ],
          [
            2.07727,
            2.06817,
            4.16495
          ],
          [
            2.07618,
            6.25319,
            4.16084
          ],
          [
            6.24274,
            2.07909,
            4.17285
          ],
          [
            8.27965,
            2.05824,
            6.20799
          ],
          [
            -0.07352,
            6.24067,
            6.17219
          ],
          [
            4.19387,
            2.05727,
            6.20641
          ],
          [
            4.22015,
            6.2388,
            6.17183
          ],
          [
            2.07003,
            8.32283,
            6.1964
          ],
          [
            2.07104,
            4.14262,
            6.2264
          ],
          [
            6.23291,
            8.15544,
            6.14163
          ],
          [
            6.23865,
            4.2196,
            6.04415
          ],
          [
            2.0825,
            0.0,
            0.0
          ],
          [
            2.0825,
            4.165,
            0.0
          ],
          [
            6.2475,
            0.0,
            0.0
          ],
          [
            6.2475,
            4.165,
            0.0
          ],
          [
            0.0,
            2.0825,
            0.0
          ],
          [
            0.0,
            6.2475,
            0.0
          ],
          [
            4.165,
            2.0825,
            0.0
          ],
          [
            4.165,
            6.2475,
            0.0
          ],
          [
            2.0825,
            2.0825,
            2.0825
          ],
          [
            2.0825,
            6.2475,
            2.0825
          ],
          [
            6.2475,
            2.0825,
            2.0825
          ],
          [
            6.2475,
            6.2475,
            2.0825
          ],
          [
            0.0,
            0.0,
            2.0825
          ],
          [
            0.0,
            4.165,
            2.0825
          ],
          [
            4.165,
            0.0,
            2.0825
          ],
          [
            4.165,
            4.165,
            2.0825
          ],
          [
            2.07931,
            -0.02494,
            4.16752
          ],
          [
            2.0784,
            4.18375,
            4.17375
          ],
          [
            6.24356,
            0.10476,
            4.19064
          ],
          [
            6.24057,
            4.09342,
            4.20996
          ],
          [
            0.01963,
            2.0843,
            4.17223
          ],
          [
            0.21954,
            6.24726,
            4.16189
          ],
          [
            4.13756,
            2.08686,
            4.17355
          ],
          [
            3.93375,
            6.24645,
            4.16029
          ],
          [
            2.07258,
            2.06581,
            6.27029
          ],
          [
            2.07517,
            6.24439,
            6.1853
          ],
          [
            6.23968,
            2.30476,
            6.31564
          ],
          [
            6.24085,
            6.05292,
            6.46016
          ],
          [
            8.28895,
            -0.01954,
            6.24958
          ],
          [
            8.19101,
            4.171,
            6.23024
          ],
          [
            4.1883,
            -0.02272,
            6.25159
          ],
          [
            4.28828,
            4.17096,
            6.23176
          ]
        ],
        "Stress": [
          [
            -57.52054,
            -0.11786,
            -0.066
          ],
          [
            -0.11786,
            -56.53889,
            -0.32049
          ],
          [
            -0.066,
            -0.32049,
            -27.4183
          ]
        ],
        "computation_code": "VASP",
        "pseudopotential_information": [
          [
            "PAW_PBE",
            "Ni",
            "02Aug2007"
          ],
          [
            "PAW_PBE",
            "Al",
            "04Jan2001"
          ],
          [
            "PAW_PBE",
            "O",
            "08Apr2002"
          ]
        ]
      }
    ],
    "EnergyStyle": "electronvolt",
    "ForcesStyle": "electronvoltperangstrom",
    "LatticeStyle": "angstrom",
    "PositionsStyle": "angstrom",
    "StressStyle": "kB"
  }
}