{
  "Dataset": {
    "AtomTypeStyle": "chemicalsymbol",
    "Data": [
      {
        "AtomTypes": [
          "Ni",
          "Ni",
          "Ni",
          "Ni",
          "Ni",
          "Ni",
          "Ni",
          "Ni",
          "Ni",
          "Ni",
          "Ni",
          "Ni",
          "Ni",
          "Ni",
          "Ni",
          "Ni",
          "Ni",
          "Ni",
          "Ni",
          "Ni",
          "Ni",
          "Ni",
          "Ni",
          "Al",
          "Ni",
          "Ni",
          "Ni",
          "Ni",
          "Ni",
          "Ni",
          "Ni",
          "Ni",
          "O",
          "O",
          "O",
          "O",
          "O",
          "O",
          "O",
          "O",
          "O",
          "O",
          "O",
          "O",
          "O",
          "O",
          "O",
          "O",
          "O",
          "O",
          "O",
          "O",
          "O",
          "O",
          "O",
          "O",
          "O",
          "O",
          "O",
          "O",
          "O",
          "O",
          "O"
        ],
        "Energy": -332.02601287,
        "Forces": [
          [
            0.051606,
            0.036539,
            0.369576
          ],
          [
            0.050574,
            -0.009104,
            0.366894
          ],
          [
            -0.023038,
            0.042856,
            0.344654
          ],
          [
            -0.023448,
            -0.016561,
            0.344088
          ],
          [
            0.003264,
            0.013713,
            0.359994
          ],
          [
            -0.005198,
            0.014605,
            0.342526
          ],
          [
            0.025022,
            0.013313,
            0.321995
          ],
          [
            0.03315,
            0.012953,
            0.155777
          ],
          [
            0.046644,
            -0.00142,
            -0.090045
          ],
          [
            0.297698,
            0.001447,
            -0.544868
          ],
          [
            -0.053075,
            -0.006712,
            -0.124637
          ],
          [
            -0.244197,
            -0.005603,
            -0.281252
          ],
          [
            -0.030669,
            0.005065,
            -0.0771
          ],
          [
            -0.034966,
            -0.014013,
            -0.086397
          ],
          [
            0.037396,
            0.244751,
            -0.37528
          ],
          [
            0.031692,
            -0.256763,
            -0.379607
          ],
          [
            0.005375,
            -0.001857,
            -0.001147
          ],
          [
            -0.009616,
            0.004898,
            -0.001099
          ],
          [
            -0.011027,
            0.003554,
            -0.000182
          ],
          [
            0.003472,
            -3.4e-05,
            0.002287
          ],
          [
            -0.000478,
            -0.003843,
            0.001448
          ],
          [
            -0.002989,
            0.004315,
            0.000284
          ],
          [
            -0.005745,
            0.008226,
            -0.001418
          ],
          [
            0.001529,
            -0.015013,
            -0.000186
          ],
          [
            -0.001304,
            0.001233,
            -0.000279
          ],
          [
            -0.020841,
            -0.006832,
            -0.005184
          ],
          [
            -0.007809,
            0.004524,
            -0.002844
          ],
          [
            -0.004899,
            -0.003746,
            -0.007974
          ],
          [
            -0.004523,
            -0.000102,
            -0.001475
          ],
          [
            -0.003501,
            0.003144,
            0.00288
          ],
          [
            -0.010518,
            0.0017,
            0.027516
          ],
          [
            -0.007124,
            -0.003039,
            -0.006006
          ],
          [
            0.014176,
            -0.015181,
            -0.203003
          ],
          [
            0.014283,
            0.01379,
            -0.202813
          ],
          [
            -0.01609,
            -0.035937,
            -0.161043
          ],
          [
            -0.015882,
            0.036716,
            -0.160996
          ],
          [
            -0.027762,
            0.000763,
            -0.214526
          ],
          [
            -0.045965,
            -0.001072,
            -0.209612
          ],
          [
            0.02601,
            0.000552,
            -0.197824
          ],
          [
            0.043243,
            -0.001317,
            -0.161994
          ],
          [
            0.009551,
            -0.011487,
            0.010269
          ],
          [
            0.082502,
            -0.013662,
            0.179559
          ],
          [
            -0.029338,
            -0.009163,
            0.152957
          ],
          [
            -0.070323,
            -0.011954,
            0.733983
          ],
          [
            -0.041803,
            0.02157,
            -0.070392
          ],
          [
            -0.042689,
            -0.046982,
            -0.0689
          ],
          [
            0.034085,
            -0.065192,
            -0.028881
          ],
          [
            0.034232,
            0.042197,
            -0.034116
          ],
          [
            -0.001837,
            0.000799,
            -0.001142
          ],
          [
            -0.001772,
            -0.001197,
            0.000616
          ],
          [
            -0.00387,
            0.003238,
            -0.011572
          ],
          [
            -0.003246,
            0.000675,
            0.000865
          ],
          [
            -0.00178,
            4.3e-05,
            -0.004442
          ],
          [
            -0.00389,
            0.000637,
            0.002131
          ],
          [
            -0.003708,
            -5.2e-05,
            -0.001014
          ],
          [
            -0.00516,
            0.001133,
            0.003619
          ],
          [
            -0.008007,
            0.000982,
            -0.000297
          ],
          [
            0.008202,
            -2.6e-05,
            -0.001259
          ],
          [
            -0.002459,
            0.012374,
            -0.001673
          ],
          [
            0.002624,
            0.001742,
            -0.000572
          ],
          [
            -0.007229,
            0.000561,
            -0.000218
          ],
          [
            -0.014259,
            -0.002857,
            -0.000312
          ],
          [
            -0.004294,
            0.006112,
            -0.000337
          ]
        ],
        "Lattice": [
          [
            8.33,
            0.0,
            0.0
          ],
          [
            0.0,
            8.33,
            0.0
          ],
          [
            0.0,
            0.0,
            20.227360776
          ]
        ],
        "NumAtoms": 63,
        "Positions": [
          [
            0.0,
            0.0,
            0.0
          ],
          [
            0.0,
            4.165,
            0.0
          ],
          [
            4.165,
            0.0,
            0.0
          ],
          [
            4.165,
            4.165,
            0.0
          ],
          [
            2.0825,
            2.0825,
            0.0
          ],
          [
            2.0825,
            6.2475,
            0.0
          ],
          [
            6.2475,
            2.0825,
            0.0
          ],
          [
            6.2475,
            6.2475,
            0.0
          ],
          [
            0.0,
            2.0825,
            2.0825
          ],
          [
            0.0,
            6.2475,
            2.0825
          ],
          [
            4.165,
            2.0825,
            2.0825
          ],
          [
            4.165,
            6.2475,
            2.0825
          ],
          [
            2.0825,
            0.0,
            2.0825
          ],
          [
            2.0825,
            4.165,
            2.0825
          ],
          [
            6.2475,
            0.0,
            2.0825
          ],
          [
            6.2475,
            4.165,
            2.0825
          ],
          [
            0.01243,
            -0.00412,
            4.20957
          ],
          [
            0.01096,
            4.17135,
            4.20824
          ],
          [
            4.1641,
            -0.0018,
            4.19431
          ],
          [
            4.16133,
            4.16221,
            4.1915
          ],
          [
            2.08047,
            2.08144,
            4.18861
          ],
          [
            2.04728,
            6.24637,
            4.2087
          ],
          [
            6.25149,
            2.07696,
            4.18349
          ],
          [
            6.29043,
            6.24775,
            4.0781
          ],
          [
            8.32386,
            2.07586,
            6.2336
          ],
          [
            -0.50349,
            6.25525,
            6.35444
          ],
          [
            4.13873,
            2.07086,
            6.22762
          ],
          [
            4.21959,
            6.22881,
            6.29202
          ],
          [
            2.04657,
            8.26868,
            6.24474
          ],
          [
            2.03992,
            4.20923,
            6.2452
          ],
          [
            6.24129,
            8.27732,
            6.34393
          ],
          [
            6.24013,
            4.19004,
            6.34182
          ],
          [
            2.0825,
            0.0,
            0.0
          ],
          [
            2.0825,
            4.165,
            0.0
          ],
          [
            6.2475,
            0.0,
            0.0
          ],
          [
            6.2475,
            4.165,
            0.0
          ],
          [
            0.0,
            2.0825,
            0.0
          ],
          [
            0.0,
            6.2475,
            0.0
          ],
          [
            4.165,
            2.0825,
            0.0
          ],
          [
            4.165,
            6.2475,
            0.0
          ],
          [
            2.0825,
            2.0825,
            2.0825
          ],
          [
            2.0825,
            6.2475,
            2.0825
          ],
          [
            6.2475,
            2.0825,
            2.0825
          ],
          [
            6.2475,
            6.2475,
            2.0825
          ],
          [
            0.0,
            0.0,
            2.0825
          ],
          [
            0.0,
            4.165,
            2.0825
          ],
          [
            4.165,
            0.0,
            2.0825
          ],
          [
            4.165,
            4.165,
            2.0825
          ],
          [
            2.08955,
            -0.01904,
            4.16227
          ],
          [
            2.08882,
            4.18244,
            4.1614
          ],
          [
            6.25475,
            -0.15394,
            4.1377
          ],
          [
            6.2538,
            4.31962,
            4.13665
          ],
          [
            8.3104,
            2.08169,
            4.15299
          ],
          [
            8.19922,
            6.24742,
            4.08889
          ],
          [
            4.18608,
            2.08166,
            4.15217
          ],
          [
            4.36964,
            6.24672,
            4.14988
          ],
          [
            2.07764,
            2.07664,
            6.23814
          ],
          [
            2.21474,
            6.24179,
            6.20648
          ],
          [
            6.22383,
            2.08159,
            6.21431
          ],
          [
            -0.00386,
            0.02666,
            6.25885
          ],
          [
            -0.0065,
            4.12632,
            6.25731
          ],
          [
            4.15791,
            0.0114,
            6.25891
          ],
          [
            4.15461,
            4.14362,
            6.25873
          ]
        ],
        "Stress": [
          [
            -52.72616,
            -0.01946,
            -0.69426
          ],
          [
            -0.01946,
            -52.48376,
            -0.14269
          ],
          [
            -0.69426,
            -0.14269,
            -25.37931
          ]
        ],
        "computation_code": "VASP",
        "pseudopotential_information": [
          [
            "PAW_PBE",
            "Ni",
            "02Aug2007"
          ],
          [
            "PAW_PBE",
            "Al",
            "04Jan2001"
          ],
          [
            "PAW_PBE",
            "O",
            "08Apr2002"
          ]
        ]
      }
    ],
    "EnergyStyle": "electronvolt",
    "ForcesStyle": "electronvoltperangstrom",
    "LatticeStyle": "angstrom",
    "PositionsStyle": "angstrom",
    "StressStyle": "kB"
  }
}