{
  "Dataset": {
    "AtomTypeStyle": "chemicalsymbol",
    "Data": [
      {
        "AtomTypes": [
          "Ni",
          "Ni",
          "Ni",
          "Ni",
          "Ni",
          "Ni",
          "Ni",
          "Ni",
          "Ni",
          "Ni",
          "Ni",
          "Ni",
          "Ni",
          "Ni",
          "Ni",
          "Ni",
          "Ni",
          "Ni",
          "Ni",
          "Ni",
          "Ni",
          "Ni",
          "Ni",
          "Sn",
          "Ni",
          "Ni",
          "Ni",
          "Ni",
          "Ni",
          "Ni",
          "Ni",
          "Ni",
          "O",
          "O",
          "O",
          "O",
          "O",
          "O",
          "O",
          "O",
          "O",
          "O",
          "O",
          "O",
          "O",
          "O",
          "O",
          "O",
          "O",
          "O",
          "O",
          "O",
          "O",
          "O",
          "O",
          "O",
          "O",
          "O",
          "O",
          "O",
          "O",
          "O",
          "O",
          "O"
        ],
        "Energy": -336.67464171,
        "Forces": [
          [
            -0.004433,
            -0.017539,
            0.225199
          ],
          [
            -0.009048,
            0.046093,
            0.225261
          ],
          [
            0.032291,
            -0.034317,
            0.253954
          ],
          [
            0.032539,
            0.056905,
            0.246492
          ],
          [
            0.025486,
            0.01421,
            0.28172
          ],
          [
            0.037838,
            0.013315,
            0.280138
          ],
          [
            0.002031,
            0.015205,
            0.245318
          ],
          [
            -0.020919,
            -0.001832,
            -0.227492
          ],
          [
            -0.021143,
            -0.006363,
            -0.216699
          ],
          [
            0.374476,
            -0.005875,
            -0.40452
          ],
          [
            0.00612,
            -0.012983,
            -0.191205
          ],
          [
            -0.448333,
            -0.005641,
            -0.91551
          ],
          [
            0.030358,
            -0.070603,
            -0.179019
          ],
          [
            0.024743,
            0.059364,
            -0.179492
          ],
          [
            -0.041516,
            0.365954,
            -0.460616
          ],
          [
            -0.041874,
            -0.395329,
            -0.516929
          ],
          [
            -0.026107,
            -0.018011,
            0.002288
          ],
          [
            -0.007171,
            0.017551,
            -0.002085
          ],
          [
            0.013329,
            -0.010182,
            0.015252
          ],
          [
            -0.005765,
            0.007341,
            0.0149
          ],
          [
            0.004049,
            0.001219,
            0.026662
          ],
          [
            -0.0346,
            -0.003569,
            0.009855
          ],
          [
            -0.00212,
            -0.02635,
            -0.000244
          ],
          [
            0.010545,
            0.053732,
            -0.052143
          ],
          [
            0.021861,
            -0.003349,
            0.018367
          ],
          [
            0.027536,
            0.009939,
            0.085168
          ],
          [
            0.006371,
            -0.004527,
            0.053668
          ],
          [
            0.018028,
            0.012473,
            0.026655
          ],
          [
            0.014825,
            0.001455,
            0.025995
          ],
          [
            0.014943,
            -0.000579,
            0.026954
          ],
          [
            0.014675,
            0.026179,
            0.037444
          ],
          [
            0.004135,
            -0.032766,
            -0.054086
          ],
          [
            -0.015115,
            0.036788,
            -0.112768
          ],
          [
            -0.014874,
            -0.037507,
            -0.113096
          ],
          [
            0.018295,
            0.088156,
            0.004728
          ],
          [
            0.014314,
            -0.083026,
            -0.005552
          ],
          [
            0.019251,
            2.7e-05,
            -0.112537
          ],
          [
            0.073968,
            0.002327,
            -0.019873
          ],
          [
            -0.019848,
            0.000682,
            -0.132081
          ],
          [
            -0.072005,
            -0.001583,
            -0.0972
          ],
          [
            -0.035116,
            -0.010212,
            0.100165
          ],
          [
            -0.205901,
            -0.013965,
            0.115012
          ],
          [
            0.006672,
            -0.016171,
            0.169358
          ],
          [
            0.156169,
            0.005785,
            0.457459
          ],
          [
            -0.095981,
            -0.069928,
            0.225287
          ],
          [
            -0.086119,
            0.046439,
            0.220818
          ],
          [
            0.068552,
            0.090787,
            0.157935
          ],
          [
            0.059596,
            -0.117291,
            0.155953
          ],
          [
            -0.001442,
            0.034938,
            -0.004979
          ],
          [
            -0.004685,
            -0.036919,
            -0.014365
          ],
          [
            -0.006638,
            0.010652,
            -0.028112
          ],
          [
            0.001574,
            -0.012121,
            0.024563
          ],
          [
            0.036439,
            0.007348,
            0.041452
          ],
          [
            0.007737,
            -0.008782,
            -0.012732
          ],
          [
            -0.034666,
            0.005034,
            -0.004871
          ],
          [
            -0.002527,
            -0.00488,
            0.007037
          ],
          [
            0.005139,
            0.010127,
            -0.011988
          ],
          [
            -0.030146,
            -0.00359,
            0.052272
          ],
          [
            0.00819,
            0.021975,
            0.05961
          ],
          [
            0.042377,
            -0.022593,
            0.081692
          ],
          [
            0.025737,
            0.023207,
            0.004147
          ],
          [
            0.01468,
            -0.012411,
            0.01957
          ],
          [
            -0.00574,
            0.050643,
            0.028608
          ],
          [
            0.018961,
            -0.035056,
            0.043239
          ]
        ],
        "Lattice": [
          [
            8.33,
            0.0,
            0.0
          ],
          [
            0.0,
            8.33,
            0.0
          ],
          [
            0.0,
            0.0,
            20.227360776
          ]
        ],
        "NumAtoms": 64,
        "Positions": [
          [
            0.0,
            0.0,
            0.0
          ],
          [
            0.0,
            4.165,
            0.0
          ],
          [
            4.165,
            0.0,
            0.0
          ],
          [
            4.165,
            4.165,
            0.0
          ],
          [
            2.0825,
            2.0825,
            0.0
          ],
          [
            2.0825,
            6.2475,
            0.0
          ],
          [
            6.2475,
            2.0825,
            0.0
          ],
          [
            6.2475,
            6.2475,
            0.0
          ],
          [
            0.0,
            2.0825,
            2.0825
          ],
          [
            0.0,
            6.2475,
            2.0825
          ],
          [
            4.165,
            2.0825,
            2.0825
          ],
          [
            4.165,
            6.2475,
            2.0825
          ],
          [
            2.0825,
            0.0,
            2.0825
          ],
          [
            2.0825,
            4.165,
            2.0825
          ],
          [
            6.2475,
            0.0,
            2.0825
          ],
          [
            6.2475,
            4.165,
            2.0825
          ],
          [
            0.03576,
            0.03289,
            4.20654
          ],
          [
            0.03298,
            4.12698,
            4.20483
          ],
          [
            4.11491,
            0.02369,
            4.21502
          ],
          [
            4.11402,
            4.13218,
            4.21035
          ],
          [
            2.07923,
            2.07913,
            4.18447
          ],
          [
            2.09822,
            6.24581,
            4.21753
          ],
          [
            6.24027,
            2.08178,
            4.20115
          ],
          [
            6.18161,
            6.23812,
            4.32559
          ],
          [
            0.00446,
            2.07225,
            6.24914
          ],
          [
            0.05079,
            6.23812,
            6.33697
          ],
          [
            4.1424,
            2.07072,
            6.25073
          ],
          [
            4.10714,
            6.22999,
            6.60405
          ],
          [
            2.0958,
            8.30858,
            6.26051
          ],
          [
            2.0959,
            4.16587,
            6.2586
          ],
          [
            6.22659,
            0.04147,
            6.36582
          ],
          [
            6.22442,
            4.1004,
            6.38467
          ],
          [
            2.0825,
            0.0,
            0.0
          ],
          [
            2.0825,
            4.165,
            0.0
          ],
          [
            6.2475,
            0.0,
            0.0
          ],
          [
            6.2475,
            4.165,
            0.0
          ],
          [
            0.0,
            2.0825,
            0.0
          ],
          [
            0.0,
            6.2475,
            0.0
          ],
          [
            4.165,
            2.0825,
            0.0
          ],
          [
            4.165,
            6.2475,
            0.0
          ],
          [
            2.0825,
            2.0825,
            2.0825
          ],
          [
            2.0825,
            6.2475,
            2.0825
          ],
          [
            6.2475,
            2.0825,
            2.0825
          ],
          [
            6.2475,
            6.2475,
            2.0825
          ],
          [
            0.0,
            0.0,
            2.0825
          ],
          [
            0.0,
            4.165,
            2.0825
          ],
          [
            4.165,
            0.0,
            2.0825
          ],
          [
            4.165,
            4.165,
            2.0825
          ],
          [
            2.07366,
            -0.0041,
            4.18417
          ],
          [
            2.07334,
            4.1647,
            4.18464
          ],
          [
            6.24659,
            0.02077,
            4.21085
          ],
          [
            6.24631,
            4.13312,
            4.19619
          ],
          [
            8.32079,
            2.07875,
            4.16881
          ],
          [
            -0.00383,
            6.24508,
            4.1975
          ],
          [
            4.16608,
            2.07818,
            4.17132
          ],
          [
            4.12223,
            6.24621,
            4.06001
          ],
          [
            2.06016,
            2.07151,
            6.25925
          ],
          [
            2.03164,
            6.24007,
            6.27901
          ],
          [
            6.25991,
            2.06956,
            6.2861
          ],
          [
            6.31895,
            6.24595,
            6.41916
          ],
          [
            8.32043,
            0.00114,
            6.2797
          ],
          [
            -0.00957,
            4.14667,
            6.2772
          ],
          [
            4.16959,
            0.04268,
            6.2774
          ],
          [
            4.16446,
            4.09964,
            6.27204
          ]
        ],
        "Stress": [
          [
            -44.68736,
            -0.13619,
            0.55915
          ],
          [
            -0.13619,
            -43.77672,
            0.012
          ],
          [
            0.55915,
            0.012,
            -23.74681
          ]
        ],
        "computation_code": "VASP",
        "pseudopotential_information": [
          [
            "PAW_PBE",
            "Ni",
            "02Aug2007"
          ],
          [
            "PAW_PBE",
            "Sn_d",
            "06Sep2000"
          ],
          [
            "PAW_PBE",
            "O",
            "08Apr2002"
          ]
        ]
      }
    ],
    "EnergyStyle": "electronvolt",
    "ForcesStyle": "electronvoltperangstrom",
    "LatticeStyle": "angstrom",
    "PositionsStyle": "angstrom",
    "StressStyle": "kB"
  }
}