{
  "Dataset": {
    "AtomTypeStyle": "chemicalsymbol",
    "Data": [
      {
        "AtomTypes": [
          "Ni",
          "Ni",
          "Ni",
          "Ni",
          "Ni",
          "Ni",
          "Ni",
          "Ni",
          "Ni",
          "Ni",
          "Ni",
          "Ni",
          "Ni",
          "Ni",
          "Ni",
          "Ni",
          "Ni",
          "Ni",
          "Ni",
          "Ni",
          "Ni",
          "Ni",
          "Ni",
          "Sn",
          "Ni",
          "Ni",
          "Ni",
          "Ni",
          "Ni",
          "Ni",
          "Ni",
          "Ni",
          "O",
          "O",
          "O",
          "O",
          "O",
          "O",
          "O",
          "O",
          "O",
          "O",
          "O",
          "O",
          "O",
          "O",
          "O",
          "O",
          "O",
          "O",
          "O",
          "O",
          "O",
          "O",
          "O",
          "O",
          "O",
          "O",
          "O",
          "O",
          "O",
          "O",
          "O"
        ],
        "Energy": -328.65352674,
        "Forces": [
          [
            -0.008613,
            0.003154,
            0.342445
          ],
          [
            0.001871,
            0.026674,
            0.315716
          ],
          [
            0.035556,
            -0.007927,
            0.365618
          ],
          [
            0.026859,
            0.036654,
            0.338869
          ],
          [
            0.026439,
            0.002152,
            0.32181
          ],
          [
            0.038122,
            0.027638,
            0.332865
          ],
          [
            0.002174,
            -0.008941,
            0.335438
          ],
          [
            -0.011566,
            0.036088,
            0.404509
          ],
          [
            -0.052735,
            -0.032088,
            -0.158813
          ],
          [
            -0.224299,
            0.039404,
            -0.142999
          ],
          [
            0.029396,
            -0.033352,
            -0.151512
          ],
          [
            0.206043,
            0.038645,
            -0.62373
          ],
          [
            0.023153,
            -0.038003,
            -0.154637
          ],
          [
            0.020782,
            0.03905,
            -0.168242
          ],
          [
            -0.048122,
            -0.215205,
            -0.609018
          ],
          [
            -0.051855,
            0.20773,
            -0.152302
          ],
          [
            -0.010061,
            -0.008286,
            -0.008733
          ],
          [
            0.00553,
            -0.007302,
            -0.001717
          ],
          [
            0.02307,
            -0.008989,
            -0.01441
          ],
          [
            0.011095,
            -0.009607,
            -0.012278
          ],
          [
            0.007108,
            -0.005551,
            -0.003548
          ],
          [
            0.00838,
            -0.013986,
            -0.008437
          ],
          [
            0.015185,
            0.000605,
            0.000457
          ],
          [
            -0.009337,
            0.025192,
            -0.017058
          ],
          [
            -0.006692,
            0.002981,
            -0.003429
          ],
          [
            0.004892,
            0.000852,
            -0.00012
          ],
          [
            0.009165,
            0.004442,
            0.002752
          ],
          [
            -0.000272,
            -0.003842,
            -0.003451
          ],
          [
            0.011203,
            -0.003632,
            0.006157
          ],
          [
            0.007236,
            -0.003434,
            0.005098
          ],
          [
            0.00849,
            0.006723,
            0.003919
          ],
          [
            0.009266,
            0.006322,
            0.019942
          ],
          [
            -0.01591,
            0.014464,
            -0.17656
          ],
          [
            -0.015803,
            -0.016403,
            -0.156446
          ],
          [
            0.016307,
            0.045576,
            -0.235545
          ],
          [
            0.015704,
            -0.044779,
            -0.171973
          ],
          [
            0.016104,
            0.015822,
            -0.155355
          ],
          [
            0.046749,
            -0.017592,
            -0.169593
          ],
          [
            -0.016363,
            0.016446,
            -0.175565
          ],
          [
            -0.045712,
            -0.017569,
            -0.238623
          ],
          [
            -0.038995,
            0.018603,
            0.105737
          ],
          [
            -0.196253,
            -0.0278,
            0.12761
          ],
          [
            0.004072,
            0.169054,
            0.130278
          ],
          [
            0.151682,
            -0.175608,
            0.209408
          ],
          [
            0.158957,
            0.018968,
            0.079369
          ],
          [
            0.00387,
            -0.021613,
            0.14452
          ],
          [
            -0.202999,
            0.180875,
            0.012237
          ],
          [
            -0.040645,
            -0.184235,
            0.071722
          ],
          [
            -0.004106,
            -0.007601,
            0.006877
          ],
          [
            -0.006894,
            -0.01046,
            0.013022
          ],
          [
            0.003762,
            -0.012306,
            0.008697
          ],
          [
            0.005054,
            -0.006845,
            -0.004371
          ],
          [
            0.016376,
            0.001958,
            0.001757
          ],
          [
            0.008002,
            -0.004701,
            -0.005986
          ],
          [
            0.007755,
            0.000427,
            -0.012967
          ],
          [
            0.000467,
            -0.002985,
            0.010739
          ],
          [
            0.001782,
            -0.007435,
            0.017519
          ],
          [
            0.003149,
            -0.002345,
            0.012583
          ],
          [
            0.01818,
            -0.011806,
            -0.001486
          ],
          [
            0.001091,
            0.000925,
            -0.001914
          ],
          [
            0.011503,
            -0.007366,
            0.006173
          ],
          [
            -0.002056,
            -0.010603,
            -0.008981
          ],
          [
            -0.012293,
            0.002774,
            -0.004046
          ]
        ],
        "Lattice": [
          [
            8.33,
            0.0,
            0.0
          ],
          [
            0.0,
            8.33,
            0.0
          ],
          [
            0.0,
            0.0,
            20.227360776
          ]
        ],
        "NumAtoms": 63,
        "Positions": [
          [
            0.0,
            0.0,
            0.0
          ],
          [
            0.0,
            4.165,
            0.0
          ],
          [
            4.165,
            0.0,
            0.0
          ],
          [
            4.165,
            4.165,
            0.0
          ],
          [
            2.0825,
            2.0825,
            0.0
          ],
          [
            2.0825,
            6.2475,
            0.0
          ],
          [
            6.2475,
            2.0825,
            0.0
          ],
          [
            6.2475,
            6.2475,
            0.0
          ],
          [
            0.0,
            2.0825,
            2.0825
          ],
          [
            0.0,
            6.2475,
            2.0825
          ],
          [
            4.165,
            2.0825,
            2.0825
          ],
          [
            4.165,
            6.2475,
            2.0825
          ],
          [
            2.0825,
            0.0,
            2.0825
          ],
          [
            2.0825,
            4.165,
            2.0825
          ],
          [
            6.2475,
            0.0,
            2.0825
          ],
          [
            6.2475,
            4.165,
            2.0825
          ],
          [
            0.0105,
            0.02582,
            4.19454
          ],
          [
            0.00694,
            4.15408,
            4.18644
          ],
          [
            4.1324,
            0.0288,
            4.20079
          ],
          [
            4.13454,
            4.15225,
            4.19045
          ],
          [
            2.07557,
            2.08539,
            4.18922
          ],
          [
            2.10523,
            6.25398,
            4.20678
          ],
          [
            6.23718,
            2.05444,
            4.20837
          ],
          [
            6.1534,
            6.33564,
            4.72983
          ],
          [
            8.32324,
            2.03955,
            6.24738
          ],
          [
            0.11488,
            6.2519,
            6.29098
          ],
          [
            4.16931,
            2.03795,
            6.25925
          ],
          [
            4.23629,
            6.23557,
            6.5423
          ],
          [
            2.10951,
            8.30758,
            6.25854
          ],
          [
            2.1079,
            4.1557,
            6.24505
          ],
          [
            6.24311,
            8.24399,
            6.54291
          ],
          [
            6.22399,
            4.03489,
            6.28471
          ],
          [
            2.0825,
            0.0,
            0.0
          ],
          [
            2.0825,
            4.165,
            0.0
          ],
          [
            6.2475,
            0.0,
            0.0
          ],
          [
            6.2475,
            4.165,
            0.0
          ],
          [
            0.0,
            2.0825,
            0.0
          ],
          [
            0.0,
            6.2475,
            0.0
          ],
          [
            4.165,
            2.0825,
            0.0
          ],
          [
            4.165,
            6.2475,
            0.0
          ],
          [
            2.0825,
            2.0825,
            2.0825
          ],
          [
            2.0825,
            6.2475,
            2.0825
          ],
          [
            6.2475,
            2.0825,
            2.0825
          ],
          [
            6.2475,
            6.2475,
            2.0825
          ],
          [
            0.0,
            0.0,
            2.0825
          ],
          [
            0.0,
            4.165,
            2.0825
          ],
          [
            4.165,
            0.0,
            2.0825
          ],
          [
            4.165,
            4.165,
            2.0825
          ],
          [
            2.07297,
            -0.00021,
            4.18327
          ],
          [
            2.07385,
            4.17387,
            4.18187
          ],
          [
            6.2425,
            0.00921,
            4.05566
          ],
          [
            6.23952,
            4.18111,
            4.18747
          ],
          [
            -0.01224,
            2.08865,
            4.18431
          ],
          [
            -0.0186,
            6.2526,
            4.19147
          ],
          [
            4.16258,
            2.0891,
            4.18526
          ],
          [
            4.15377,
            6.24915,
            4.05348
          ],
          [
            2.05829,
            2.09429,
            6.26252
          ],
          [
            2.08104,
            6.20951,
            6.27553
          ],
          [
            6.26956,
            2.07029,
            6.27903
          ],
          [
            0.04307,
            -0.04194,
            6.28994
          ],
          [
            8.28964,
            4.19028,
            6.27746
          ],
          [
            4.12749,
            0.02147,
            6.28695
          ],
          [
            4.19405,
            4.11007,
            6.28747
          ]
        ],
        "Stress": [
          [
            -49.18145,
            -0.10991,
            0.26916
          ],
          [
            -0.10991,
            -49.30235,
            -0.50624
          ],
          [
            0.26916,
            -0.50624,
            -25.7849
          ]
        ],
        "computation_code": "VASP",
        "pseudopotential_information": [
          [
            "PAW_PBE",
            "Ni",
            "02Aug2007"
          ],
          [
            "PAW_PBE",
            "Sn_d",
            "06Sep2000"
          ],
          [
            "PAW_PBE",
            "O",
            "08Apr2002"
          ]
        ]
      }
    ],
    "EnergyStyle": "electronvolt",
    "ForcesStyle": "electronvoltperangstrom",
    "LatticeStyle": "angstrom",
    "PositionsStyle": "angstrom",
    "StressStyle": "kB"
  }
}