{
  "Dataset": {
    "AtomTypeStyle": "chemicalsymbol",
    "Data": [
      {
        "AtomTypes": [
          "Ni",
          "Ni",
          "Ni",
          "Ni",
          "Ni",
          "Ni",
          "Ni",
          "Ni",
          "Ni",
          "Ni",
          "Ni",
          "Ni",
          "Ni",
          "Ni",
          "Ni",
          "Ni",
          "Ni",
          "Ni",
          "Ni",
          "Ni",
          "Ni",
          "Ni",
          "Ni",
          "Sn",
          "Ni",
          "Ni",
          "Ni",
          "Ni",
          "Ni",
          "Ni",
          "Ni",
          "Ni",
          "O",
          "O",
          "O",
          "O",
          "O",
          "O",
          "O",
          "O",
          "O",
          "O",
          "O",
          "O",
          "O",
          "O",
          "O",
          "O",
          "O",
          "O",
          "O",
          "O",
          "O",
          "O",
          "O",
          "O",
          "O",
          "O",
          "O",
          "O",
          "O",
          "O",
          "O",
          "O",
          "O"
        ],
        "Energy": -341.87027596,
        "Forces": [
          [
            0.026074,
            0.02951,
            0.308074
          ],
          [
            0.016606,
            -0.001693,
            0.315166
          ],
          [
            0.004453,
            0.026393,
            0.290175
          ],
          [
            0.008789,
            -0.002628,
            0.32037
          ],
          [
            0.013314,
            0.022469,
            0.323571
          ],
          [
            0.013985,
            0.003843,
            0.336545
          ],
          [
            0.015944,
            0.030081,
            0.338247
          ],
          [
            0.008831,
            -0.006206,
            -0.142465
          ],
          [
            -0.034965,
            0.011344,
            -0.068638
          ],
          [
            0.464731,
            -0.042779,
            -0.362294
          ],
          [
            0.036226,
            0.008488,
            -0.097559
          ],
          [
            -0.484884,
            -0.039957,
            -0.41443
          ],
          [
            -0.007866,
            -0.05831,
            -0.080159
          ],
          [
            -0.018262,
            0.024241,
            -0.053979
          ],
          [
            0.005757,
            0.45553,
            -0.383607
          ],
          [
            0.002348,
            -0.468016,
            -0.605093
          ],
          [
            -0.006372,
            -0.019032,
            0.006132
          ],
          [
            -0.015895,
            0.035021,
            0.016944
          ],
          [
            0.00151,
            0.011966,
            0.003833
          ],
          [
            0.014829,
            -0.014336,
            -0.001546
          ],
          [
            -0.007952,
            -7.2e-05,
            0.039463
          ],
          [
            -0.055242,
            0.0026,
            0.01876
          ],
          [
            0.000472,
            0.012513,
            0.001891
          ],
          [
            0.192844,
            -0.085593,
            -0.148172
          ],
          [
            0.002658,
            -0.008782,
            0.013388
          ],
          [
            -0.014222,
            -0.011834,
            -0.127421
          ],
          [
            -0.007835,
            -0.018564,
            0.011566
          ],
          [
            -0.019438,
            -0.013943,
            0.145319
          ],
          [
            -0.031205,
            -0.033328,
            0.003819
          ],
          [
            -0.051532,
            0.015353,
            -0.042988
          ],
          [
            0.027726,
            0.105449,
            -0.038324
          ],
          [
            -0.00725,
            -0.180621,
            -0.00505
          ],
          [
            -0.000972,
            -0.001199,
            -0.169971
          ],
          [
            0.004478,
            0.000612,
            -0.186597
          ],
          [
            0.0009,
            -0.01645,
            -0.084857
          ],
          [
            -0.004462,
            0.01365,
            -0.128029
          ],
          [
            0.002545,
            -0.01419,
            -0.169464
          ],
          [
            -0.01139,
            0.014898,
            -0.075209
          ],
          [
            -0.003968,
            -0.009418,
            -0.168078
          ],
          [
            0.013881,
            0.009113,
            -0.075044
          ],
          [
            -0.011757,
            -0.044268,
            0.04229
          ],
          [
            -0.005328,
            -0.00218,
            0.151736
          ],
          [
            -0.004363,
            -0.109131,
            0.085852
          ],
          [
            -0.01601,
            0.102312,
            0.648994
          ],
          [
            -0.073259,
            -0.08993,
            0.140367
          ],
          [
            0.009334,
            0.044879,
            0.093803
          ],
          [
            0.052748,
            -0.098726,
            0.142927
          ],
          [
            -0.032381,
            0.057469,
            0.076763
          ],
          [
            0.007421,
            0.033055,
            0.009546
          ],
          [
            0.008745,
            -0.014815,
            -0.033919
          ],
          [
            -0.00726,
            0.026333,
            -0.02034
          ],
          [
            -0.010905,
            0.072467,
            0.029052
          ],
          [
            0.020919,
            -0.009757,
            -0.044849
          ],
          [
            -0.049755,
            0.02146,
            -0.012323
          ],
          [
            -0.03664,
            -0.020377,
            0.006982
          ],
          [
            0.004375,
            0.013026,
            -0.052398
          ],
          [
            0.005122,
            -0.032512,
            0.047216
          ],
          [
            -0.169517,
            0.012707,
            0.00168
          ],
          [
            -0.008516,
            -0.042291,
            -0.037578
          ],
          [
            0.176314,
            0.061209,
            0.006849
          ],
          [
            -0.019582,
            -0.091571,
            0.011386
          ],
          [
            0.051181,
            0.105333,
            -0.013791
          ],
          [
            0.02668,
            0.07879,
            -0.004724
          ],
          [
            -0.022221,
            -0.097667,
            -0.026992
          ],
          [
            0.009465,
            0.238062,
            -0.112818
          ]
        ],
        "Lattice": [
          [
            8.33,
            0.0,
            0.0
          ],
          [
            0.0,
            8.33,
            0.0
          ],
          [
            0.0,
            0.0,
            20.227360776
          ]
        ],
        "NumAtoms": 65,
        "Positions": [
          [
            0.0,
            0.0,
            0.0
          ],
          [
            0.0,
            4.165,
            0.0
          ],
          [
            4.165,
            0.0,
            0.0
          ],
          [
            4.165,
            4.165,
            0.0
          ],
          [
            2.0825,
            2.0825,
            0.0
          ],
          [
            2.0825,
            6.2475,
            0.0
          ],
          [
            6.2475,
            2.0825,
            0.0
          ],
          [
            6.2475,
            6.2475,
            0.0
          ],
          [
            0.0,
            2.0825,
            2.0825
          ],
          [
            0.0,
            6.2475,
            2.0825
          ],
          [
            4.165,
            2.0825,
            2.0825
          ],
          [
            4.165,
            6.2475,
            2.0825
          ],
          [
            2.0825,
            0.0,
            2.0825
          ],
          [
            2.0825,
            4.165,
            2.0825
          ],
          [
            6.2475,
            0.0,
            2.0825
          ],
          [
            6.2475,
            4.165,
            2.0825
          ],
          [
            0.04128,
            0.02773,
            4.22945
          ],
          [
            0.02806,
            4.115,
            4.23583
          ],
          [
            4.12632,
            0.02791,
            4.22345
          ],
          [
            4.13073,
            4.11473,
            4.2263
          ],
          [
            2.08371,
            2.07661,
            4.1863
          ],
          [
            2.08386,
            6.2323,
            4.23882
          ],
          [
            6.24957,
            2.10117,
            4.21868
          ],
          [
            6.24192,
            6.2061,
            4.32051
          ],
          [
            0.00982,
            2.08669,
            6.27699
          ],
          [
            0.00177,
            6.18005,
            6.50447
          ],
          [
            4.1482,
            2.08649,
            6.27245
          ],
          [
            4.15718,
            6.17953,
            6.50515
          ],
          [
            2.07843,
            -0.00806,
            6.27584
          ],
          [
            2.0767,
            4.13261,
            6.28888
          ],
          [
            6.24522,
            0.07388,
            6.36276
          ],
          [
            6.22466,
            3.93257,
            6.99532
          ],
          [
            2.0825,
            0.0,
            0.0
          ],
          [
            2.0825,
            4.165,
            0.0
          ],
          [
            6.2475,
            0.0,
            0.0
          ],
          [
            6.2475,
            4.165,
            0.0
          ],
          [
            0.0,
            2.0825,
            0.0
          ],
          [
            0.0,
            6.2475,
            0.0
          ],
          [
            4.165,
            2.0825,
            0.0
          ],
          [
            4.165,
            6.2475,
            0.0
          ],
          [
            2.0825,
            2.0825,
            2.0825
          ],
          [
            2.0825,
            6.2475,
            2.0825
          ],
          [
            6.2475,
            2.0825,
            2.0825
          ],
          [
            6.2475,
            6.2475,
            2.0825
          ],
          [
            0.0,
            0.0,
            2.0825
          ],
          [
            0.0,
            4.165,
            2.0825
          ],
          [
            4.165,
            0.0,
            2.0825
          ],
          [
            4.165,
            4.165,
            2.0825
          ],
          [
            2.08297,
            -0.02446,
            4.17481
          ],
          [
            2.08066,
            4.16739,
            4.17259
          ],
          [
            6.24847,
            -0.00869,
            4.16983
          ],
          [
            6.24722,
            4.15826,
            4.09938
          ],
          [
            -0.00683,
            2.06961,
            4.1818
          ],
          [
            0.00141,
            6.24095,
            4.1839
          ],
          [
            4.17589,
            2.07049,
            4.17402
          ],
          [
            4.15988,
            6.2433,
            4.1792
          ],
          [
            2.08167,
            2.05255,
            6.23671
          ],
          [
            2.09019,
            6.2428,
            6.31329
          ],
          [
            6.2442,
            2.05782,
            6.25632
          ],
          [
            6.23635,
            6.41601,
            6.33405
          ],
          [
            0.01417,
            0.00711,
            6.28878
          ],
          [
            0.0537,
            4.13103,
            6.27313
          ],
          [
            4.14513,
            0.00252,
            6.28642
          ],
          [
            4.10337,
            4.13807,
            6.2613
          ],
          [
            6.22978,
            4.5971,
            8.59872
          ]
        ],
        "Stress": [
          [
            -47.07566,
            -0.02285,
            -0.28434
          ],
          [
            -0.02285,
            -45.67323,
            0.62055
          ],
          [
            -0.28434,
            0.62055,
            -27.0962
          ]
        ],
        "computation_code": "VASP",
        "pseudopotential_information": [
          [
            "PAW_PBE",
            "Ni",
            "02Aug2007"
          ],
          [
            "PAW_PBE",
            "Sn_d",
            "06Sep2000"
          ],
          [
            "PAW_PBE",
            "O",
            "08Apr2002"
          ]
        ]
      }
    ],
    "EnergyStyle": "electronvolt",
    "ForcesStyle": "electronvoltperangstrom",
    "LatticeStyle": "angstrom",
    "PositionsStyle": "angstrom",
    "StressStyle": "kB"
  }
}