{
  "Dataset": {
    "AtomTypeStyle": "chemicalsymbol",
    "Data": [
      {
        "AtomTypes": [
          "Ni",
          "Ni",
          "Ni",
          "Ni",
          "Ni",
          "Ni",
          "Ni",
          "Ni",
          "Ni",
          "Ni",
          "Ni",
          "Ni",
          "Ni",
          "Ni",
          "Ni",
          "Ni",
          "Ni",
          "Ni",
          "Ni",
          "Ni",
          "Ni",
          "Ni",
          "Ni",
          "Ni",
          "Ni",
          "Ni",
          "Ni",
          "Ni",
          "Ni",
          "Ni",
          "Sn",
          "O",
          "O",
          "O",
          "O",
          "O",
          "O",
          "O",
          "O",
          "O",
          "O",
          "O",
          "O",
          "O",
          "O",
          "O",
          "O",
          "O",
          "O",
          "O",
          "O",
          "O",
          "O",
          "O",
          "O",
          "O",
          "O",
          "O",
          "O",
          "O",
          "O",
          "O",
          "O"
        ],
        "Energy": -333.96091504,
        "Forces": [
          [
            -0.050879,
            -0.070973,
            0.310494
          ],
          [
            -0.041432,
            0.098716,
            0.279387
          ],
          [
            0.078823,
            -0.070788,
            0.311658
          ],
          [
            0.072949,
            0.100091,
            0.279212
          ],
          [
            0.014874,
            -0.002593,
            0.291431
          ],
          [
            0.017066,
            0.031307,
            0.318306
          ],
          [
            0.013746,
            -0.007081,
            0.280923
          ],
          [
            0.014399,
            0.036592,
            0.732061
          ],
          [
            -0.007424,
            -0.070197,
            -0.204183
          ],
          [
            -0.707795,
            0.035573,
            0.202632
          ],
          [
            -0.01223,
            -0.076974,
            -0.231757
          ],
          [
            0.702447,
            0.045432,
            0.228408
          ],
          [
            -0.013043,
            -0.059648,
            -0.153665
          ],
          [
            -0.015864,
            0.043606,
            -0.261816
          ],
          [
            -0.011237,
            -0.787991,
            0.173091
          ],
          [
            -0.011472,
            0.798775,
            -0.132127
          ],
          [
            -0.056969,
            -0.038033,
            0.094315
          ],
          [
            -0.034384,
            0.064665,
            -0.02068
          ],
          [
            0.051391,
            -0.120691,
            0.11009
          ],
          [
            0.045836,
            0.12046,
            0.002663
          ],
          [
            -0.048006,
            0.009176,
            0.035964
          ],
          [
            -0.017437,
            -0.026364,
            0.081244
          ],
          [
            0.035238,
            0.066963,
            -0.053934
          ],
          [
            0.087127,
            -0.030314,
            0.035427
          ],
          [
            0.04202,
            0.111272,
            0.014226
          ],
          [
            -0.097996,
            -0.096939,
            0.022115
          ],
          [
            -0.01923,
            0.055545,
            -0.05508
          ],
          [
            0.012381,
            -0.001708,
            0.0178
          ],
          [
            0.01829,
            -0.001531,
            0.045034
          ],
          [
            6.5e-05,
            -0.109498,
            0.026201
          ],
          [
            -0.043754,
            0.19381,
            0.162854
          ],
          [
            -0.001412,
            0.059926,
            -0.131863
          ],
          [
            -0.000296,
            -0.061023,
            -0.102934
          ],
          [
            -0.000818,
            0.193501,
            -0.215272
          ],
          [
            -3.8e-05,
            -0.202335,
            -0.165018
          ],
          [
            0.034562,
            0.018413,
            -0.117515
          ],
          [
            0.166504,
            -0.022307,
            -0.231072
          ],
          [
            -0.035646,
            0.019244,
            -0.118252
          ],
          [
            -0.168589,
            -0.022413,
            -0.238574
          ],
          [
            -0.008794,
            0.041019,
            -0.004775
          ],
          [
            -0.021933,
            -0.062575,
            -0.218121
          ],
          [
            -0.007833,
            0.050591,
            -0.120728
          ],
          [
            -0.013684,
            -0.089519,
            -1.04276
          ],
          [
            0.08641,
            0.129835,
            -0.047434
          ],
          [
            0.087289,
            -0.15292,
            -0.043497
          ],
          [
            -0.103591,
            0.133189,
            -0.057289
          ],
          [
            -0.101797,
            -0.164329,
            -0.057349
          ],
          [
            -0.00203,
            -0.021464,
            -0.063362
          ],
          [
            0.010231,
            0.013791,
            -0.064646
          ],
          [
            -0.000557,
            0.012335,
            -0.027232
          ],
          [
            -0.001385,
            -0.049519,
            -0.043663
          ],
          [
            -0.042515,
            -0.005064,
            0.051656
          ],
          [
            0.045944,
            -0.018233,
            0.08976
          ],
          [
            0.053837,
            0.017443,
            0.05677
          ],
          [
            -0.012322,
            0.002308,
            0.124238
          ],
          [
            -0.030551,
            -0.018654,
            -0.051956
          ],
          [
            0.00092,
            0.017048,
            -0.035534
          ],
          [
            0.042824,
            0.012983,
            -0.01437
          ],
          [
            -0.013052,
            -0.089579,
            0.100833
          ],
          [
            -0.006385,
            0.05495,
            -0.049796
          ],
          [
            -0.064093,
            -0.085187,
            -0.052717
          ],
          [
            0.008103,
            0.071747,
            -0.021512
          ],
          [
            0.083197,
            -0.023865,
            -0.028308
          ]
        ],
        "Lattice": [
          [
            8.33,
            0.0,
            0.0
          ],
          [
            0.0,
            8.33,
            0.0
          ],
          [
            0.0,
            0.0,
            20.227360776
          ]
        ],
        "NumAtoms": 63,
        "Positions": [
          [
            0.0,
            0.0,
            0.0
          ],
          [
            0.0,
            4.165,
            0.0
          ],
          [
            4.165,
            0.0,
            0.0
          ],
          [
            4.165,
            4.165,
            0.0
          ],
          [
            2.0825,
            2.0825,
            0.0
          ],
          [
            2.0825,
            6.2475,
            0.0
          ],
          [
            6.2475,
            2.0825,
            0.0
          ],
          [
            6.2475,
            6.2475,
            0.0
          ],
          [
            0.0,
            2.0825,
            2.0825
          ],
          [
            0.0,
            6.2475,
            2.0825
          ],
          [
            4.165,
            2.0825,
            2.0825
          ],
          [
            4.165,
            6.2475,
            2.0825
          ],
          [
            2.0825,
            0.0,
            2.0825
          ],
          [
            2.0825,
            4.165,
            2.0825
          ],
          [
            6.2475,
            0.0,
            2.0825
          ],
          [
            6.2475,
            4.165,
            2.0825
          ],
          [
            -0.05072,
            -0.06428,
            4.13232
          ],
          [
            0.0091,
            4.19931,
            4.11581
          ],
          [
            4.20153,
            8.27165,
            4.13222
          ],
          [
            4.14178,
            4.19438,
            4.11244
          ],
          [
            2.08006,
            2.06432,
            4.16265
          ],
          [
            2.07867,
            6.25296,
            4.16174
          ],
          [
            6.23764,
            2.04132,
            4.14339
          ],
          [
            0.0247,
            2.01491,
            6.19948
          ],
          [
            0.01894,
            6.29627,
            6.18322
          ],
          [
            4.11567,
            2.02131,
            6.20092
          ],
          [
            4.12278,
            6.29728,
            6.18662
          ],
          [
            2.0683,
            8.30799,
            6.20381
          ],
          [
            2.06919,
            4.17033,
            6.22025
          ],
          [
            6.23284,
            8.24731,
            6.15594
          ],
          [
            6.23886,
            4.22842,
            6.20063
          ],
          [
            2.0825,
            0.0,
            0.0
          ],
          [
            2.0825,
            4.165,
            0.0
          ],
          [
            6.2475,
            0.0,
            0.0
          ],
          [
            6.2475,
            4.165,
            0.0
          ],
          [
            0.0,
            2.0825,
            0.0
          ],
          [
            0.0,
            6.2475,
            0.0
          ],
          [
            4.165,
            2.0825,
            0.0
          ],
          [
            4.165,
            6.2475,
            0.0
          ],
          [
            2.0825,
            2.0825,
            2.0825
          ],
          [
            2.0825,
            6.2475,
            2.0825
          ],
          [
            6.2475,
            2.0825,
            2.0825
          ],
          [
            6.2475,
            6.2475,
            2.0825
          ],
          [
            0.0,
            0.0,
            2.0825
          ],
          [
            0.0,
            4.165,
            2.0825
          ],
          [
            4.165,
            0.0,
            2.0825
          ],
          [
            4.165,
            4.165,
            2.0825
          ],
          [
            2.07913,
            0.02329,
            4.1877
          ],
          [
            2.07562,
            4.12752,
            4.20708
          ],
          [
            6.24442,
            0.09834,
            4.19982
          ],
          [
            6.24211,
            4.05511,
            4.19028
          ],
          [
            0.00795,
            2.09912,
            4.18428
          ],
          [
            0.102,
            6.22491,
            4.19027
          ],
          [
            4.14879,
            2.09404,
            4.18178
          ],
          [
            4.05313,
            6.22072,
            4.18659
          ],
          [
            2.07509,
            2.08788,
            6.30128
          ],
          [
            2.0741,
            6.22935,
            6.33805
          ],
          [
            6.23321,
            2.15393,
            6.4009
          ],
          [
            6.23888,
            6.21306,
            6.60823
          ],
          [
            8.30014,
            -0.00699,
            6.26743
          ],
          [
            -0.01564,
            4.16524,
            6.3286
          ],
          [
            4.17434,
            -0.00794,
            6.25938
          ],
          [
            4.16043,
            4.15701,
            6.32076
          ]
        ],
        "Stress": [
          [
            -48.71799,
            -0.1295,
            -0.06802
          ],
          [
            -0.1295,
            -50.28372,
            0.03014
          ],
          [
            -0.06802,
            0.03014,
            -25.41533
          ]
        ],
        "computation_code": "VASP",
        "pseudopotential_information": [
          [
            "PAW_PBE",
            "Ni",
            "02Aug2007"
          ],
          [
            "PAW_PBE",
            "Sn_d",
            "06Sep2000"
          ],
          [
            "PAW_PBE",
            "O",
            "08Apr2002"
          ]
        ]
      }
    ],
    "EnergyStyle": "electronvolt",
    "ForcesStyle": "electronvoltperangstrom",
    "LatticeStyle": "angstrom",
    "PositionsStyle": "angstrom",
    "StressStyle": "kB"
  }
}