{
  "Dataset": {
    "AtomTypeStyle": "chemicalsymbol",
    "Data": [
      {
        "AtomTypes": [
          "Ni",
          "Ni",
          "Ni",
          "Ni",
          "Ni",
          "Ni",
          "Ni",
          "Ni",
          "Ni",
          "Ni",
          "Ni",
          "Ni",
          "Ni",
          "Ni",
          "Ni",
          "Ni",
          "Ni",
          "Ni",
          "Ni",
          "Ni",
          "Ni",
          "Ni",
          "Ni",
          "Sn",
          "Ni",
          "Ni",
          "Ni",
          "Ni",
          "Ni",
          "Ni",
          "Ni",
          "O",
          "O",
          "O",
          "O",
          "O",
          "O",
          "O",
          "O",
          "O",
          "O",
          "O",
          "O",
          "O",
          "O",
          "O",
          "O",
          "O",
          "O",
          "O",
          "O",
          "O",
          "O",
          "O",
          "O",
          "O",
          "O",
          "O",
          "O",
          "O",
          "O",
          "O",
          "O"
        ],
        "Energy": -334.02672236,
        "Forces": [
          [
            0.061683,
            0.088437,
            0.347847
          ],
          [
            0.053784,
            -0.057884,
            0.388286
          ],
          [
            -0.032628,
            0.08448,
            0.346841
          ],
          [
            -0.027121,
            -0.056709,
            0.38741
          ],
          [
            0.013052,
            0.033071,
            0.382727
          ],
          [
            0.015954,
            -0.005281,
            0.356782
          ],
          [
            0.015618,
            0.03918,
            0.408196
          ],
          [
            0.011728,
            -0.016608,
            -0.012112
          ],
          [
            -0.059639,
            0.073832,
            -0.18058
          ],
          [
            0.52687,
            -0.065118,
            -0.489407
          ],
          [
            0.036793,
            0.067504,
            -0.095341
          ],
          [
            -0.532435,
            -0.083083,
            -0.594708
          ],
          [
            -0.0052,
            0.036856,
            -0.127825
          ],
          [
            -0.006529,
            -0.048245,
            -0.105086
          ],
          [
            -0.004041,
            0.564917,
            -0.44584
          ],
          [
            -0.014638,
            -0.636326,
            -0.783132
          ],
          [
            -0.02579,
            -0.108601,
            0.207521
          ],
          [
            0.104934,
            0.1076,
            -0.194751
          ],
          [
            0.033028,
            0.018835,
            0.211978
          ],
          [
            -0.108669,
            -0.041853,
            -0.175775
          ],
          [
            0.092138,
            -0.081619,
            0.23242
          ],
          [
            -0.054099,
            0.06216,
            0.034202
          ],
          [
            -0.084117,
            -0.233988,
            -0.029459
          ],
          [
            0.036576,
            -0.234483,
            0.387831
          ],
          [
            0.193414,
            -0.087165,
            -0.619671
          ],
          [
            0.092387,
            0.187567,
            0.155748
          ],
          [
            -0.084176,
            0.001788,
            -0.43499
          ],
          [
            -0.162844,
            0.268555,
            -0.085794
          ],
          [
            0.005692,
            0.204442,
            0.085134
          ],
          [
            0.031811,
            -0.173537,
            0.022157
          ],
          [
            0.006877,
            -0.19893,
            0.090282
          ],
          [
            -0.000645,
            -0.046441,
            -0.212928
          ],
          [
            0.000359,
            0.045096,
            -0.247305
          ],
          [
            -0.000265,
            -0.12912,
            -0.147312
          ],
          [
            0.000521,
            0.133446,
            -0.20246
          ],
          [
            -0.015442,
            -0.02464,
            -0.233773
          ],
          [
            -0.104035,
            0.02337,
            -0.117939
          ],
          [
            0.015487,
            -0.023788,
            -0.229647
          ],
          [
            0.104445,
            0.024621,
            -0.123729
          ],
          [
            -0.00725,
            -0.067006,
            -0.06395
          ],
          [
            -0.029213,
            0.036462,
            0.035843
          ],
          [
            -0.031805,
            -0.140433,
            0.017858
          ],
          [
            0.010765,
            0.078229,
            0.563642
          ],
          [
            -0.083755,
            -0.165542,
            -0.027175
          ],
          [
            -0.0254,
            0.144912,
            -0.011775
          ],
          [
            0.051714,
            -0.139458,
            -0.036175
          ],
          [
            -0.008069,
            0.106684,
            -0.018725
          ],
          [
            -0.010371,
            0.028705,
            -0.098278
          ],
          [
            -0.015854,
            -0.035622,
            -0.063287
          ],
          [
            0.002092,
            0.02714,
            -0.037413
          ],
          [
            -0.002801,
            0.369501,
            0.098947
          ],
          [
            -0.027158,
            0.04767,
            0.468403
          ],
          [
            -0.061813,
            -0.142195,
            0.060419
          ],
          [
            0.048975,
            0.071081,
            0.409394
          ],
          [
            0.046716,
            -0.112187,
            0.222698
          ],
          [
            0.087641,
            0.040801,
            0.010776
          ],
          [
            -0.036852,
            0.017418,
            -0.000371
          ],
          [
            -0.081938,
            0.222631,
            0.12336
          ],
          [
            0.024689,
            0.067118,
            -0.098963
          ],
          [
            0.073137,
            0.181785,
            0.040127
          ],
          [
            0.088034,
            -0.27037,
            0.125611
          ],
          [
            -0.051207,
            0.311918,
            0.040837
          ],
          [
            -0.091114,
            -0.391583,
            0.082398
          ]
        ],
        "Lattice": [
          [
            8.33,
            0.0,
            0.0
          ],
          [
            0.0,
            8.33,
            0.0
          ],
          [
            0.0,
            0.0,
            20.227360776
          ]
        ],
        "NumAtoms": 63,
        "Positions": [
          [
            0.0,
            0.0,
            0.0
          ],
          [
            0.0,
            4.165,
            0.0
          ],
          [
            4.165,
            0.0,
            0.0
          ],
          [
            4.165,
            4.165,
            0.0
          ],
          [
            2.0825,
            2.0825,
            0.0
          ],
          [
            2.0825,
            6.2475,
            0.0
          ],
          [
            6.2475,
            2.0825,
            0.0
          ],
          [
            6.2475,
            6.2475,
            0.0
          ],
          [
            0.0,
            2.0825,
            2.0825
          ],
          [
            0.0,
            6.2475,
            2.0825
          ],
          [
            4.165,
            2.0825,
            2.0825
          ],
          [
            4.165,
            6.2475,
            2.0825
          ],
          [
            2.0825,
            0.0,
            2.0825
          ],
          [
            2.0825,
            4.165,
            2.0825
          ],
          [
            6.2475,
            0.0,
            2.0825
          ],
          [
            6.2475,
            4.165,
            2.0825
          ],
          [
            0.03906,
            0.05935,
            4.19882
          ],
          [
            0.02002,
            4.09664,
            4.24915
          ],
          [
            4.12016,
            0.04079,
            4.19494
          ],
          [
            4.13955,
            4.10578,
            4.24738
          ],
          [
            2.06753,
            2.09026,
            4.1911
          ],
          [
            2.08801,
            6.23341,
            4.19779
          ],
          [
            6.25352,
            2.12663,
            4.25088
          ],
          [
            6.24281,
            6.18644,
            4.28402
          ],
          [
            8.23233,
            2.17499,
            6.37153
          ],
          [
            0.00801,
            6.17586,
            6.32006
          ],
          [
            4.22202,
            2.15862,
            6.32973
          ],
          [
            4.15237,
            6.15903,
            6.36158
          ],
          [
            2.06869,
            8.31484,
            6.23242
          ],
          [
            2.0676,
            4.15754,
            6.23783
          ],
          [
            6.2354,
            0.03223,
            6.28326
          ],
          [
            2.0825,
            0.0,
            0.0
          ],
          [
            2.0825,
            4.165,
            0.0
          ],
          [
            6.2475,
            0.0,
            0.0
          ],
          [
            6.2475,
            4.165,
            0.0
          ],
          [
            0.0,
            2.0825,
            0.0
          ],
          [
            0.0,
            6.2475,
            0.0
          ],
          [
            4.165,
            2.0825,
            0.0
          ],
          [
            4.165,
            6.2475,
            0.0
          ],
          [
            2.0825,
            2.0825,
            2.0825
          ],
          [
            2.0825,
            6.2475,
            2.0825
          ],
          [
            6.2475,
            2.0825,
            2.0825
          ],
          [
            6.2475,
            6.2475,
            2.0825
          ],
          [
            0.0,
            0.0,
            2.0825
          ],
          [
            0.0,
            4.165,
            2.0825
          ],
          [
            4.165,
            0.0,
            2.0825
          ],
          [
            4.165,
            4.165,
            2.0825
          ],
          [
            2.08009,
            -0.0206,
            4.15238
          ],
          [
            2.08032,
            4.17919,
            4.13214
          ],
          [
            6.24314,
            -0.0518,
            4.13148
          ],
          [
            6.24484,
            4.15014,
            4.06177
          ],
          [
            8.31713,
            2.07367,
            4.12753
          ],
          [
            8.31864,
            6.26343,
            4.15699
          ],
          [
            4.1648,
            2.06708,
            4.14308
          ],
          [
            4.17357,
            6.25342,
            4.13343
          ],
          [
            2.05292,
            2.03865,
            6.25457
          ],
          [
            2.08088,
            6.26979,
            6.24609
          ],
          [
            6.23848,
            1.93523,
            6.24457
          ],
          [
            6.23929,
            6.36031,
            6.31006
          ],
          [
            8.32937,
            -0.05062,
            6.25056
          ],
          [
            0.12091,
            4.19591,
            6.24003
          ],
          [
            4.1427,
            8.25053,
            6.25035
          ],
          [
            4.01855,
            4.19509,
            6.24326
          ]
        ],
        "Stress": [
          [
            -43.64115,
            -0.00276,
            0.14354
          ],
          [
            -0.00276,
            -44.43342,
            0.80663
          ],
          [
            0.14354,
            0.80663,
            -24.21821
          ]
        ],
        "computation_code": "VASP",
        "pseudopotential_information": [
          [
            "PAW_PBE",
            "Ni",
            "02Aug2007"
          ],
          [
            "PAW_PBE",
            "Sn_d",
            "06Sep2000"
          ],
          [
            "PAW_PBE",
            "O",
            "08Apr2002"
          ]
        ]
      }
    ],
    "EnergyStyle": "electronvolt",
    "ForcesStyle": "electronvoltperangstrom",
    "LatticeStyle": "angstrom",
    "PositionsStyle": "angstrom",
    "StressStyle": "kB"
  }
}