{
  "Dataset": {
    "AtomTypeStyle": "chemicalsymbol",
    "Data": [
      {
        "AtomTypes": [
          "Ni",
          "Ni",
          "Ni",
          "Ni",
          "Ni",
          "Ni",
          "Ni",
          "Ni",
          "Ni",
          "Ni",
          "Ni",
          "Ni",
          "Ni",
          "Ni",
          "Ni",
          "Ni",
          "Ni",
          "Ni",
          "Ni",
          "Ni",
          "Ni",
          "Ni",
          "Ni",
          "Sn",
          "Ni",
          "Ni",
          "Ni",
          "Ni",
          "Ni",
          "Ni",
          "Ni",
          "Ni",
          "O",
          "O",
          "O",
          "O",
          "O",
          "O",
          "O",
          "O",
          "O",
          "O",
          "O",
          "O",
          "O",
          "O",
          "O",
          "O",
          "O",
          "O",
          "O",
          "O",
          "O",
          "O",
          "O",
          "O",
          "O",
          "O",
          "O",
          "O",
          "O",
          "O",
          "O",
          "O",
          "O"
        ],
        "Energy": -341.8914253,
        "Forces": [
          [
            0.029414,
            0.033307,
            0.310462
          ],
          [
            0.020941,
            -0.005018,
            0.318318
          ],
          [
            0.000557,
            0.029711,
            0.296427
          ],
          [
            0.00401,
            -0.005428,
            0.325853
          ],
          [
            0.012921,
            0.023323,
            0.331115
          ],
          [
            0.014091,
            0.003726,
            0.340797
          ],
          [
            0.015637,
            0.030176,
            0.340856
          ],
          [
            0.009209,
            -0.004995,
            -0.13899
          ],
          [
            -0.024252,
            0.015229,
            -0.089682
          ],
          [
            0.491542,
            -0.043249,
            -0.429069
          ],
          [
            0.021235,
            0.006433,
            -0.085278
          ],
          [
            -0.496925,
            -0.040749,
            -0.383421
          ],
          [
            -0.000251,
            -0.047185,
            -0.069773
          ],
          [
            -0.013595,
            0.016002,
            -0.056006
          ],
          [
            -0.003779,
            0.476306,
            -0.386292
          ],
          [
            -0.00531,
            -0.484977,
            -0.591528
          ],
          [
            0.009182,
            0.035199,
            0.039088
          ],
          [
            0.011514,
            -0.0282,
            -0.014882
          ],
          [
            0.009971,
            -0.024245,
            0.033733
          ],
          [
            0.014369,
            0.036911,
            0.000681
          ],
          [
            0.004756,
            -0.012266,
            0.016092
          ],
          [
            0.033944,
            0.009458,
            0.029118
          ],
          [
            0.00179,
            0.00686,
            -0.03759
          ],
          [
            -0.248219,
            0.059148,
            0.067177
          ],
          [
            0.039317,
            0.006422,
            -0.051713
          ],
          [
            -0.065075,
            -0.004031,
            -0.059559
          ],
          [
            -0.031814,
            0.002816,
            -0.002283
          ],
          [
            0.071472,
            -0.002318,
            -0.175914
          ],
          [
            0.008773,
            -0.035951,
            0.020992
          ],
          [
            0.034043,
            0.050557,
            0.026737
          ],
          [
            -0.007359,
            -0.06714,
            -0.030826
          ],
          [
            -0.055303,
            0.012704,
            0.098057
          ],
          [
            -0.002693,
            -0.004786,
            -0.17191
          ],
          [
            0.003271,
            0.004437,
            -0.18992
          ],
          [
            0.001819,
            -0.023869,
            -0.086827
          ],
          [
            -0.00374,
            0.020774,
            -0.127021
          ],
          [
            -0.002382,
            -0.014504,
            -0.175162
          ],
          [
            -0.019117,
            0.015339,
            -0.078913
          ],
          [
            0.000407,
            -0.00918,
            -0.172127
          ],
          [
            0.021716,
            0.00928,
            -0.079789
          ],
          [
            -0.003974,
            -0.04788,
            0.038091
          ],
          [
            -0.00909,
            0.004682,
            0.152801
          ],
          [
            -0.016124,
            -0.094208,
            0.088911
          ],
          [
            -0.014685,
            0.098965,
            0.637781
          ],
          [
            -0.072864,
            -0.097501,
            0.12579
          ],
          [
            -0.0066,
            0.053543,
            0.096085
          ],
          [
            0.051667,
            -0.098311,
            0.127258
          ],
          [
            -0.018429,
            0.054742,
            0.074093
          ],
          [
            -0.023128,
            -0.009481,
            -0.010137
          ],
          [
            -0.018855,
            0.00159,
            -0.032697
          ],
          [
            0.013105,
            -0.003742,
            -0.055524
          ],
          [
            0.012003,
            -0.024501,
            -0.035011
          ],
          [
            -0.009718,
            0.017903,
            0.091064
          ],
          [
            0.093988,
            0.006607,
            0.011101
          ],
          [
            0.001303,
            0.008388,
            0.00713
          ],
          [
            0.117364,
            -0.007352,
            0.047439
          ],
          [
            -0.052206,
            -0.031223,
            -0.006623
          ],
          [
            -0.010779,
            0.00584,
            -0.005129
          ],
          [
            0.032864,
            -0.021616,
            -0.044745
          ],
          [
            0.015828,
            0.009376,
            -0.003114
          ],
          [
            0.029172,
            -0.04162,
            -0.028497
          ],
          [
            -0.00168,
            0.009081,
            -0.018289
          ],
          [
            -0.032109,
            -0.077956,
            0.000859
          ],
          [
            0.000663,
            0.030791,
            0.01466
          ],
          [
            0.016197,
            0.207857,
            -0.184325
          ]
        ],
        "Lattice": [
          [
            8.33,
            0.0,
            0.0
          ],
          [
            0.0,
            8.33,
            0.0
          ],
          [
            0.0,
            0.0,
            20.227360776
          ]
        ],
        "NumAtoms": 65,
        "Positions": [
          [
            0.0,
            0.0,
            0.0
          ],
          [
            0.0,
            4.165,
            0.0
          ],
          [
            4.165,
            0.0,
            0.0
          ],
          [
            4.165,
            4.165,
            0.0
          ],
          [
            2.0825,
            2.0825,
            0.0
          ],
          [
            2.0825,
            6.2475,
            0.0
          ],
          [
            6.2475,
            2.0825,
            0.0
          ],
          [
            6.2475,
            6.2475,
            0.0
          ],
          [
            0.0,
            2.0825,
            2.0825
          ],
          [
            0.0,
            6.2475,
            2.0825
          ],
          [
            4.165,
            2.0825,
            2.0825
          ],
          [
            4.165,
            6.2475,
            2.0825
          ],
          [
            2.0825,
            0.0,
            2.0825
          ],
          [
            2.0825,
            4.165,
            2.0825
          ],
          [
            6.2475,
            0.0,
            2.0825
          ],
          [
            6.2475,
            4.165,
            2.0825
          ],
          [
            0.04019,
            0.02643,
            4.22537
          ],
          [
            0.02779,
            4.11748,
            4.23774
          ],
          [
            4.12721,
            0.02636,
            4.22307
          ],
          [
            4.13136,
            4.1141,
            4.22889
          ],
          [
            2.08226,
            2.07701,
            4.19144
          ],
          [
            2.07964,
            6.23305,
            4.23992
          ],
          [
            6.24869,
            2.10346,
            4.21825
          ],
          [
            6.25664,
            6.20404,
            4.31214
          ],
          [
            0.01117,
            2.0842,
            6.28286
          ],
          [
            -0.00142,
            6.17819,
            6.51022
          ],
          [
            4.14454,
            2.08076,
            6.27543
          ],
          [
            4.15946,
            6.17778,
            6.50913
          ],
          [
            2.07773,
            -0.01288,
            6.27538
          ],
          [
            2.07509,
            4.1316,
            6.27883
          ],
          [
            6.24702,
            0.08348,
            6.35492
          ],
          [
            6.22095,
            3.90106,
            7.00607
          ],
          [
            2.0825,
            0.0,
            0.0
          ],
          [
            2.0825,
            4.165,
            0.0
          ],
          [
            6.2475,
            0.0,
            0.0
          ],
          [
            6.2475,
            4.165,
            0.0
          ],
          [
            0.0,
            2.0825,
            0.0
          ],
          [
            0.0,
            6.2475,
            0.0
          ],
          [
            4.165,
            2.0825,
            0.0
          ],
          [
            4.165,
            6.2475,
            0.0
          ],
          [
            2.0825,
            2.0825,
            2.0825
          ],
          [
            2.0825,
            6.2475,
            2.0825
          ],
          [
            6.2475,
            2.0825,
            2.0825
          ],
          [
            6.2475,
            6.2475,
            2.0825
          ],
          [
            0.0,
            0.0,
            2.0825
          ],
          [
            0.0,
            4.165,
            2.0825
          ],
          [
            4.165,
            0.0,
            2.0825
          ],
          [
            4.165,
            4.165,
            2.0825
          ],
          [
            2.08409,
            -0.02016,
            4.17768
          ],
          [
            2.08192,
            4.1664,
            4.16893
          ],
          [
            6.24758,
            -0.00482,
            4.16746
          ],
          [
            6.24571,
            4.1636,
            4.10527
          ],
          [
            -0.00424,
            2.06827,
            4.17023
          ],
          [
            -0.00166,
            6.24446,
            4.17206
          ],
          [
            4.17131,
            2.06766,
            4.17527
          ],
          [
            4.15897,
            6.24512,
            4.17814
          ],
          [
            2.0834,
            2.04837,
            6.2482
          ],
          [
            2.0868,
            6.24427,
            6.31455
          ],
          [
            6.24273,
            2.05633,
            6.25136
          ],
          [
            6.24146,
            6.43023,
            6.32215
          ],
          [
            0.01046,
            0.00485,
            6.29144
          ],
          [
            0.06356,
            4.13681,
            6.26934
          ],
          [
            4.15083,
            0.00478,
            6.28905
          ],
          [
            4.098,
            4.1343,
            6.25857
          ],
          [
            6.22957,
            4.63993,
            8.57388
          ]
        ],
        "Stress": [
          [
            -48.43891,
            -0.05962,
            -0.27517
          ],
          [
            -0.05962,
            -46.63742,
            0.60754
          ],
          [
            -0.27517,
            0.60754,
            -28.47302
          ]
        ],
        "computation_code": "VASP",
        "pseudopotential_information": [
          [
            "PAW_PBE",
            "Ni",
            "02Aug2007"
          ],
          [
            "PAW_PBE",
            "Sn_d",
            "06Sep2000"
          ],
          [
            "PAW_PBE",
            "O",
            "08Apr2002"
          ]
        ]
      }
    ],
    "EnergyStyle": "electronvolt",
    "ForcesStyle": "electronvoltperangstrom",
    "LatticeStyle": "angstrom",
    "PositionsStyle": "angstrom",
    "StressStyle": "kB"
  }
}