{
  "Dataset": {
    "AtomTypeStyle": "chemicalsymbol",
    "Data": [
      {
        "AtomTypes": [
          "Ni",
          "Ni",
          "Ni",
          "Ni",
          "Ni",
          "Ni",
          "Ni",
          "Ni",
          "Ni",
          "Ni",
          "Ni",
          "Ni",
          "Ni",
          "Ni",
          "Ni",
          "Ni",
          "Ni",
          "Ni",
          "Ni",
          "Ni",
          "Ni",
          "Ni",
          "Ni",
          "Ni",
          "Ni",
          "Ni",
          "Ni",
          "Ni",
          "Ni",
          "Ni",
          "Ni",
          "Sn",
          "O",
          "O",
          "O",
          "O",
          "O",
          "O",
          "O",
          "O",
          "O",
          "O",
          "O",
          "O",
          "O",
          "O",
          "O",
          "O",
          "O",
          "O",
          "O",
          "O",
          "O",
          "O",
          "O",
          "O",
          "O",
          "O",
          "O",
          "O",
          "O",
          "O",
          "O"
        ],
        "Energy": -328.80258932,
        "Forces": [
          [
            0.015606,
            0.010391,
            0.340209
          ],
          [
            -0.002046,
            0.019823,
            0.315744
          ],
          [
            0.012658,
            0.003296,
            0.341578
          ],
          [
            0.021405,
            0.022614,
            0.300269
          ],
          [
            0.003383,
            0.011682,
            0.339613
          ],
          [
            0.010449,
            0.015876,
            0.338937
          ],
          [
            0.023295,
            0.020551,
            0.303233
          ],
          [
            0.020477,
            -0.001615,
            0.314603
          ],
          [
            0.02561,
            -0.002068,
            -0.185507
          ],
          [
            0.016767,
            0.016908,
            -0.033765
          ],
          [
            -0.060513,
            -0.072359,
            -0.070125
          ],
          [
            -0.000976,
            0.035596,
            -0.200552
          ],
          [
            -0.007472,
            -0.008457,
            -0.07427
          ],
          [
            -0.066274,
            -0.004005,
            -0.016877
          ],
          [
            -0.003957,
            -0.056093,
            -0.002933
          ],
          [
            -0.082297,
            -0.084441,
            0.260758
          ],
          [
            -0.095537,
            -0.09708,
            0.148776
          ],
          [
            -0.048357,
            0.124342,
            0.241
          ],
          [
            0.078033,
            0.08335,
            0.125142
          ],
          [
            0.013659,
            -0.096421,
            0.245588
          ],
          [
            0.073336,
            0.071366,
            0.127446
          ],
          [
            -0.107849,
            -0.087999,
            0.137365
          ],
          [
            -0.089407,
            0.009885,
            0.241417
          ],
          [
            0.132582,
            -0.036436,
            0.224472
          ],
          [
            0.003825,
            -0.042762,
            -0.685182
          ],
          [
            -0.110406,
            -0.101678,
            0.091665
          ],
          [
            0.09149,
            0.069589,
            0.06285
          ],
          [
            -0.065254,
            0.085686,
            -0.706353
          ],
          [
            -0.01004,
            0.003251,
            0.052372
          ],
          [
            0.05145,
            0.008655,
            0.034447
          ],
          [
            0.020681,
            0.052318,
            0.046343
          ],
          [
            0.262241,
            0.042567,
            1.214298
          ],
          [
            0.004124,
            0.003758,
            -0.183555
          ],
          [
            0.016986,
            -0.005215,
            -0.179611
          ],
          [
            -0.004934,
            0.015132,
            -0.180349
          ],
          [
            0.004611,
            0.004771,
            -0.222942
          ],
          [
            -0.011542,
            -0.001598,
            -0.176811
          ],
          [
            0.000826,
            -7e-06,
            -0.164782
          ],
          [
            0.010721,
            0.012406,
            -0.161227
          ],
          [
            -0.001711,
            -0.013827,
            -0.176377
          ],
          [
            0.037351,
            -0.025406,
            -0.031858
          ],
          [
            -0.046414,
            0.000183,
            -0.036061
          ],
          [
            -0.073188,
            0.156256,
            -0.037819
          ],
          [
            0.037759,
            -0.146544,
            -0.027961
          ],
          [
            0.00105,
            -0.046437,
            -0.039707
          ],
          [
            -0.14768,
            0.036875,
            -0.027587
          ],
          [
            -0.025367,
            0.036813,
            -0.038683
          ],
          [
            0.15434,
            -0.073911,
            -0.060932
          ],
          [
            0.004989,
            0.000355,
            -0.225737
          ],
          [
            0.019435,
            -6e-05,
            -0.476554
          ],
          [
            -0.00048,
            0.009552,
            -0.490251
          ],
          [
            -0.006541,
            0.002917,
            0.385041
          ],
          [
            0.032419,
            0.029717,
            -0.285353
          ],
          [
            -0.025302,
            -0.010114,
            -0.286007
          ],
          [
            -0.005565,
            -0.014341,
            0.406647
          ],
          [
            -0.207985,
            -0.368531,
            -0.05369
          ],
          [
            0.295887,
            0.376476,
            -0.048886
          ],
          [
            0.165542,
            -0.046298,
            -0.275052
          ],
          [
            -0.179437,
            0.007843,
            -0.229497
          ],
          [
            0.404379,
            0.26293,
            -0.054038
          ],
          [
            -0.007744,
            -0.164559,
            -0.229231
          ],
          [
            -0.400556,
            -0.24919,
            -0.050989
          ],
          [
            -0.172534,
            0.193721,
            -0.212701
          ]
        ],
        "Lattice": [
          [
            8.33,
            0.0,
            0.0
          ],
          [
            0.0,
            8.33,
            0.0
          ],
          [
            0.0,
            0.0,
            20.227360776
          ]
        ],
        "NumAtoms": 63,
        "Positions": [
          [
            0.0,
            0.0,
            0.0
          ],
          [
            0.0,
            4.165,
            0.0
          ],
          [
            4.165,
            0.0,
            0.0
          ],
          [
            4.165,
            4.165,
            0.0
          ],
          [
            2.0825,
            2.0825,
            0.0
          ],
          [
            2.0825,
            6.2475,
            0.0
          ],
          [
            6.2475,
            2.0825,
            0.0
          ],
          [
            6.2475,
            6.2475,
            0.0
          ],
          [
            0.0,
            2.0825,
            2.0825
          ],
          [
            0.0,
            6.2475,
            2.0825
          ],
          [
            4.165,
            2.0825,
            2.0825
          ],
          [
            4.165,
            6.2475,
            2.0825
          ],
          [
            2.0825,
            0.0,
            2.0825
          ],
          [
            2.0825,
            4.165,
            2.0825
          ],
          [
            6.2475,
            0.0,
            2.0825
          ],
          [
            6.2475,
            4.165,
            2.0825
          ],
          [
            -0.00702,
            0.01326,
            4.17486
          ],
          [
            -0.02477,
            4.16646,
            4.15605
          ],
          [
            4.16608,
            8.30818,
            4.17563
          ],
          [
            4.17507,
            4.15874,
            4.13309
          ],
          [
            2.06075,
            2.08347,
            4.17555
          ],
          [
            2.09663,
            6.24031,
            4.17496
          ],
          [
            6.24154,
            2.09404,
            4.14045
          ],
          [
            6.2482,
            6.22294,
            4.15547
          ],
          [
            0.02018,
            2.03972,
            6.3333
          ],
          [
            0.03845,
            6.28545,
            6.2354
          ],
          [
            4.09882,
            2.01568,
            6.23242
          ],
          [
            4.12091,
            6.26569,
            6.33383
          ],
          [
            2.06786,
            8.31492,
            6.21971
          ],
          [
            2.06514,
            4.15076,
            6.2162
          ],
          [
            6.23288,
            8.31563,
            6.21836
          ],
          [
            6.21498,
            4.1518,
            6.27877
          ],
          [
            2.0825,
            0.0,
            0.0
          ],
          [
            2.0825,
            4.165,
            0.0
          ],
          [
            6.2475,
            0.0,
            0.0
          ],
          [
            6.2475,
            4.165,
            0.0
          ],
          [
            0.0,
            2.0825,
            0.0
          ],
          [
            0.0,
            6.2475,
            0.0
          ],
          [
            4.165,
            2.0825,
            0.0
          ],
          [
            4.165,
            6.2475,
            0.0
          ],
          [
            2.0825,
            2.0825,
            2.0825
          ],
          [
            2.0825,
            6.2475,
            2.0825
          ],
          [
            6.2475,
            2.0825,
            2.0825
          ],
          [
            6.2475,
            6.2475,
            2.0825
          ],
          [
            0.0,
            0.0,
            2.0825
          ],
          [
            0.0,
            4.165,
            2.0825
          ],
          [
            4.165,
            0.0,
            2.0825
          ],
          [
            4.165,
            4.165,
            2.0825
          ],
          [
            2.0807,
            -0.00143,
            4.17901
          ],
          [
            2.08394,
            4.16097,
            4.17012
          ],
          [
            6.24395,
            0.00457,
            4.17243
          ],
          [
            8.30798,
            2.09481,
            4.14343
          ],
          [
            8.31863,
            6.23632,
            4.19783
          ],
          [
            4.17545,
            2.09006,
            4.19475
          ],
          [
            4.17722,
            6.22731,
            4.14095
          ],
          [
            2.07129,
            2.06451,
            6.26817
          ],
          [
            2.06629,
            6.24134,
            6.26955
          ],
          [
            6.22161,
            1.9158,
            6.27759
          ],
          [
            6.25029,
            6.39316,
            6.27429
          ],
          [
            8.32257,
            -0.01556,
            6.26941
          ],
          [
            0.1431,
            4.16858,
            6.2741
          ],
          [
            4.14898,
            -0.00927,
            6.26836
          ],
          [
            4.00084,
            4.13508,
            6.25779
          ]
        ],
        "Stress": [
          [
            -42.31648,
            0.38695,
            0.29711
          ],
          [
            0.38695,
            -42.33973,
            0.2404
          ],
          [
            0.29711,
            0.2404,
            -28.95027
          ]
        ],
        "computation_code": "VASP",
        "pseudopotential_information": [
          [
            "PAW_PBE",
            "Ni",
            "02Aug2007"
          ],
          [
            "PAW_PBE",
            "Sn_d",
            "06Sep2000"
          ],
          [
            "PAW_PBE",
            "O",
            "08Apr2002"
          ]
        ]
      }
    ],
    "EnergyStyle": "electronvolt",
    "ForcesStyle": "electronvoltperangstrom",
    "LatticeStyle": "angstrom",
    "PositionsStyle": "angstrom",
    "StressStyle": "kB"
  }
}