{
  "Dataset": {
    "AtomTypeStyle": "chemicalsymbol",
    "Data": [
      {
        "AtomTypes": [
          "Ni",
          "Ni",
          "Ni",
          "Ni",
          "Ni",
          "Ni",
          "Ni",
          "Ni",
          "Ni",
          "Ni",
          "Ni",
          "Ni",
          "Ni",
          "Ni",
          "Ni",
          "Ni",
          "Ni",
          "Ni",
          "Ni",
          "Ni",
          "Ni",
          "Ni",
          "Ni",
          "Ni",
          "Ni",
          "Ni",
          "Ni",
          "Ni",
          "Ni",
          "Ni",
          "Sn",
          "O",
          "O",
          "O",
          "O",
          "O",
          "O",
          "O",
          "O",
          "O",
          "O",
          "O",
          "O",
          "O",
          "O",
          "O",
          "O",
          "O",
          "O",
          "O",
          "O",
          "O",
          "O",
          "O",
          "O",
          "O",
          "O",
          "O",
          "O",
          "O",
          "O",
          "O",
          "O"
        ],
        "Energy": -334.55661494,
        "Forces": [
          [
            0.035089,
            -0.005251,
            0.34458
          ],
          [
            0.043349,
            0.03452,
            0.307566
          ],
          [
            -0.005823,
            -0.018832,
            0.388504
          ],
          [
            -0.013938,
            0.045059,
            0.339247
          ],
          [
            0.032873,
            -0.005025,
            0.343681
          ],
          [
            0.045469,
            0.034868,
            0.387195
          ],
          [
            -0.00512,
            -0.012966,
            0.305007
          ],
          [
            -0.017019,
            0.043559,
            0.340909
          ],
          [
            0.054439,
            -0.062409,
            -0.158518
          ],
          [
            0.080444,
            0.057256,
            -0.102806
          ],
          [
            -0.072818,
            -0.097034,
            -0.114244
          ],
          [
            -0.066961,
            0.064726,
            -0.25498
          ],
          [
            0.063357,
            -0.077983,
            -0.040229
          ],
          [
            0.02912,
            0.070217,
            -0.137072
          ],
          [
            -0.082441,
            -0.047092,
            -0.147856
          ],
          [
            -0.078336,
            0.054618,
            -0.344427
          ],
          [
            0.002265,
            0.000269,
            -0.000664
          ],
          [
            0.00062,
            0.004344,
            5.2e-05
          ],
          [
            0.001652,
            0.005783,
            -0.006728
          ],
          [
            0.008976,
            -0.001007,
            0.002951
          ],
          [
            0.002138,
            0.000427,
            -0.001164
          ],
          [
            -0.003084,
            0.000365,
            -0.006202
          ],
          [
            -0.003576,
            0.003052,
            0.003857
          ],
          [
            0.000924,
            -0.005817,
            0.000253
          ],
          [
            0.002826,
            0.000718,
            -0.005726
          ],
          [
            -0.00051,
            0.001857,
            0.015635
          ],
          [
            0.004925,
            0.017841,
            0.013219
          ],
          [
            -0.002269,
            0.005841,
            -0.007109
          ],
          [
            0.004386,
            -0.003604,
            -0.004654
          ],
          [
            0.009872,
            0.002513,
            -0.004668
          ],
          [
            -0.028946,
            -0.005617,
            0.009843
          ],
          [
            -0.02663,
            0.025931,
            -0.190887
          ],
          [
            -0.021938,
            -0.027184,
            -0.158494
          ],
          [
            0.025977,
            0.023272,
            -0.156306
          ],
          [
            0.023606,
            -0.024444,
            -0.094119
          ],
          [
            -0.025513,
            0.023248,
            -0.173303
          ],
          [
            -0.02674,
            -0.025101,
            -0.209734
          ],
          [
            0.024248,
            0.027013,
            -0.207613
          ],
          [
            0.025715,
            -0.027589,
            -0.290328
          ],
          [
            -0.067976,
            0.040565,
            0.024512
          ],
          [
            -0.169342,
            -0.066542,
            -0.026158
          ],
          [
            0.038277,
            0.068957,
            0.041015
          ],
          [
            0.155194,
            -0.072908,
            -0.059963
          ],
          [
            -0.067844,
            0.044501,
            0.025185
          ],
          [
            -0.087694,
            -0.064423,
            0.044977
          ],
          [
            0.039835,
            0.138583,
            -0.028903
          ],
          [
            0.056713,
            -0.187432,
            -0.06701
          ],
          [
            0.002102,
            -0.000188,
            -0.005116
          ],
          [
            0.000774,
            0.002542,
            -0.002447
          ],
          [
            -0.001611,
            -0.002198,
            -0.00022
          ],
          [
            0.000121,
            0.005226,
            -0.009959
          ],
          [
            5.5e-05,
            0.001375,
            0.01221
          ],
          [
            -0.003682,
            0.001658,
            0.001231
          ],
          [
            0.000999,
            0.005558,
            -0.000709
          ],
          [
            -7.9e-05,
            0.002555,
            0.010481
          ],
          [
            -0.005411,
            -0.006147,
            0.007873
          ],
          [
            0.002758,
            -0.001303,
            0.007769
          ],
          [
            0.006145,
            -0.012496,
            0.003357
          ],
          [
            0.005273,
            0.008623,
            0.01061
          ],
          [
            0.008952,
            0.0073,
            0.007682
          ],
          [
            0.024232,
            -0.003163,
            0.003414
          ],
          [
            0.005428,
            -0.007446,
            0.006966
          ],
          [
            0.016173,
            -0.003539,
            0.008531
          ]
        ],
        "Lattice": [
          [
            8.33,
            0.0,
            0.0
          ],
          [
            0.0,
            8.33,
            0.0
          ],
          [
            0.0,
            0.0,
            20.227360776
          ]
        ],
        "NumAtoms": 63,
        "Positions": [
          [
            0.0,
            0.0,
            0.0
          ],
          [
            0.0,
            4.165,
            0.0
          ],
          [
            4.165,
            0.0,
            0.0
          ],
          [
            4.165,
            4.165,
            0.0
          ],
          [
            2.0825,
            2.0825,
            0.0
          ],
          [
            2.0825,
            6.2475,
            0.0
          ],
          [
            6.2475,
            2.0825,
            0.0
          ],
          [
            6.2475,
            6.2475,
            0.0
          ],
          [
            0.0,
            2.0825,
            2.0825
          ],
          [
            0.0,
            6.2475,
            2.0825
          ],
          [
            4.165,
            2.0825,
            2.0825
          ],
          [
            4.165,
            6.2475,
            2.0825
          ],
          [
            2.0825,
            0.0,
            2.0825
          ],
          [
            2.0825,
            4.165,
            2.0825
          ],
          [
            6.2475,
            0.0,
            2.0825
          ],
          [
            6.2475,
            4.165,
            2.0825
          ],
          [
            0.00322,
            -0.00728,
            4.18842
          ],
          [
            0.02486,
            4.16945,
            4.16102
          ],
          [
            4.1521,
            8.27586,
            4.21572
          ],
          [
            4.11591,
            4.19701,
            4.16235
          ],
          [
            2.08278,
            2.07112,
            4.18797
          ],
          [
            2.13246,
            6.25531,
            4.21697
          ],
          [
            6.23459,
            2.04828,
            4.15765
          ],
          [
            6.20902,
            6.28646,
            4.16459
          ],
          [
            0.04156,
            2.0177,
            6.22463
          ],
          [
            0.04693,
            6.29891,
            6.21657
          ],
          [
            4.0904,
            2.01385,
            6.21101
          ],
          [
            2.16583,
            8.22141,
            6.25024
          ],
          [
            2.12864,
            4.24147,
            6.25997
          ],
          [
            6.1465,
            8.26171,
            6.25595
          ],
          [
            6.16653,
            4.22704,
            6.31947
          ],
          [
            2.0825,
            0.0,
            0.0
          ],
          [
            2.0825,
            4.165,
            0.0
          ],
          [
            6.2475,
            0.0,
            0.0
          ],
          [
            6.2475,
            4.165,
            0.0
          ],
          [
            0.0,
            2.0825,
            0.0
          ],
          [
            0.0,
            6.2475,
            0.0
          ],
          [
            4.165,
            2.0825,
            0.0
          ],
          [
            4.165,
            6.2475,
            0.0
          ],
          [
            2.0825,
            2.0825,
            2.0825
          ],
          [
            2.0825,
            6.2475,
            2.0825
          ],
          [
            6.2475,
            2.0825,
            2.0825
          ],
          [
            6.2475,
            6.2475,
            2.0825
          ],
          [
            0.0,
            0.0,
            2.0825
          ],
          [
            0.0,
            4.165,
            2.0825
          ],
          [
            4.165,
            0.0,
            2.0825
          ],
          [
            4.165,
            4.165,
            2.0825
          ],
          [
            2.07338,
            0.00318,
            4.18268
          ],
          [
            2.06865,
            4.15764,
            4.19828
          ],
          [
            6.24826,
            0.0065,
            4.19737
          ],
          [
            6.23833,
            4.16461,
            4.21646
          ],
          [
            8.30736,
            2.09895,
            4.16371
          ],
          [
            8.30332,
            6.23006,
            4.14822
          ],
          [
            4.17598,
            2.10083,
            4.1475
          ],
          [
            4.1828,
            6.22365,
            4.07113
          ],
          [
            2.04554,
            2.10648,
            6.25575
          ],
          [
            1.95447,
            6.22054,
            6.25251
          ],
          [
            6.28066,
            2.12944,
            6.31712
          ],
          [
            6.40366,
            6.23703,
            6.32244
          ],
          [
            8.28911,
            0.01662,
            6.25643
          ],
          [
            8.26425,
            4.11476,
            6.31997
          ],
          [
            4.17065,
            0.10791,
            6.25388
          ],
          [
            4.15642,
            3.98934,
            6.32023
          ]
        ],
        "Stress": [
          [
            -46.20435,
            0.63135,
            0.05541
          ],
          [
            0.63135,
            -46.24692,
            -0.16333
          ],
          [
            0.05541,
            -0.16333,
            -25.9928
          ]
        ],
        "computation_code": "VASP",
        "pseudopotential_information": [
          [
            "PAW_PBE",
            "Ni",
            "02Aug2007"
          ],
          [
            "PAW_PBE",
            "Sn_d",
            "06Sep2000"
          ],
          [
            "PAW_PBE",
            "O",
            "08Apr2002"
          ]
        ]
      }
    ],
    "EnergyStyle": "electronvolt",
    "ForcesStyle": "electronvoltperangstrom",
    "LatticeStyle": "angstrom",
    "PositionsStyle": "angstrom",
    "StressStyle": "kB"
  }
}