{
  "Dataset": {
    "AtomTypeStyle": "chemicalsymbol",
    "Data": [
      {
        "AtomTypes": [
          "Ni",
          "Ni",
          "Ni",
          "Ni",
          "Ni",
          "Ni",
          "Ni",
          "Ni",
          "Ni",
          "Ni",
          "Ni",
          "Ni",
          "Ni",
          "Ni",
          "Ni",
          "Ni",
          "Ni",
          "Ni",
          "Ni",
          "Ni",
          "Ni",
          "Ni",
          "Ni",
          "Ni",
          "Ni",
          "Ni",
          "Ni",
          "Ni",
          "Ni",
          "Ni",
          "Ni",
          "O",
          "O",
          "O",
          "O",
          "O",
          "O",
          "O",
          "O",
          "O",
          "O",
          "O",
          "O",
          "O",
          "O",
          "O",
          "O",
          "O",
          "O",
          "O",
          "O",
          "O",
          "O",
          "O",
          "O",
          "O",
          "O",
          "O",
          "O",
          "O",
          "O",
          "O",
          "O"
        ],
        "Energy": -330.92521242,
        "Forces": [
          [
            -0.014923,
            0.014923,
            0.330245
          ],
          [
            -0.003564,
            0.012543,
            0.183918
          ],
          [
            -0.012543,
            0.003564,
            0.183918
          ],
          [
            -0.01793,
            0.01793,
            0.696533
          ],
          [
            0.069636,
            0.041133,
            0.346049
          ],
          [
            0.07014,
            -0.07014,
            0.347484
          ],
          [
            -0.039031,
            0.039031,
            0.35032
          ],
          [
            -0.041133,
            -0.069636,
            0.346049
          ],
          [
            -0.009824,
            -0.035938,
            -0.22634
          ],
          [
            -0.007208,
            0.036535,
            -0.221558
          ],
          [
            -0.000486,
            0.679098,
            0.067075
          ],
          [
            -0.000497,
            -0.66613,
            0.038062
          ],
          [
            -0.036535,
            0.007208,
            -0.221558
          ],
          [
            0.66613,
            0.000497,
            0.038062
          ],
          [
            0.035938,
            0.009824,
            -0.22634
          ],
          [
            -0.679098,
            0.000486,
            0.067075
          ],
          [
            0.003438,
            -0.003438,
            -0.003217
          ],
          [
            -0.271623,
            0.004713,
            0.011169
          ],
          [
            -0.004713,
            0.271623,
            0.011169
          ],
          [
            0.052941,
            0.011089,
            -0.00494
          ],
          [
            0.021081,
            -0.021081,
            -0.012968
          ],
          [
            -0.050495,
            0.050495,
            -0.005379
          ],
          [
            -0.011089,
            -0.052941,
            -0.00494
          ],
          [
            -0.004308,
            -0.022275,
            -0.045954
          ],
          [
            -0.007513,
            0.026761,
            -0.050789
          ],
          [
            0.006809,
            0.013991,
            -0.072541
          ],
          [
            0.0092,
            -0.028452,
            -0.04695
          ],
          [
            -0.026761,
            0.007513,
            -0.050789
          ],
          [
            0.028452,
            -0.0092,
            -0.04695
          ],
          [
            0.022275,
            0.004308,
            -0.045954
          ],
          [
            -0.013991,
            -0.006809,
            -0.072541
          ],
          [
            -0.002274,
            -0.000512,
            -0.146451
          ],
          [
            -0.163209,
            -0.000422,
            -0.212924
          ],
          [
            0.001369,
            -0.001412,
            -0.147085
          ],
          [
            0.167558,
            -9.4e-05,
            -0.207564
          ],
          [
            0.001412,
            -0.001369,
            -0.147085
          ],
          [
            0.000512,
            0.002274,
            -0.146451
          ],
          [
            9.4e-05,
            -0.167558,
            -0.207564
          ],
          [
            0.000422,
            0.163209,
            -0.212924
          ],
          [
            -0.069948,
            -0.051682,
            -0.021788
          ],
          [
            -0.067476,
            0.067476,
            -0.013546
          ],
          [
            0.060264,
            -0.060264,
            -0.030927
          ],
          [
            0.051682,
            0.069948,
            -0.021788
          ],
          [
            0.006364,
            -0.006364,
            0.030005
          ],
          [
            0.007236,
            -0.008943,
            0.42545
          ],
          [
            0.008943,
            -0.007236,
            0.42545
          ],
          [
            0.018371,
            -0.018371,
            -0.749431
          ],
          [
            -0.013606,
            -0.009663,
            -0.034189
          ],
          [
            0.10227,
            0.006771,
            -0.027263
          ],
          [
            0.018683,
            -0.013823,
            -0.034891
          ],
          [
            0.112721,
            0.006742,
            -0.03543
          ],
          [
            0.013823,
            -0.018683,
            -0.034891
          ],
          [
            0.009663,
            0.013606,
            -0.034189
          ],
          [
            -0.006742,
            -0.112721,
            -0.03543
          ],
          [
            -0.006771,
            -0.10227,
            -0.027263
          ],
          [
            -0.01668,
            -0.004931,
            -0.015562
          ],
          [
            -0.003854,
            0.003854,
            -0.015522
          ],
          [
            0.017217,
            -0.017217,
            -0.003854
          ],
          [
            0.004931,
            0.01668,
            -0.015562
          ],
          [
            0.004492,
            -0.004492,
            0.010079
          ],
          [
            0.02263,
            0.002241,
            -0.071365
          ],
          [
            -0.002241,
            -0.02263,
            -0.071365
          ],
          [
            -0.010629,
            0.010629,
            0.173903
          ]
        ],
        "Lattice": [
          [
            8.33,
            0.0,
            0.0
          ],
          [
            0.0,
            8.33,
            0.0
          ],
          [
            0.0,
            0.0,
            20.227360776
          ]
        ],
        "NumAtoms": 63,
        "Positions": [
          [
            0.0,
            0.0,
            0.0
          ],
          [
            0.0,
            4.165,
            0.0
          ],
          [
            4.165,
            0.0,
            0.0
          ],
          [
            4.165,
            4.165,
            0.0
          ],
          [
            2.0825,
            2.0825,
            0.0
          ],
          [
            2.0825,
            6.2475,
            0.0
          ],
          [
            6.2475,
            2.0825,
            0.0
          ],
          [
            6.2475,
            6.2475,
            0.0
          ],
          [
            0.0,
            2.0825,
            2.0825
          ],
          [
            0.0,
            6.2475,
            2.0825
          ],
          [
            4.165,
            2.0825,
            2.0825
          ],
          [
            4.165,
            6.2475,
            2.0825
          ],
          [
            2.0825,
            0.0,
            2.0825
          ],
          [
            2.0825,
            4.165,
            2.0825
          ],
          [
            6.2475,
            0.0,
            2.0825
          ],
          [
            6.2475,
            4.165,
            2.0825
          ],
          [
            0.00076,
            -0.00076,
            4.17003
          ],
          [
            0.00869,
            4.16538,
            4.17427
          ],
          [
            4.16462,
            -0.00869,
            4.17427
          ],
          [
            2.10366,
            2.10574,
            4.16504
          ],
          [
            2.10438,
            6.22562,
            4.16692
          ],
          [
            6.22316,
            2.10684,
            4.1656
          ],
          [
            6.22426,
            6.22634,
            4.16504
          ],
          [
            0.00165,
            2.08837,
            6.21094
          ],
          [
            0.00195,
            6.24468,
            6.21264
          ],
          [
            4.16529,
            2.16299,
            6.18822
          ],
          [
            4.16826,
            6.16836,
            6.18863
          ],
          [
            2.08532,
            -0.00195,
            6.21264
          ],
          [
            2.16164,
            4.16174,
            6.18863
          ],
          [
            6.24163,
            -0.00165,
            6.21094
          ],
          [
            6.16701,
            4.16471,
            6.18822
          ],
          [
            2.0825,
            0.0,
            0.0
          ],
          [
            2.0825,
            4.165,
            0.0
          ],
          [
            6.2475,
            0.0,
            0.0
          ],
          [
            6.2475,
            4.165,
            0.0
          ],
          [
            0.0,
            2.0825,
            0.0
          ],
          [
            0.0,
            6.2475,
            0.0
          ],
          [
            4.165,
            2.0825,
            0.0
          ],
          [
            4.165,
            6.2475,
            0.0
          ],
          [
            2.0825,
            2.0825,
            2.0825
          ],
          [
            2.0825,
            6.2475,
            2.0825
          ],
          [
            6.2475,
            2.0825,
            2.0825
          ],
          [
            6.2475,
            6.2475,
            2.0825
          ],
          [
            0.0,
            0.0,
            2.0825
          ],
          [
            0.0,
            4.165,
            2.0825
          ],
          [
            4.165,
            0.0,
            2.0825
          ],
          [
            4.165,
            4.165,
            2.0825
          ],
          [
            2.09156,
            0.00256,
            4.16632
          ],
          [
            1.85901,
            4.16628,
            4.16926
          ],
          [
            6.24076,
            0.00122,
            4.16561
          ],
          [
            6.4699,
            4.16743,
            4.1684
          ],
          [
            -0.00122,
            2.08924,
            4.16561
          ],
          [
            -0.00256,
            6.23844,
            4.16632
          ],
          [
            4.16257,
            1.8601,
            4.1684
          ],
          [
            4.16372,
            6.47099,
            4.16926
          ],
          [
            2.08352,
            2.08196,
            6.24666
          ],
          [
            2.08189,
            6.24811,
            6.24621
          ],
          [
            6.24758,
            2.08242,
            6.24485
          ],
          [
            6.24804,
            6.24648,
            6.24666
          ],
          [
            -0.00071,
            0.00071,
            6.2494
          ],
          [
            -0.00039,
            4.16419,
            6.16907
          ],
          [
            4.16581,
            0.00039,
            6.16907
          ],
          [
            4.1655,
            4.1645,
            6.44286
          ]
        ],
        "Stress": [
          [
            -56.10385,
            0.02838,
            0.02612
          ],
          [
            0.02838,
            -56.10385,
            -0.02612
          ],
          [
            0.02612,
            -0.02612,
            -28.96469
          ]
        ],
        "computation_code": "VASP",
        "pseudopotential_information": [
          [
            "PAW_PBE",
            "Ni",
            "02Aug2007"
          ],
          [
            "PAW_PBE",
            "O",
            "08Apr2002"
          ]
        ]
      }
    ],
    "EnergyStyle": "electronvolt",
    "ForcesStyle": "electronvoltperangstrom",
    "LatticeStyle": "angstrom",
    "PositionsStyle": "angstrom",
    "StressStyle": "kB"
  }
}