{
  "Dataset": {
    "AtomTypeStyle": "chemicalsymbol",
    "Data": [
      {
        "AtomTypes": [
          "Ni",
          "Ni",
          "Ni",
          "Ni",
          "Ni",
          "Ni",
          "Ni",
          "Ni",
          "Ni",
          "Ni",
          "Ni",
          "Ni",
          "Ni",
          "Ni",
          "Ni",
          "Ni",
          "Ni",
          "Ni",
          "Ni",
          "Ni",
          "Ni",
          "Ni",
          "Ni",
          "Ni",
          "Ni",
          "Ni",
          "Ni",
          "Ni",
          "Ni",
          "Ni",
          "Ni",
          "O",
          "O",
          "O",
          "O",
          "O",
          "O",
          "O",
          "O",
          "O",
          "O",
          "O",
          "O",
          "O",
          "O",
          "O",
          "O",
          "O",
          "O",
          "O",
          "O",
          "O",
          "O",
          "O",
          "O",
          "O",
          "O",
          "O",
          "O",
          "O",
          "O",
          "O",
          "O"
        ],
        "Energy": -330.93505994,
        "Forces": [
          [
            -0.01432,
            0.01432,
            0.337223
          ],
          [
            -0.003579,
            0.013066,
            0.175393
          ],
          [
            -0.013066,
            0.003579,
            0.175393
          ],
          [
            -0.018491,
            0.018491,
            0.69661
          ],
          [
            0.068321,
            0.039931,
            0.346131
          ],
          [
            0.068829,
            -0.068829,
            0.34937
          ],
          [
            -0.037877,
            0.037877,
            0.348912
          ],
          [
            -0.039931,
            -0.068321,
            0.346131
          ],
          [
            -0.005113,
            -0.053171,
            -0.237106
          ],
          [
            -0.002647,
            0.054882,
            -0.234095
          ],
          [
            -0.002802,
            0.694171,
            0.036706
          ],
          [
            -0.002716,
            -0.673508,
            0.032334
          ],
          [
            -0.054882,
            0.002647,
            -0.234095
          ],
          [
            0.673508,
            0.002716,
            0.032334
          ],
          [
            0.053171,
            0.005113,
            -0.237106
          ],
          [
            -0.694171,
            0.002802,
            0.036706
          ],
          [
            0.001145,
            -0.001145,
            -0.020381
          ],
          [
            -0.005628,
            0.000493,
            0.027647
          ],
          [
            -0.000493,
            0.005628,
            0.027647
          ],
          [
            0.015311,
            0.020394,
            -0.01062
          ],
          [
            0.018721,
            -0.018721,
            -0.022315
          ],
          [
            -0.026873,
            0.026873,
            -0.002642
          ],
          [
            -0.020394,
            -0.015311,
            -0.01062
          ],
          [
            -0.000756,
            -0.015163,
            -0.039708
          ],
          [
            -0.003356,
            0.019117,
            -0.041432
          ],
          [
            0.001367,
            -0.039873,
            -0.053097
          ],
          [
            0.016895,
            0.039363,
            -0.058146
          ],
          [
            -0.019117,
            0.003356,
            -0.041432
          ],
          [
            -0.039363,
            -0.016895,
            -0.058146
          ],
          [
            0.015163,
            0.000756,
            -0.039708
          ],
          [
            0.039873,
            -0.001367,
            -0.053097
          ],
          [
            0.00323,
            0.000494,
            -0.148456
          ],
          [
            -0.164803,
            -0.001276,
            -0.213446
          ],
          [
            -0.004143,
            -0.000559,
            -0.148256
          ],
          [
            0.16796,
            -0.000872,
            -0.206593
          ],
          [
            0.000559,
            0.004143,
            -0.148256
          ],
          [
            -0.000494,
            -0.00323,
            -0.148456
          ],
          [
            0.000872,
            -0.16796,
            -0.206593
          ],
          [
            0.001276,
            0.164803,
            -0.213446
          ],
          [
            -0.064067,
            -0.050507,
            -0.035306
          ],
          [
            -0.066175,
            0.066175,
            -0.033966
          ],
          [
            0.054473,
            -0.054473,
            -0.042743
          ],
          [
            0.050507,
            0.064067,
            -0.035306
          ],
          [
            0.00555,
            -0.00555,
            -0.013558
          ],
          [
            -0.003841,
            -0.009754,
            0.443245
          ],
          [
            0.009754,
            0.003841,
            0.443245
          ],
          [
            0.023961,
            -0.023961,
            -0.750591
          ],
          [
            0.047486,
            0.004252,
            -0.034914
          ],
          [
            -0.012688,
            -0.002205,
            -0.003294
          ],
          [
            -0.044304,
            -0.007179,
            -0.035714
          ],
          [
            0.025266,
            0.002979,
            -0.011801
          ],
          [
            0.007179,
            0.044304,
            -0.035714
          ],
          [
            -0.004252,
            -0.047486,
            -0.034914
          ],
          [
            -0.002979,
            -0.025266,
            -0.011801
          ],
          [
            0.002205,
            0.012688,
            -0.003294
          ],
          [
            0.037104,
            0.041055,
            0.000809
          ],
          [
            0.034914,
            -0.034914,
            0.009144
          ],
          [
            -0.030949,
            0.030949,
            0.003098
          ],
          [
            -0.041055,
            -0.037104,
            0.000809
          ],
          [
            0.003409,
            -0.003409,
            0.038691
          ],
          [
            0.002684,
            -0.00106,
            -0.042934
          ],
          [
            0.00106,
            -0.002684,
            -0.042934
          ],
          [
            -0.006424,
            0.006424,
            0.088453
          ]
        ],
        "Lattice": [
          [
            8.33,
            0.0,
            0.0
          ],
          [
            0.0,
            8.33,
            0.0
          ],
          [
            0.0,
            0.0,
            20.227360776
          ]
        ],
        "NumAtoms": 63,
        "Positions": [
          [
            0.0,
            0.0,
            0.0
          ],
          [
            0.0,
            4.165,
            0.0
          ],
          [
            4.165,
            0.0,
            0.0
          ],
          [
            4.165,
            4.165,
            0.0
          ],
          [
            2.0825,
            2.0825,
            0.0
          ],
          [
            2.0825,
            6.2475,
            0.0
          ],
          [
            6.2475,
            2.0825,
            0.0
          ],
          [
            6.2475,
            6.2475,
            0.0
          ],
          [
            0.0,
            2.0825,
            2.0825
          ],
          [
            0.0,
            6.2475,
            2.0825
          ],
          [
            4.165,
            2.0825,
            2.0825
          ],
          [
            4.165,
            6.2475,
            2.0825
          ],
          [
            2.0825,
            0.0,
            2.0825
          ],
          [
            2.0825,
            4.165,
            2.0825
          ],
          [
            6.2475,
            0.0,
            2.0825
          ],
          [
            6.2475,
            4.165,
            2.0825
          ],
          [
            0.00078,
            -0.00078,
            4.16857
          ],
          [
            0.00163,
            4.16548,
            4.16886
          ],
          [
            4.16452,
            -0.00163,
            4.16886
          ],
          [
            2.10404,
            2.10485,
            4.16223
          ],
          [
            2.10395,
            6.22605,
            4.16418
          ],
          [
            6.22336,
            2.10664,
            4.16212
          ],
          [
            6.22515,
            6.22596,
            4.16223
          ],
          [
            0.00173,
            2.08685,
            6.20491
          ],
          [
            0.00206,
            6.24625,
            6.20633
          ],
          [
            4.16563,
            2.16801,
            6.18374
          ],
          [
            4.16778,
            6.16218,
            6.18501
          ],
          [
            2.08375,
            -0.00206,
            6.20633
          ],
          [
            2.16782,
            4.16222,
            6.18501
          ],
          [
            6.24315,
            -0.00173,
            6.20491
          ],
          [
            6.16199,
            4.16437,
            6.18374
          ],
          [
            2.0825,
            0.0,
            0.0
          ],
          [
            2.0825,
            4.165,
            0.0
          ],
          [
            6.2475,
            0.0,
            0.0
          ],
          [
            6.2475,
            4.165,
            0.0
          ],
          [
            0.0,
            2.0825,
            0.0
          ],
          [
            0.0,
            6.2475,
            0.0
          ],
          [
            4.165,
            2.0825,
            0.0
          ],
          [
            4.165,
            6.2475,
            0.0
          ],
          [
            2.0825,
            2.0825,
            2.0825
          ],
          [
            2.0825,
            6.2475,
            2.0825
          ],
          [
            6.2475,
            2.0825,
            2.0825
          ],
          [
            6.2475,
            6.2475,
            2.0825
          ],
          [
            0.0,
            0.0,
            2.0825
          ],
          [
            0.0,
            4.165,
            2.0825
          ],
          [
            4.165,
            0.0,
            2.0825
          ],
          [
            4.165,
            4.165,
            2.0825
          ],
          [
            2.08422,
            0.00205,
            4.16268
          ],
          [
            1.86324,
            4.16664,
            4.1654
          ],
          [
            6.24806,
            0.00144,
            4.16204
          ],
          [
            6.47009,
            4.16743,
            4.16454
          ],
          [
            -0.00144,
            2.08194,
            4.16204
          ],
          [
            -0.00205,
            6.24578,
            4.16268
          ],
          [
            4.16257,
            1.85991,
            4.16454
          ],
          [
            4.16336,
            6.46676,
            4.1654
          ],
          [
            2.0799,
            2.0786,
            6.24085
          ],
          [
            2.07927,
            6.25073,
            6.24047
          ],
          [
            6.25105,
            2.07895,
            6.23979
          ],
          [
            6.2514,
            6.2501,
            6.24085
          ],
          [
            -0.00054,
            0.00054,
            6.24701
          ],
          [
            6e-05,
            4.16458,
            6.15478
          ],
          [
            4.16542,
            -6e-05,
            6.15478
          ],
          [
            4.16612,
            4.16388,
            6.4719
          ]
        ],
        "Stress": [
          [
            -55.84143,
            0.02342,
            0.01509
          ],
          [
            0.02342,
            -55.84143,
            -0.01507
          ],
          [
            0.01509,
            -0.01507,
            -28.27942
          ]
        ],
        "computation_code": "VASP",
        "pseudopotential_information": [
          [
            "PAW_PBE",
            "Ni",
            "02Aug2007"
          ],
          [
            "PAW_PBE",
            "O",
            "08Apr2002"
          ]
        ]
      }
    ],
    "EnergyStyle": "electronvolt",
    "ForcesStyle": "electronvoltperangstrom",
    "LatticeStyle": "angstrom",
    "PositionsStyle": "angstrom",
    "StressStyle": "kB"
  }
}