{
  "Dataset": {
    "AtomTypeStyle": "chemicalsymbol",
    "Data": [
      {
        "AtomTypes": [
          "Ni",
          "Ni",
          "Ni",
          "Ni",
          "Ni",
          "Ni",
          "Ni",
          "Ni",
          "Ni",
          "Ni",
          "Ni",
          "Ni",
          "Ni",
          "Ni",
          "Ni",
          "Ni",
          "Ni",
          "Ni",
          "Ni",
          "Ni",
          "Ni",
          "Ni",
          "Ni",
          "Ni",
          "Ni",
          "Ni",
          "Ni",
          "Ni",
          "Ni",
          "Ni",
          "Ni",
          "O",
          "O",
          "O",
          "O",
          "O",
          "O",
          "O",
          "O",
          "O",
          "O",
          "O",
          "O",
          "O",
          "O",
          "O",
          "O",
          "O",
          "O",
          "O",
          "O",
          "O",
          "O",
          "O",
          "O",
          "O",
          "O",
          "O",
          "O",
          "O",
          "O",
          "O",
          "O"
        ],
        "Energy": -330.21162293,
        "Forces": [
          [
            -0.014416,
            0.014416,
            0.338548
          ],
          [
            0.011055,
            0.012218,
            0.221944
          ],
          [
            -0.012218,
            -0.011055,
            0.221944
          ],
          [
            -0.031635,
            0.031635,
            0.689606
          ],
          [
            0.046043,
            0.029336,
            0.363181
          ],
          [
            0.058427,
            -0.058427,
            0.363143
          ],
          [
            -0.015403,
            0.015403,
            0.3667
          ],
          [
            -0.029336,
            -0.046043,
            0.363181
          ],
          [
            -0.003312,
            -0.028025,
            -0.185111
          ],
          [
            -0.002344,
            0.033131,
            -0.187968
          ],
          [
            -0.003946,
            0.740157,
            0.150623
          ],
          [
            0.001206,
            -0.69262,
            0.18305
          ],
          [
            -0.033131,
            0.002344,
            -0.187968
          ],
          [
            0.69262,
            -0.001206,
            0.18305
          ],
          [
            0.028025,
            0.003312,
            -0.185111
          ],
          [
            -0.740157,
            0.003946,
            0.150623
          ],
          [
            0.0087,
            -0.0087,
            0.078172
          ],
          [
            0.025235,
            -0.001061,
            0.156042
          ],
          [
            0.001061,
            -0.025235,
            0.156042
          ],
          [
            0.219841,
            0.222245,
            0.079684
          ],
          [
            0.229408,
            -0.229408,
            0.081633
          ],
          [
            -0.252747,
            0.252747,
            0.083497
          ],
          [
            -0.222245,
            -0.219841,
            0.079684
          ],
          [
            0.01329,
            0.000861,
            -0.172038
          ],
          [
            0.007156,
            0.021948,
            -0.164508
          ],
          [
            0.006829,
            0.453088,
            -0.329181
          ],
          [
            0.020897,
            -0.42551,
            -0.32348
          ],
          [
            -0.021948,
            -0.007156,
            -0.164508
          ],
          [
            0.42551,
            -0.020897,
            -0.32348
          ],
          [
            -0.000861,
            -0.01329,
            -0.172038
          ],
          [
            -0.453088,
            -0.006829,
            -0.329181
          ],
          [
            -0.001512,
            0.003004,
            -0.157028
          ],
          [
            -0.123755,
            -0.004556,
            -0.224257
          ],
          [
            0.000785,
            0.00353,
            -0.160965
          ],
          [
            0.131953,
            -0.003672,
            -0.185281
          ],
          [
            -0.00353,
            -0.000785,
            -0.160965
          ],
          [
            -0.003004,
            0.001512,
            -0.157028
          ],
          [
            0.003672,
            -0.131953,
            -0.185281
          ],
          [
            0.004556,
            0.123755,
            -0.224257
          ],
          [
            -0.078974,
            -0.072725,
            -0.089321
          ],
          [
            -0.088478,
            0.088478,
            -0.080643
          ],
          [
            0.074016,
            -0.074016,
            -0.093472
          ],
          [
            0.072725,
            0.078974,
            -0.089321
          ],
          [
            0.004639,
            -0.004639,
            -0.008592
          ],
          [
            -0.048751,
            -0.012531,
            0.267459
          ],
          [
            0.012531,
            0.048751,
            0.267459
          ],
          [
            0.071992,
            -0.071992,
            -1.004524
          ],
          [
            0.101398,
            0.018962,
            0.021942
          ],
          [
            -1.259465,
            0.017471,
            -0.003933
          ],
          [
            -0.085537,
            -0.003256,
            0.016964
          ],
          [
            1.298718,
            0.013068,
            0.002698
          ],
          [
            0.003256,
            0.085537,
            0.016964
          ],
          [
            -0.018962,
            -0.101398,
            0.021942
          ],
          [
            -0.013068,
            -1.298718,
            0.002698
          ],
          [
            -0.017471,
            1.259465,
            -0.003933
          ],
          [
            -0.016507,
            -0.021545,
            0.075956
          ],
          [
            -0.023656,
            0.023656,
            0.074503
          ],
          [
            0.016966,
            -0.016966,
            0.067887
          ],
          [
            0.021545,
            0.016507,
            0.075956
          ],
          [
            -0.000786,
            0.000786,
            0.055398
          ],
          [
            -0.001497,
            -0.011822,
            -0.242072
          ],
          [
            0.011822,
            0.001497,
            -0.242072
          ],
          [
            -0.004138,
            0.004138,
            0.759342
          ]
        ],
        "Lattice": [
          [
            8.33,
            0.0,
            0.0
          ],
          [
            0.0,
            8.33,
            0.0
          ],
          [
            0.0,
            0.0,
            20.227360776
          ]
        ],
        "NumAtoms": 63,
        "Positions": [
          [
            0.0,
            0.0,
            0.0
          ],
          [
            0.0,
            4.165,
            0.0
          ],
          [
            4.165,
            0.0,
            0.0
          ],
          [
            4.165,
            4.165,
            0.0
          ],
          [
            2.0825,
            2.0825,
            0.0
          ],
          [
            2.0825,
            6.2475,
            0.0
          ],
          [
            6.2475,
            2.0825,
            0.0
          ],
          [
            6.2475,
            6.2475,
            0.0
          ],
          [
            0.0,
            2.0825,
            2.0825
          ],
          [
            0.0,
            6.2475,
            2.0825
          ],
          [
            4.165,
            2.0825,
            2.0825
          ],
          [
            4.165,
            6.2475,
            2.0825
          ],
          [
            2.0825,
            0.0,
            2.0825
          ],
          [
            2.0825,
            4.165,
            2.0825
          ],
          [
            6.2475,
            0.0,
            2.0825
          ],
          [
            6.2475,
            4.165,
            2.0825
          ],
          [
            0.00071,
            -0.00071,
            4.1672
          ],
          [
            -1e-05,
            4.16489,
            4.16817
          ],
          [
            4.16511,
            1e-05,
            4.16817
          ],
          [
            2.10431,
            2.10372,
            4.16713
          ],
          [
            2.10449,
            6.22551,
            4.16725
          ],
          [
            6.22326,
            2.10674,
            4.16692
          ],
          [
            6.22628,
            6.22569,
            4.16713
          ],
          [
            0.00089,
            2.08054,
            6.23449
          ],
          [
            0.00074,
            6.25095,
            6.23459
          ],
          [
            4.16553,
            2.10976,
            6.21666
          ],
          [
            4.16571,
            6.22126,
            6.21801
          ],
          [
            2.07905,
            -0.00074,
            6.23459
          ],
          [
            2.10874,
            4.16429,
            6.21801
          ],
          [
            6.24946,
            -0.00089,
            6.23449
          ],
          [
            6.22024,
            4.16447,
            6.21666
          ],
          [
            2.0825,
            0.0,
            0.0
          ],
          [
            2.0825,
            4.165,
            0.0
          ],
          [
            6.2475,
            0.0,
            0.0
          ],
          [
            6.2475,
            4.165,
            0.0
          ],
          [
            0.0,
            2.0825,
            0.0
          ],
          [
            0.0,
            6.2475,
            0.0
          ],
          [
            4.165,
            2.0825,
            0.0
          ],
          [
            4.165,
            6.2475,
            0.0
          ],
          [
            2.0825,
            2.0825,
            2.0825
          ],
          [
            2.0825,
            6.2475,
            2.0825
          ],
          [
            6.2475,
            2.0825,
            2.0825
          ],
          [
            6.2475,
            6.2475,
            2.0825
          ],
          [
            0.0,
            0.0,
            2.0825
          ],
          [
            0.0,
            4.165,
            2.0825
          ],
          [
            4.165,
            0.0,
            2.0825
          ],
          [
            4.165,
            4.165,
            2.0825
          ],
          [
            2.08816,
            0.00123,
            4.1721
          ],
          [
            2.02093,
            4.16639,
            4.17067
          ],
          [
            6.24287,
            -0.00055,
            4.17185
          ],
          [
            6.3115,
            4.16605,
            4.17131
          ],
          [
            0.00055,
            2.08713,
            4.17185
          ],
          [
            -0.00123,
            6.24184,
            4.1721
          ],
          [
            4.16395,
            2.0185,
            4.17131
          ],
          [
            4.16361,
            6.30907,
            4.17067
          ],
          [
            2.07863,
            2.07796,
            6.2586
          ],
          [
            2.07807,
            6.25193,
            6.25845
          ],
          [
            6.25153,
            2.07847,
            6.25861
          ],
          [
            6.25204,
            6.25137,
            6.2586
          ],
          [
            -0.00012,
            0.00012,
            6.25452
          ],
          [
            -0.00028,
            4.16445,
            6.24542
          ],
          [
            4.16555,
            0.00028,
            6.24542
          ],
          [
            4.16456,
            4.16544,
            6.2901
          ]
        ],
        "Stress": [
          [
            -59.78139,
            0.07239,
            0.00064
          ],
          [
            0.07239,
            -59.78139,
            -0.00068
          ],
          [
            0.00064,
            -0.00068,
            -30.83784
          ]
        ],
        "computation_code": "VASP",
        "pseudopotential_information": [
          [
            "PAW_PBE",
            "Ni",
            "02Aug2007"
          ],
          [
            "PAW_PBE",
            "O",
            "08Apr2002"
          ]
        ]
      }
    ],
    "EnergyStyle": "electronvolt",
    "ForcesStyle": "electronvoltperangstrom",
    "LatticeStyle": "angstrom",
    "PositionsStyle": "angstrom",
    "StressStyle": "kB"
  }
}