{
  "Dataset": {
    "AtomTypeStyle": "chemicalsymbol",
    "Data": [
      {
        "AtomTypes": [
          "Ni",
          "Ni",
          "Ni",
          "Ni",
          "Ni",
          "Ni",
          "Ni",
          "Ni",
          "Ni",
          "Ni",
          "Ni",
          "Ni",
          "Ni",
          "Ni",
          "Ni",
          "Ni",
          "Ni",
          "Ni",
          "Ni",
          "Ni",
          "Ni",
          "Ni",
          "Ni",
          "Ni",
          "Ni",
          "Ni",
          "Ni",
          "Ni",
          "Ni",
          "Ni",
          "Ni",
          "Ni",
          "O",
          "O",
          "O",
          "O",
          "O",
          "O",
          "O",
          "O",
          "O",
          "O",
          "O",
          "O",
          "O",
          "O",
          "O",
          "O",
          "O",
          "O",
          "O",
          "O",
          "O",
          "O",
          "O",
          "O",
          "O",
          "O",
          "O",
          "O",
          "O",
          "O",
          "O",
          "O",
          "O"
        ],
        "Energy": -341.21021834,
        "Forces": [
          [
            -0.015063,
            0.018427,
            0.357593
          ],
          [
            -0.014249,
            0.011447,
            0.357086
          ],
          [
            -0.013938,
            0.001311,
            0.357681
          ],
          [
            -0.01519,
            0.026352,
            0.35867
          ],
          [
            0.011447,
            -0.014249,
            0.357086
          ],
          [
            0.026352,
            -0.01519,
            0.35867
          ],
          [
            0.018427,
            -0.015063,
            0.357593
          ],
          [
            0.001311,
            -0.013938,
            0.357681
          ],
          [
            -0.003583,
            -0.003583,
            -0.16069
          ],
          [
            -0.001576,
            -0.001144,
            -0.158372
          ],
          [
            -0.001144,
            -0.001576,
            -0.158372
          ],
          [
            -0.001103,
            -0.001103,
            -0.070103
          ],
          [
            0.010715,
            -0.006325,
            -0.15036
          ],
          [
            0.01175,
            0.01175,
            -0.162662
          ],
          [
            -0.006582,
            -0.006582,
            -0.13784
          ],
          [
            -0.006325,
            0.010715,
            -0.15036
          ],
          [
            -0.0184,
            -0.023994,
            -0.019282
          ],
          [
            -0.02431,
            0.018741,
            -0.013731
          ],
          [
            0.028117,
            -0.083411,
            -0.077938
          ],
          [
            0.031902,
            0.092521,
            -0.119777
          ],
          [
            0.018741,
            -0.02431,
            -0.013731
          ],
          [
            0.092521,
            0.031902,
            -0.119777
          ],
          [
            -0.023994,
            -0.0184,
            -0.019282
          ],
          [
            -0.083411,
            0.028117,
            -0.077938
          ],
          [
            0.00875,
            0.00875,
            0.070159
          ],
          [
            -0.116232,
            -0.005807,
            0.029958
          ],
          [
            -0.005807,
            -0.116232,
            0.029958
          ],
          [
            -0.016488,
            -0.016488,
            0.399584
          ],
          [
            -0.058649,
            0.140178,
            -0.023008
          ],
          [
            -0.152534,
            -0.152534,
            -0.015597
          ],
          [
            0.045305,
            0.045305,
            -0.01853
          ],
          [
            0.140178,
            -0.058649,
            -0.023008
          ],
          [
            -0.003775,
            0.003034,
            -0.180037
          ],
          [
            -0.003519,
            -0.003519,
            -0.181146
          ],
          [
            0.003409,
            0.003409,
            -0.181708
          ],
          [
            0.003034,
            -0.003775,
            -0.180037
          ],
          [
            0.000134,
            0.000134,
            -0.177631
          ],
          [
            -0.00031,
            -1.3e-05,
            -0.162232
          ],
          [
            -1.3e-05,
            -0.00031,
            -0.162232
          ],
          [
            -0.001321,
            -0.001321,
            -0.198194
          ],
          [
            -0.005058,
            0.008772,
            -0.047429
          ],
          [
            -0.053007,
            0.005699,
            -0.04586
          ],
          [
            -0.006946,
            0.008397,
            -0.0461
          ],
          [
            0.03764,
            0.005128,
            -0.057778
          ],
          [
            0.008397,
            -0.006946,
            -0.0461
          ],
          [
            0.008772,
            -0.005058,
            -0.047429
          ],
          [
            0.005128,
            0.03764,
            -0.057778
          ],
          [
            0.005699,
            -0.053007,
            -0.04586
          ],
          [
            -0.058112,
            0.011346,
            0.022612
          ],
          [
            -0.001921,
            -0.001921,
            0.040262
          ],
          [
            0.065935,
            0.065935,
            -0.001903
          ],
          [
            0.011346,
            -0.058112,
            0.022612
          ],
          [
            0.002775,
            0.002775,
            -0.022014
          ],
          [
            0.035647,
            -0.00726,
            -0.056473
          ],
          [
            -0.00726,
            0.035647,
            -0.056473
          ],
          [
            -0.047804,
            -0.047804,
            0.497228
          ],
          [
            0.005733,
            0.012722,
            0.010705
          ],
          [
            0.231966,
            -0.030189,
            -0.013057
          ],
          [
            -0.005555,
            0.037898,
            0.01453
          ],
          [
            -0.163486,
            -0.039917,
            0.006315
          ],
          [
            0.037898,
            -0.005555,
            0.01453
          ],
          [
            0.012722,
            0.005733,
            0.010705
          ],
          [
            -0.039917,
            -0.163486,
            0.006315
          ],
          [
            -0.030189,
            0.231966,
            -0.013057
          ],
          [
            0.085022,
            0.085022,
            -0.366644
          ]
        ],
        "Lattice": [
          [
            8.33,
            0.0,
            0.0
          ],
          [
            0.0,
            8.33,
            0.0
          ],
          [
            0.0,
            0.0,
            20.227360776
          ]
        ],
        "NumAtoms": 65,
        "Positions": [
          [
            0.0,
            0.0,
            0.0
          ],
          [
            0.0,
            4.165,
            0.0
          ],
          [
            4.165,
            0.0,
            0.0
          ],
          [
            4.165,
            4.165,
            0.0
          ],
          [
            2.0825,
            2.0825,
            0.0
          ],
          [
            2.0825,
            6.2475,
            0.0
          ],
          [
            6.2475,
            2.0825,
            0.0
          ],
          [
            6.2475,
            6.2475,
            0.0
          ],
          [
            0.0,
            2.0825,
            2.0825
          ],
          [
            0.0,
            6.2475,
            2.0825
          ],
          [
            4.165,
            2.0825,
            2.0825
          ],
          [
            4.165,
            6.2475,
            2.0825
          ],
          [
            2.0825,
            0.0,
            2.0825
          ],
          [
            2.0825,
            4.165,
            2.0825
          ],
          [
            6.2475,
            0.0,
            2.0825
          ],
          [
            6.2475,
            4.165,
            2.0825
          ],
          [
            0.00165,
            0.00039,
            4.18079
          ],
          [
            0.0019,
            4.16284,
            4.18069
          ],
          [
            4.16485,
            -0.00189,
            4.18149
          ],
          [
            4.16469,
            4.16641,
            4.18387
          ],
          [
            2.08034,
            2.0844,
            4.18069
          ],
          [
            2.08391,
            6.24719,
            4.18387
          ],
          [
            6.2479,
            2.08415,
            4.18079
          ],
          [
            6.24561,
            6.24735,
            4.18149
          ],
          [
            0.00201,
            2.08451,
            6.22387
          ],
          [
            0.00764,
            6.2486,
            6.22348
          ],
          [
            4.1661,
            2.09014,
            6.22348
          ],
          [
            4.15112,
            6.23362,
            6.40078
          ],
          [
            2.08407,
            -0.01044,
            6.23043
          ],
          [
            2.09061,
            4.17311,
            6.23013
          ],
          [
            6.24157,
            -0.00593,
            6.23052
          ],
          [
            6.23706,
            4.16657,
            6.23043
          ],
          [
            2.0825,
            0.0,
            0.0
          ],
          [
            2.0825,
            4.165,
            0.0
          ],
          [
            6.2475,
            0.0,
            0.0
          ],
          [
            6.2475,
            4.165,
            0.0
          ],
          [
            0.0,
            2.0825,
            0.0
          ],
          [
            0.0,
            6.2475,
            0.0
          ],
          [
            4.165,
            2.0825,
            0.0
          ],
          [
            4.165,
            6.2475,
            0.0
          ],
          [
            2.0825,
            2.0825,
            2.0825
          ],
          [
            2.0825,
            6.2475,
            2.0825
          ],
          [
            6.2475,
            2.0825,
            2.0825
          ],
          [
            6.2475,
            6.2475,
            2.0825
          ],
          [
            0.0,
            0.0,
            2.0825
          ],
          [
            0.0,
            4.165,
            2.0825
          ],
          [
            4.165,
            0.0,
            2.0825
          ],
          [
            4.165,
            4.165,
            2.0825
          ],
          [
            2.08711,
            0.00239,
            4.17095
          ],
          [
            2.08321,
            4.16571,
            4.16979
          ],
          [
            6.24658,
            -0.00092,
            4.17249
          ],
          [
            6.24989,
            4.16961,
            4.17095
          ],
          [
            -0.00211,
            2.08039,
            4.1723
          ],
          [
            -0.00852,
            6.24671,
            4.17102
          ],
          [
            4.16421,
            2.07398,
            4.17102
          ],
          [
            4.17193,
            6.25443,
            4.16025
          ],
          [
            2.08291,
            2.0804,
            6.2589
          ],
          [
            2.029,
            6.24836,
            6.23401
          ],
          [
            6.2476,
            2.08135,
            6.25885
          ],
          [
            6.29708,
            6.24955,
            6.23398
          ],
          [
            -0.00115,
            0.0001,
            6.25885
          ],
          [
            -0.0021,
            4.16541,
            6.2589
          ],
          [
            4.16705,
            0.04958,
            6.23398
          ],
          [
            4.16586,
            4.1115,
            6.23401
          ],
          [
            4.17602,
            6.25852,
            8.17208
          ]
        ],
        "Stress": [
          [
            -53.63639,
            -0.05354,
            0.1383
          ],
          [
            -0.05354,
            -53.63639,
            0.13814
          ],
          [
            0.1383,
            0.13814,
            -27.80288
          ]
        ],
        "computation_code": "VASP",
        "pseudopotential_information": [
          [
            "PAW_PBE",
            "Ni",
            "02Aug2007"
          ],
          [
            "PAW_PBE",
            "O",
            "08Apr2002"
          ]
        ]
      }
    ],
    "EnergyStyle": "electronvolt",
    "ForcesStyle": "electronvoltperangstrom",
    "LatticeStyle": "angstrom",
    "PositionsStyle": "angstrom",
    "StressStyle": "kB"
  }
}