{
  "Dataset": {
    "AtomTypeStyle": "chemicalsymbol",
    "Data": [
      {
        "AtomTypes": [
          "Ni",
          "Ni",
          "Ni",
          "Ni",
          "Ni",
          "Ni",
          "Ni",
          "Ni",
          "Ni",
          "Ni",
          "Ni",
          "Ni",
          "Ni",
          "Ni",
          "Ni",
          "Ni",
          "Ni",
          "Ni",
          "Ni",
          "Ni",
          "Ni",
          "Ni",
          "Ni",
          "Ni",
          "Ni",
          "Ni",
          "Ni",
          "Ni",
          "Ni",
          "Ni",
          "Ni",
          "Ni",
          "O",
          "O",
          "O",
          "O",
          "O",
          "O",
          "O",
          "O",
          "O",
          "O",
          "O",
          "O",
          "O",
          "O",
          "O",
          "O",
          "O",
          "O",
          "O",
          "O",
          "O",
          "O",
          "O",
          "O",
          "O",
          "O",
          "O",
          "O",
          "O",
          "O",
          "O",
          "O",
          "O"
        ],
        "Energy": -341.25592777,
        "Forces": [
          [
            -0.014814,
            0.018999,
            0.357055
          ],
          [
            -0.014616,
            0.01077,
            0.356513
          ],
          [
            -0.014277,
            0.006767,
            0.351737
          ],
          [
            -0.014833,
            0.021204,
            0.35224
          ],
          [
            0.01077,
            -0.014616,
            0.356513
          ],
          [
            0.021204,
            -0.014833,
            0.35224
          ],
          [
            0.018999,
            -0.014814,
            0.357055
          ],
          [
            0.006767,
            -0.014277,
            0.351737
          ],
          [
            -0.002878,
            -0.002878,
            -0.159426
          ],
          [
            -0.00335,
            -0.002487,
            -0.161761
          ],
          [
            -0.002487,
            -0.00335,
            -0.161761
          ],
          [
            -0.000946,
            -0.000946,
            -0.02308
          ],
          [
            -0.001943,
            0.00908,
            -0.15143
          ],
          [
            -0.002996,
            -0.002996,
            -0.151578
          ],
          [
            0.007417,
            0.007417,
            -0.149963
          ],
          [
            0.00908,
            -0.001943,
            -0.15143
          ],
          [
            0.002495,
            -0.012656,
            -0.04639
          ],
          [
            0.0018,
            0.016456,
            -0.058365
          ],
          [
            -0.002402,
            -0.03582,
            -0.030085
          ],
          [
            6.5e-05,
            0.039408,
            -0.00757
          ],
          [
            0.016456,
            0.0018,
            -0.058365
          ],
          [
            0.039408,
            6.5e-05,
            -0.00757
          ],
          [
            -0.012656,
            0.002495,
            -0.04639
          ],
          [
            -0.03582,
            -0.002402,
            -0.030085
          ],
          [
            -0.014476,
            -0.014476,
            0.051022
          ],
          [
            -0.000958,
            0.007128,
            0.016593
          ],
          [
            0.007128,
            -0.000958,
            0.016593
          ],
          [
            -0.021914,
            -0.021914,
            -0.336735
          ],
          [
            -0.035791,
            0.04084,
            -0.002175
          ],
          [
            -0.058834,
            -0.058834,
            -0.014207
          ],
          [
            0.026263,
            0.026263,
            -0.001732
          ],
          [
            0.04084,
            -0.035791,
            -0.002175
          ],
          [
            -0.000164,
            -0.00038,
            -0.176368
          ],
          [
            -0.000171,
            -0.000171,
            -0.176745
          ],
          [
            -0.00054,
            -0.00054,
            -0.17733
          ],
          [
            -0.00038,
            -0.000164,
            -0.176368
          ],
          [
            0.000349,
            0.000349,
            -0.177516
          ],
          [
            6e-06,
            3.5e-05,
            -0.1635
          ],
          [
            3.5e-05,
            6e-06,
            -0.1635
          ],
          [
            -0.000565,
            -0.000565,
            -0.185158
          ],
          [
            -0.00449,
            0.00787,
            -0.042085
          ],
          [
            -0.009646,
            0.007348,
            -0.04733
          ],
          [
            -0.008474,
            0.007661,
            -0.045337
          ],
          [
            -0.008125,
            0.00706,
            -0.046327
          ],
          [
            0.007661,
            -0.008474,
            -0.045337
          ],
          [
            0.00787,
            -0.00449,
            -0.042085
          ],
          [
            0.00706,
            -0.008125,
            -0.046327
          ],
          [
            0.007348,
            -0.009646,
            -0.04733
          ],
          [
            -0.026261,
            0.00911,
            -0.020391
          ],
          [
            -0.009633,
            -0.009633,
            -0.019552
          ],
          [
            0.026221,
            0.026221,
            -0.014533
          ],
          [
            0.00911,
            -0.026261,
            -0.020391
          ],
          [
            0.00605,
            0.00605,
            0.017148
          ],
          [
            0.022071,
            -0.005113,
            -0.002605
          ],
          [
            -0.005113,
            0.022071,
            -0.002605
          ],
          [
            -0.016833,
            -0.016833,
            0.279184
          ],
          [
            0.009003,
            0.005162,
            0.016185
          ],
          [
            0.224029,
            -0.019196,
            -0.008992
          ],
          [
            -0.014255,
            -0.004836,
            0.014592
          ],
          [
            -0.221277,
            -0.007031,
            0.001102
          ],
          [
            -0.004836,
            -0.014255,
            0.014592
          ],
          [
            0.005162,
            0.009003,
            0.016185
          ],
          [
            -0.007031,
            -0.221277,
            0.001102
          ],
          [
            -0.019196,
            0.224029,
            -0.008992
          ],
          [
            0.072309,
            0.072309,
            0.32959
          ]
        ],
        "Lattice": [
          [
            8.33,
            0.0,
            0.0
          ],
          [
            0.0,
            8.33,
            0.0
          ],
          [
            0.0,
            0.0,
            20.227360776
          ]
        ],
        "NumAtoms": 65,
        "Positions": [
          [
            0.0,
            0.0,
            0.0
          ],
          [
            0.0,
            4.165,
            0.0
          ],
          [
            4.165,
            0.0,
            0.0
          ],
          [
            4.165,
            4.165,
            0.0
          ],
          [
            2.0825,
            2.0825,
            0.0
          ],
          [
            2.0825,
            6.2475,
            0.0
          ],
          [
            6.2475,
            2.0825,
            0.0
          ],
          [
            6.2475,
            6.2475,
            0.0
          ],
          [
            0.0,
            2.0825,
            2.0825
          ],
          [
            0.0,
            6.2475,
            2.0825
          ],
          [
            4.165,
            2.0825,
            2.0825
          ],
          [
            4.165,
            6.2475,
            2.0825
          ],
          [
            2.0825,
            0.0,
            2.0825
          ],
          [
            2.0825,
            4.165,
            2.0825
          ],
          [
            6.2475,
            0.0,
            2.0825
          ],
          [
            6.2475,
            4.165,
            2.0825
          ],
          [
            0.00057,
            -0.00123,
            4.18193
          ],
          [
            0.00047,
            4.1638,
            4.18223
          ],
          [
            4.16685,
            -0.0081,
            4.17838
          ],
          [
            4.1669,
            4.17325,
            4.17803
          ],
          [
            2.0813,
            2.08297,
            4.18223
          ],
          [
            2.09075,
            6.2494,
            4.17803
          ],
          [
            6.24627,
            2.08307,
            4.18193
          ],
          [
            6.2394,
            6.24935,
            4.17838
          ],
          [
            0.00295,
            2.08545,
            6.2251
          ],
          [
            0.00041,
            6.2484,
            6.22168
          ],
          [
            4.1659,
            2.08291,
            6.22168
          ],
          [
            4.14759,
            6.23009,
            6.4495
          ],
          [
            2.08006,
            -0.00206,
            6.226
          ],
          [
            2.08091,
            4.16341,
            6.22606
          ],
          [
            6.24398,
            -0.00352,
            6.22638
          ],
          [
            6.24544,
            4.16256,
            6.226
          ],
          [
            2.0825,
            0.0,
            0.0
          ],
          [
            2.0825,
            4.165,
            0.0
          ],
          [
            6.2475,
            0.0,
            0.0
          ],
          [
            6.2475,
            4.165,
            0.0
          ],
          [
            0.0,
            2.0825,
            0.0
          ],
          [
            0.0,
            6.2475,
            0.0
          ],
          [
            4.165,
            2.0825,
            0.0
          ],
          [
            4.165,
            6.2475,
            0.0
          ],
          [
            2.0825,
            2.0825,
            2.0825
          ],
          [
            2.0825,
            6.2475,
            2.0825
          ],
          [
            6.2475,
            2.0825,
            2.0825
          ],
          [
            6.2475,
            6.2475,
            2.0825
          ],
          [
            0.0,
            0.0,
            2.0825
          ],
          [
            0.0,
            4.165,
            2.0825
          ],
          [
            4.165,
            0.0,
            2.0825
          ],
          [
            4.165,
            4.165,
            2.0825
          ],
          [
            2.08375,
            0.00355,
            4.1736
          ],
          [
            2.08323,
            4.16573,
            4.17353
          ],
          [
            6.25111,
            0.00361,
            4.17363
          ],
          [
            6.25105,
            4.16625,
            4.1736
          ],
          [
            -0.00226,
            2.08024,
            4.17191
          ],
          [
            -0.00734,
            6.24605,
            4.16806
          ],
          [
            4.16355,
            2.07516,
            4.16806
          ],
          [
            4.16957,
            6.25207,
            4.19419
          ],
          [
            2.08344,
            2.08107,
            6.26159
          ],
          [
            2.03759,
            6.24622,
            6.2313
          ],
          [
            6.24717,
            2.08378,
            6.26181
          ],
          [
            6.29306,
            6.24712,
            6.23254
          ],
          [
            0.00128,
            -0.00033,
            6.26181
          ],
          [
            -0.00143,
            4.16594,
            6.26159
          ],
          [
            4.16462,
            0.04556,
            6.23254
          ],
          [
            4.16372,
            4.12009,
            6.2313
          ],
          [
            4.18388,
            6.26638,
            8.13498
          ]
        ],
        "Stress": [
          [
            -53.99976,
            0.01596,
            0.11439
          ],
          [
            0.01596,
            -53.99976,
            0.11434
          ],
          [
            0.11439,
            0.11434,
            -26.69919
          ]
        ],
        "computation_code": "VASP",
        "pseudopotential_information": [
          [
            "PAW_PBE",
            "Ni",
            "02Aug2007"
          ],
          [
            "PAW_PBE",
            "O",
            "08Apr2002"
          ]
        ]
      }
    ],
    "EnergyStyle": "electronvolt",
    "ForcesStyle": "electronvoltperangstrom",
    "LatticeStyle": "angstrom",
    "PositionsStyle": "angstrom",
    "StressStyle": "kB"
  }
}