{
  "Dataset": {
    "AtomTypeStyle": "chemicalsymbol",
    "Data": [
      {
        "AtomTypes": [
          "Ni",
          "Ni",
          "Ni",
          "Ni",
          "Ni",
          "Ni",
          "Ni",
          "Ni",
          "Ni",
          "Ni",
          "Ni",
          "Ni",
          "Ni",
          "Ni",
          "Ni",
          "Ni",
          "Ni",
          "Ni",
          "Ni",
          "Ni",
          "Ni",
          "Ni",
          "Ni",
          "Ni",
          "Ni",
          "Ni",
          "Ni",
          "Ni",
          "Ni",
          "Ni",
          "Ni",
          "Ni",
          "O",
          "O",
          "O",
          "O",
          "O",
          "O",
          "O",
          "O",
          "O",
          "O",
          "O",
          "O",
          "O",
          "O",
          "O",
          "O",
          "O",
          "O",
          "O",
          "O",
          "O",
          "O",
          "O",
          "O",
          "O",
          "O",
          "O",
          "O",
          "O",
          "O",
          "O"
        ],
        "Energy": -328.56927939,
        "Forces": [
          [
            -0.014912,
            0.014912,
            0.348586
          ],
          [
            -0.015513,
            0.014501,
            0.348641
          ],
          [
            -0.014501,
            0.015513,
            0.348641
          ],
          [
            -0.013817,
            0.013817,
            0.369315
          ],
          [
            0.019237,
            -0.010242,
            0.348955
          ],
          [
            0.018912,
            -0.018912,
            0.345568
          ],
          [
            0.010129,
            -0.010129,
            0.3482
          ],
          [
            0.010242,
            -0.019237,
            0.348955
          ],
          [
            0.000999,
            0.002143,
            -0.163131
          ],
          [
            -0.011404,
            -0.008289,
            -0.169641
          ],
          [
            -0.001908,
            0.049026,
            -0.150298
          ],
          [
            0.000871,
            -0.040213,
            -0.172967
          ],
          [
            0.008289,
            0.011404,
            -0.169641
          ],
          [
            0.040213,
            -0.000871,
            -0.172967
          ],
          [
            -0.002143,
            -0.000999,
            -0.163131
          ],
          [
            -0.049026,
            0.001908,
            -0.150298
          ],
          [
            0.000305,
            -0.000305,
            0.01878
          ],
          [
            0.005541,
            0.001889,
            0.022163
          ],
          [
            -0.001889,
            -0.005541,
            0.022163
          ],
          [
            -0.007641,
            0.007641,
            0.025881
          ],
          [
            0.003325,
            0.012187,
            0.034047
          ],
          [
            0.008537,
            -0.008537,
            0.040105
          ],
          [
            0.000401,
            -0.000401,
            0.028204
          ],
          [
            -0.012187,
            -0.003325,
            0.034047
          ],
          [
            0.010009,
            -0.00269,
            0.006498
          ],
          [
            0.004962,
            0.00051,
            0.005279
          ],
          [
            -0.008615,
            -0.009179,
            -0.002478
          ],
          [
            -0.009836,
            0.023883,
            -0.058517
          ],
          [
            -0.00051,
            -0.004962,
            0.005279
          ],
          [
            -0.023883,
            0.009836,
            -0.058517
          ],
          [
            0.00269,
            -0.010009,
            0.006498
          ],
          [
            0.009179,
            0.008615,
            -0.002478
          ],
          [
            -0.00345,
            -0.001495,
            -0.169695
          ],
          [
            -0.007696,
            0.000322,
            -0.181409
          ],
          [
            0.002602,
            -0.00017,
            -0.16967
          ],
          [
            0.008234,
            -0.000777,
            -0.181106
          ],
          [
            0.00017,
            -0.002602,
            -0.16967
          ],
          [
            0.001495,
            0.00345,
            -0.169695
          ],
          [
            0.000777,
            -0.008234,
            -0.181106
          ],
          [
            -0.000322,
            0.007696,
            -0.181409
          ],
          [
            -0.027291,
            -0.012189,
            -0.043912
          ],
          [
            -0.030989,
            0.030989,
            -0.055097
          ],
          [
            0.013814,
            -0.013814,
            -0.047157
          ],
          [
            0.012189,
            0.027291,
            -0.043912
          ],
          [
            0.006447,
            -0.006447,
            -0.014744
          ],
          [
            0.003288,
            -0.00639,
            -0.003237
          ],
          [
            0.00639,
            -0.003288,
            -0.003237
          ],
          [
            0.01584,
            -0.01584,
            -0.047529
          ],
          [
            -0.003421,
            0.001428,
            -0.005041
          ],
          [
            0.001374,
            0.002147,
            0.01839
          ],
          [
            0.001328,
            -0.003574,
            -0.002886
          ],
          [
            0.001743,
            -0.003644,
            -0.010617
          ],
          [
            0.003574,
            -0.001328,
            -0.002886
          ],
          [
            -0.001428,
            0.003421,
            -0.005041
          ],
          [
            0.003644,
            -0.001743,
            -0.010617
          ],
          [
            -0.002147,
            -0.001374,
            0.01839
          ],
          [
            -0.011307,
            0.019679,
            0.004104
          ],
          [
            0.022322,
            -0.022322,
            0.004687
          ],
          [
            0.006077,
            -0.006077,
            0.001969
          ],
          [
            -0.019679,
            0.011307,
            0.004104
          ],
          [
            0.003411,
            -0.003411,
            0.008443
          ],
          [
            0.02482,
            -0.002137,
            0.008921
          ],
          [
            0.002137,
            -0.02482,
            0.008921
          ]
        ],
        "Lattice": [
          [
            8.33,
            0.0,
            0.0
          ],
          [
            0.0,
            8.33,
            0.0
          ],
          [
            0.0,
            0.0,
            20.227360776
          ]
        ],
        "NumAtoms": 63,
        "Positions": [
          [
            0.0,
            0.0,
            0.0
          ],
          [
            0.0,
            4.165,
            0.0
          ],
          [
            4.165,
            0.0,
            0.0
          ],
          [
            4.165,
            4.165,
            0.0
          ],
          [
            2.0825,
            2.0825,
            0.0
          ],
          [
            2.0825,
            6.2475,
            0.0
          ],
          [
            6.2475,
            2.0825,
            0.0
          ],
          [
            6.2475,
            6.2475,
            0.0
          ],
          [
            0.0,
            2.0825,
            2.0825
          ],
          [
            0.0,
            6.2475,
            2.0825
          ],
          [
            4.165,
            2.0825,
            2.0825
          ],
          [
            4.165,
            6.2475,
            2.0825
          ],
          [
            2.0825,
            0.0,
            2.0825
          ],
          [
            2.0825,
            4.165,
            2.0825
          ],
          [
            6.2475,
            0.0,
            2.0825
          ],
          [
            6.2475,
            4.165,
            2.0825
          ],
          [
            -0.00016,
            0.00016,
            4.18286
          ],
          [
            -0.00314,
            4.16381,
            4.18364
          ],
          [
            4.16619,
            0.00314,
            4.18364
          ],
          [
            4.15605,
            4.17395,
            4.20373
          ],
          [
            2.08434,
            2.08424,
            4.17435
          ],
          [
            2.07741,
            6.25259,
            4.16958
          ],
          [
            6.24411,
            2.08589,
            4.17218
          ],
          [
            6.24576,
            6.24566,
            4.17435
          ],
          [
            0.008,
            2.09156,
            6.23202
          ],
          [
            -0.00569,
            6.23957,
            6.23254
          ],
          [
            4.18637,
            2.12072,
            6.24935
          ],
          [
            4.15753,
            6.21151,
            6.2454
          ],
          [
            2.09043,
            0.00569,
            6.23254
          ],
          [
            2.11849,
            4.17247,
            6.2454
          ],
          [
            6.23844,
            -0.008,
            6.23202
          ],
          [
            6.20928,
            4.14363,
            6.24935
          ],
          [
            2.0825,
            0.0,
            0.0
          ],
          [
            2.0825,
            4.165,
            0.0
          ],
          [
            6.2475,
            0.0,
            0.0
          ],
          [
            6.2475,
            4.165,
            0.0
          ],
          [
            0.0,
            2.0825,
            0.0
          ],
          [
            0.0,
            6.2475,
            0.0
          ],
          [
            4.165,
            2.0825,
            0.0
          ],
          [
            4.165,
            6.2475,
            0.0
          ],
          [
            2.0825,
            2.0825,
            2.0825
          ],
          [
            2.0825,
            6.2475,
            2.0825
          ],
          [
            6.2475,
            2.0825,
            2.0825
          ],
          [
            6.2475,
            6.2475,
            2.0825
          ],
          [
            0.0,
            0.0,
            2.0825
          ],
          [
            0.0,
            4.165,
            2.0825
          ],
          [
            4.165,
            0.0,
            2.0825
          ],
          [
            4.165,
            4.165,
            2.0825
          ],
          [
            2.08469,
            0.00343,
            4.17699
          ],
          [
            2.09305,
            4.16949,
            4.16431
          ],
          [
            6.24868,
            0.00276,
            4.17763
          ],
          [
            6.23579,
            4.1673,
            4.16846
          ],
          [
            -0.00276,
            2.08132,
            4.17763
          ],
          [
            -0.00343,
            6.24531,
            4.17699
          ],
          [
            4.1627,
            2.09421,
            4.16846
          ],
          [
            4.16051,
            6.23695,
            4.16431
          ],
          [
            2.09864,
            2.08897,
            6.27246
          ],
          [
            2.08662,
            6.24338,
            6.27161
          ],
          [
            6.24098,
            2.08902,
            6.27603
          ],
          [
            6.24103,
            6.23136,
            6.27246
          ],
          [
            -0.00124,
            0.00124,
            6.26978
          ],
          [
            0.00778,
            4.16277,
            6.26763
          ],
          [
            4.16723,
            -0.00778,
            6.26763
          ]
        ],
        "Stress": [
          [
            -52.50207,
            -0.39116,
            0.05745
          ],
          [
            -0.39116,
            -52.50207,
            -0.05732
          ],
          [
            0.05745,
            -0.05732,
            -25.94129
          ]
        ],
        "computation_code": "VASP",
        "pseudopotential_information": [
          [
            "PAW_PBE",
            "Ni",
            "02Aug2007"
          ],
          [
            "PAW_PBE",
            "O",
            "08Apr2002"
          ]
        ]
      }
    ],
    "EnergyStyle": "electronvolt",
    "ForcesStyle": "electronvoltperangstrom",
    "LatticeStyle": "angstrom",
    "PositionsStyle": "angstrom",
    "StressStyle": "kB"
  }
}