{
  "Dataset": {
    "AtomTypeStyle": "chemicalsymbol",
    "Data": [
      {
        "AtomTypes": [
          "Ni",
          "Ni",
          "Ni",
          "Ni",
          "Ni",
          "Ni",
          "Ni",
          "Ni",
          "Ni",
          "Ni",
          "Ni",
          "Ni",
          "Ni",
          "Ni",
          "Ni",
          "Ni",
          "Ni",
          "Ni",
          "Ni",
          "Ni",
          "Ni",
          "Ni",
          "Ni",
          "Ni",
          "Ni",
          "Ni",
          "Ni",
          "Ni",
          "Ni",
          "Ni",
          "Ni",
          "Ni",
          "O",
          "O",
          "O",
          "O",
          "O",
          "O",
          "O",
          "O",
          "O",
          "O",
          "O",
          "O",
          "O",
          "O",
          "O",
          "O",
          "O",
          "O",
          "O",
          "O",
          "O",
          "O",
          "O",
          "O",
          "O",
          "O",
          "O",
          "O",
          "O",
          "O",
          "O"
        ],
        "Energy": -328.57425885,
        "Forces": [
          [
            -0.016214,
            0.008072,
            0.355011
          ],
          [
            -0.01506,
            0.021312,
            0.357637
          ],
          [
            -0.01457,
            -0.001368,
            0.32545
          ],
          [
            -0.010652,
            0.024857,
            0.327834
          ],
          [
            -0.001368,
            -0.01457,
            0.32545
          ],
          [
            0.008072,
            -0.016214,
            0.355011
          ],
          [
            0.024857,
            -0.010652,
            0.327834
          ],
          [
            0.021312,
            -0.01506,
            0.357637
          ],
          [
            -0.036953,
            0.000698,
            -0.089981
          ],
          [
            -0.006365,
            -0.006365,
            -0.131115
          ],
          [
            -0.053764,
            -0.053764,
            0.171361
          ],
          [
            0.000698,
            -0.036953,
            -0.089981
          ],
          [
            -0.032046,
            -0.032046,
            -0.171246
          ],
          [
            -0.009658,
            0.02667,
            -0.149446
          ],
          [
            0.02667,
            -0.009658,
            -0.149446
          ],
          [
            0.041959,
            0.041959,
            -0.17888
          ],
          [
            -0.006858,
            -0.015855,
            0.009701
          ],
          [
            -0.001106,
            0.022409,
            0.006884
          ],
          [
            -0.004356,
            -0.014213,
            0.006588
          ],
          [
            0.012305,
            0.021546,
            -0.004194
          ],
          [
            -0.014213,
            -0.004356,
            0.006588
          ],
          [
            -0.015855,
            -0.006858,
            0.009701
          ],
          [
            0.021546,
            0.012305,
            -0.004194
          ],
          [
            0.022409,
            -0.001106,
            0.006884
          ],
          [
            -0.004039,
            -0.001846,
            -0.022393
          ],
          [
            -0.001036,
            -0.001036,
            -0.026317
          ],
          [
            -0.001038,
            -0.001038,
            -0.001454
          ],
          [
            -0.001846,
            -0.004039,
            -0.022393
          ],
          [
            0.005953,
            0.005953,
            -0.017868
          ],
          [
            0.011639,
            -0.013278,
            -0.021702
          ],
          [
            -0.013278,
            0.011639,
            -0.021702
          ],
          [
            -0.010125,
            -0.010125,
            -0.034312
          ],
          [
            0.010767,
            0.010767,
            -0.17367
          ],
          [
            0.009672,
            -0.011129,
            -0.175608
          ],
          [
            -0.011129,
            0.009672,
            -0.175608
          ],
          [
            -0.011144,
            -0.011144,
            -0.177971
          ],
          [
            0.001042,
            -0.001204,
            -0.170841
          ],
          [
            0.001859,
            0.001859,
            -0.185204
          ],
          [
            0.010449,
            0.010449,
            -0.124758
          ],
          [
            -0.001204,
            0.001042,
            -0.170841
          ],
          [
            0.224085,
            -0.006035,
            -0.002238
          ],
          [
            -0.00586,
            0.010674,
            -0.060912
          ],
          [
            -0.164138,
            0.016618,
            -0.024721
          ],
          [
            -0.008993,
            0.015771,
            -0.072728
          ],
          [
            0.010674,
            -0.00586,
            -0.060912
          ],
          [
            0.015771,
            -0.008993,
            -0.072728
          ],
          [
            -0.006035,
            0.224085,
            -0.002238
          ],
          [
            0.016618,
            -0.164138,
            -0.024721
          ],
          [
            -0.013458,
            -0.013458,
            -0.002785
          ],
          [
            -0.018953,
            0.00776,
            -0.004264
          ],
          [
            0.00776,
            -0.018953,
            -0.004264
          ],
          [
            0.012128,
            0.012128,
            -0.003402
          ],
          [
            0.002103,
            0.004304,
            0.001131
          ],
          [
            0.003756,
            0.003756,
            -0.017291
          ],
          [
            0.004304,
            0.002103,
            0.001131
          ],
          [
            -0.005224,
            -0.005775,
            -0.011732
          ],
          [
            0.012378,
            -0.003507,
            -0.016113
          ],
          [
            -0.006234,
            0.000581,
            -0.011173
          ],
          [
            -0.014201,
            0.004888,
            -0.014732
          ],
          [
            -0.003507,
            0.012378,
            -0.016113
          ],
          [
            0.004888,
            -0.014201,
            -0.014732
          ],
          [
            -0.005775,
            -0.005224,
            -0.011732
          ],
          [
            0.000581,
            -0.006234,
            -0.011173
          ]
        ],
        "Lattice": [
          [
            8.33,
            0.0,
            0.0
          ],
          [
            0.0,
            8.33,
            0.0
          ],
          [
            0.0,
            0.0,
            20.227360776
          ]
        ],
        "NumAtoms": 63,
        "Positions": [
          [
            0.0,
            0.0,
            0.0
          ],
          [
            0.0,
            4.165,
            0.0
          ],
          [
            4.165,
            0.0,
            0.0
          ],
          [
            4.165,
            4.165,
            0.0
          ],
          [
            2.0825,
            2.0825,
            0.0
          ],
          [
            2.0825,
            6.2475,
            0.0
          ],
          [
            6.2475,
            2.0825,
            0.0
          ],
          [
            6.2475,
            6.2475,
            0.0
          ],
          [
            0.0,
            2.0825,
            2.0825
          ],
          [
            0.0,
            6.2475,
            2.0825
          ],
          [
            4.165,
            2.0825,
            2.0825
          ],
          [
            4.165,
            6.2475,
            2.0825
          ],
          [
            2.0825,
            0.0,
            2.0825
          ],
          [
            2.0825,
            4.165,
            2.0825
          ],
          [
            6.2475,
            0.0,
            2.0825
          ],
          [
            6.2475,
            4.165,
            2.0825
          ],
          [
            -0.0035,
            0.01179,
            4.17493
          ],
          [
            0.00555,
            4.15218,
            4.17543
          ],
          [
            4.16054,
            0.041,
            4.17727
          ],
          [
            4.18511,
            4.09324,
            4.16414
          ],
          [
            2.1235,
            2.07804,
            4.17727
          ],
          [
            2.09429,
            6.244,
            4.17493
          ],
          [
            6.17574,
            2.10261,
            4.16414
          ],
          [
            6.23468,
            6.25305,
            4.17543
          ],
          [
            -0.00456,
            2.08507,
            6.20506
          ],
          [
            0.00024,
            6.24774,
            6.22332
          ],
          [
            4.15907,
            2.07657,
            6.18629
          ],
          [
            4.16757,
            6.24294,
            6.20506
          ],
          [
            2.06879,
            -0.01371,
            6.22871
          ],
          [
            2.07421,
            4.17132,
            6.22292
          ],
          [
            6.25383,
            -0.00829,
            6.22292
          ],
          [
            6.25343,
            4.17093,
            6.22629
          ],
          [
            2.0825,
            0.0,
            0.0
          ],
          [
            2.0825,
            4.165,
            0.0
          ],
          [
            6.2475,
            0.0,
            0.0
          ],
          [
            6.2475,
            4.165,
            0.0
          ],
          [
            0.0,
            2.0825,
            0.0
          ],
          [
            0.0,
            6.2475,
            0.0
          ],
          [
            4.165,
            2.0825,
            0.0
          ],
          [
            4.165,
            6.2475,
            0.0
          ],
          [
            2.0825,
            2.0825,
            2.0825
          ],
          [
            2.0825,
            6.2475,
            2.0825
          ],
          [
            6.2475,
            2.0825,
            2.0825
          ],
          [
            6.2475,
            6.2475,
            2.0825
          ],
          [
            0.0,
            0.0,
            2.0825
          ],
          [
            0.0,
            4.165,
            2.0825
          ],
          [
            4.165,
            0.0,
            2.0825
          ],
          [
            4.165,
            4.165,
            2.0825
          ],
          [
            2.10029,
            0.01779,
            4.16738
          ],
          [
            2.10317,
            4.14924,
            4.16562
          ],
          [
            6.23174,
            0.02067,
            4.16562
          ],
          [
            6.24758,
            4.16508,
            4.1651
          ],
          [
            0.01791,
            2.07883,
            4.15501
          ],
          [
            -0.00024,
            6.24726,
            4.1683
          ],
          [
            4.16133,
            6.26541,
            4.15501
          ],
          [
            2.05923,
            2.07985,
            6.24789
          ],
          [
            2.07711,
            6.24595,
            6.26094
          ],
          [
            6.26608,
            2.08403,
            6.24111
          ],
          [
            6.25256,
            6.24768,
            6.26183
          ],
          [
            -0.00155,
            -0.00539,
            6.26094
          ],
          [
            0.00018,
            4.17006,
            6.26183
          ],
          [
            4.16235,
            -0.02327,
            6.24789
          ],
          [
            4.16653,
            4.18358,
            6.24111
          ]
        ],
        "Stress": [
          [
            -53.95227,
            0.44482,
            -0.11199
          ],
          [
            0.44482,
            -53.95227,
            -0.11133
          ],
          [
            -0.11199,
            -0.11133,
            -27.21949
          ]
        ],
        "computation_code": "VASP",
        "pseudopotential_information": [
          [
            "PAW_PBE",
            "Ni",
            "02Aug2007"
          ],
          [
            "PAW_PBE",
            "O",
            "08Apr2002"
          ]
        ]
      }
    ],
    "EnergyStyle": "electronvolt",
    "ForcesStyle": "electronvoltperangstrom",
    "LatticeStyle": "angstrom",
    "PositionsStyle": "angstrom",
    "StressStyle": "kB"
  }
}