{
  "Dataset": {
    "AtomTypeStyle": "chemicalsymbol",
    "Data": [
      {
        "AtomTypes": [
          "Ni",
          "Ni",
          "Ni",
          "Ni",
          "Ni",
          "Ni",
          "Ni",
          "Ni",
          "Ni",
          "Ni",
          "Ni",
          "Ni",
          "Ni",
          "Ni",
          "Ni",
          "Ni",
          "Ni",
          "Ni",
          "Ni",
          "Ni",
          "Ni",
          "Ni",
          "Ni",
          "Ni",
          "Ni",
          "Ni",
          "Ni",
          "Ni",
          "Ni",
          "Ni",
          "Ni",
          "Mo",
          "O",
          "O",
          "O",
          "O",
          "O",
          "O",
          "O",
          "O",
          "O",
          "O",
          "O",
          "O",
          "O",
          "O",
          "O",
          "O",
          "O",
          "O",
          "O",
          "O",
          "O",
          "O",
          "O",
          "O",
          "O",
          "O",
          "O",
          "O",
          "O",
          "O",
          "O",
          "O",
          "O",
          "O"
        ],
        "Energy": -357.87935279,
        "Forces": [
          [
            0.018392,
            0.018552,
            0.338618
          ],
          [
            0.014469,
            0.009265,
            0.337272
          ],
          [
            0.010605,
            0.019796,
            0.354612
          ],
          [
            0.013091,
            0.008837,
            0.329194
          ],
          [
            0.019784,
            0.010424,
            0.353688
          ],
          [
            0.018492,
            0.018394,
            0.337714
          ],
          [
            0.009049,
            0.012964,
            0.32925
          ],
          [
            0.009465,
            0.014536,
            0.336257
          ],
          [
            0.064376,
            -0.013605,
            -0.147906
          ],
          [
            -0.007345,
            -0.007867,
            -0.137797
          ],
          [
            -0.037698,
            -0.040472,
            -0.052318
          ],
          [
            -0.013413,
            0.065874,
            -0.15036
          ],
          [
            0.022899,
            0.022539,
            -0.102061
          ],
          [
            -0.035108,
            -0.026836,
            -0.125099
          ],
          [
            -0.026233,
            -0.032513,
            -0.123039
          ],
          [
            0.038289,
            0.036363,
            -0.108792
          ],
          [
            -0.005097,
            0.010082,
            0.003773
          ],
          [
            0.002086,
            3.3e-05,
            0.003393
          ],
          [
            0.001454,
            -0.011696,
            0.015815
          ],
          [
            -0.004828,
            0.004957,
            0.009578
          ],
          [
            -0.011639,
            0.00142,
            0.014332
          ],
          [
            0.009112,
            -0.003845,
            0.003091
          ],
          [
            0.003011,
            -0.004835,
            0.001857
          ],
          [
            -0.00276,
            0.001915,
            0.004567
          ],
          [
            0.00772,
            0.001171,
            0.006331
          ],
          [
            0.004943,
            0.006291,
            0.008592
          ],
          [
            -0.005606,
            -0.006934,
            -0.004331
          ],
          [
            0.00156,
            0.011046,
            0.009207
          ],
          [
            0.003171,
            0.003806,
            -0.003447
          ],
          [
            -0.00121,
            -0.006713,
            0.004759
          ],
          [
            -0.008007,
            -0.003401,
            0.003982
          ],
          [
            0.006666,
            0.004898,
            0.019193
          ],
          [
            -0.008112,
            -0.008226,
            -0.182062
          ],
          [
            0.000384,
            0.00603,
            -0.173718
          ],
          [
            0.005983,
            -0.000104,
            -0.173783
          ],
          [
            -0.003605,
            -0.003286,
            -0.177372
          ],
          [
            -0.011413,
            0.001117,
            -0.186837
          ],
          [
            -0.002672,
            -0.002736,
            -0.175157
          ],
          [
            0.007659,
            0.007993,
            -0.199619
          ],
          [
            0.001113,
            -0.011838,
            -0.186704
          ],
          [
            -0.013342,
            0.003069,
            -0.062884
          ],
          [
            -0.039391,
            -0.021797,
            -0.046675
          ],
          [
            0.004743,
            -0.001608,
            -0.093667
          ],
          [
            0.010476,
            -0.012641,
            -0.05094
          ],
          [
            -0.021481,
            -0.039671,
            -0.0485
          ],
          [
            -0.013002,
            0.010077,
            -0.052936
          ],
          [
            0.003588,
            -0.014115,
            -0.065469
          ],
          [
            -0.001674,
            0.004485,
            -0.09988
          ],
          [
            -0.002334,
            -0.002607,
            -0.001634
          ],
          [
            6e-05,
            0.000334,
            0.004433
          ],
          [
            -0.000452,
            -0.005339,
            0.001235
          ],
          [
            -0.002375,
            -0.003661,
            0.009758
          ],
          [
            -0.000228,
            0.007362,
            0.006811
          ],
          [
            0.006914,
            0.008456,
            0.010747
          ],
          [
            -0.002589,
            0.001838,
            -0.000194
          ],
          [
            0.005099,
            -0.001385,
            0.007092
          ],
          [
            -0.016608,
            0.001924,
            0.005021
          ],
          [
            -0.003286,
            -0.002248,
            0.008299
          ],
          [
            -0.002558,
            0.003356,
            0.005412
          ],
          [
            0.002178,
            -0.013764,
            0.020019
          ],
          [
            -0.002561,
            -0.001,
            0.009657
          ],
          [
            -0.01014,
            0.000451,
            0.018186
          ],
          [
            0.000117,
            -0.015467,
            0.004302
          ],
          [
            -0.0022,
            -0.001928,
            9.1e-05
          ],
          [
            0.00149,
            7.6e-05,
            0.01155
          ],
          [
            -0.009472,
            -0.017595,
            -0.014506
          ]
        ],
        "Lattice": [
          [
            8.33,
            0.0,
            0.0
          ],
          [
            0.0,
            8.33,
            0.0
          ],
          [
            0.0,
            0.0,
            20.227360776
          ]
        ],
        "NumAtoms": 66,
        "Positions": [
          [
            0.0,
            0.0,
            0.0
          ],
          [
            0.0,
            4.165,
            0.0
          ],
          [
            4.165,
            0.0,
            0.0
          ],
          [
            4.165,
            4.165,
            0.0
          ],
          [
            2.0825,
            2.0825,
            0.0
          ],
          [
            2.0825,
            6.2475,
            0.0
          ],
          [
            6.2475,
            2.0825,
            0.0
          ],
          [
            6.2475,
            6.2475,
            0.0
          ],
          [
            0.0,
            2.0825,
            2.0825
          ],
          [
            0.0,
            6.2475,
            2.0825
          ],
          [
            4.165,
            2.0825,
            2.0825
          ],
          [
            4.165,
            6.2475,
            2.0825
          ],
          [
            2.0825,
            0.0,
            2.0825
          ],
          [
            2.0825,
            4.165,
            2.0825
          ],
          [
            6.2475,
            0.0,
            2.0825
          ],
          [
            6.2475,
            4.165,
            2.0825
          ],
          [
            -0.00013,
            -0.00377,
            4.17084
          ],
          [
            -0.0073,
            4.15648,
            4.16758
          ],
          [
            4.16514,
            0.02381,
            4.18109
          ],
          [
            4.15979,
            4.15442,
            4.14576
          ],
          [
            2.10706,
            2.08236,
            4.18115
          ],
          [
            2.07871,
            6.24698,
            4.17079
          ],
          [
            6.23702,
            2.07715,
            4.14739
          ],
          [
            6.23936,
            6.24036,
            4.16743
          ],
          [
            0.04921,
            2.02981,
            6.20575
          ],
          [
            0.01164,
            6.25927,
            6.22089
          ],
          [
            4.15802,
            2.07649,
            6.46042
          ],
          [
            4.11262,
            6.2968,
            6.20517
          ],
          [
            2.08323,
            0.00046,
            6.22911
          ],
          [
            2.07486,
            4.14654,
            6.23602
          ],
          [
            6.2287,
            8.32287,
            6.23635
          ],
          [
            6.18082,
            4.09914,
            6.54751
          ],
          [
            2.0825,
            0.0,
            0.0
          ],
          [
            2.0825,
            4.165,
            0.0
          ],
          [
            6.2475,
            0.0,
            0.0
          ],
          [
            6.2475,
            4.165,
            0.0
          ],
          [
            0.0,
            2.0825,
            0.0
          ],
          [
            0.0,
            6.2475,
            0.0
          ],
          [
            4.165,
            2.0825,
            0.0
          ],
          [
            4.165,
            6.2475,
            0.0
          ],
          [
            2.0825,
            2.0825,
            2.0825
          ],
          [
            2.0825,
            6.2475,
            2.0825
          ],
          [
            6.2475,
            2.0825,
            2.0825
          ],
          [
            6.2475,
            6.2475,
            2.0825
          ],
          [
            0.0,
            0.0,
            2.0825
          ],
          [
            0.0,
            4.165,
            2.0825
          ],
          [
            4.165,
            0.0,
            2.0825
          ],
          [
            4.165,
            4.165,
            2.0825
          ],
          [
            2.07929,
            -0.00351,
            4.17254
          ],
          [
            2.06605,
            4.169,
            4.17584
          ],
          [
            6.25191,
            -0.01586,
            4.17633
          ],
          [
            6.26042,
            4.17807,
            4.19496
          ],
          [
            0.01416,
            2.08079,
            4.15457
          ],
          [
            8.32152,
            6.23873,
            4.17148
          ],
          [
            4.16512,
            2.08194,
            4.17486
          ],
          [
            4.16359,
            6.26157,
            4.15423
          ],
          [
            2.07194,
            2.0827,
            6.26019
          ],
          [
            2.05941,
            6.23857,
            6.25284
          ],
          [
            6.33155,
            2.06571,
            6.15621
          ],
          [
            6.23533,
            6.22059,
            6.28019
          ],
          [
            8.32143,
            -0.02348,
            6.25262
          ],
          [
            -0.02798,
            4.15313,
            6.28076
          ],
          [
            4.16523,
            8.31946,
            6.26021
          ],
          [
            4.14833,
            4.24893,
            6.15471
          ],
          [
            4.66483,
            2.58658,
            8.32504
          ],
          [
            5.68026,
            3.60274,
            8.26228
          ]
        ],
        "Stress": [
          [
            -52.03055,
            -1.24403,
            -0.41763
          ],
          [
            -1.24403,
            -52.06909,
            -0.44115
          ],
          [
            -0.41763,
            -0.44115,
            -27.29157
          ]
        ],
        "computation_code": "VASP",
        "pseudopotential_information": [
          [
            "PAW_PBE",
            "Ni",
            "02Aug2007"
          ],
          [
            "PAW_PBE",
            "Mo_sv",
            "02Feb2006"
          ],
          [
            "PAW_PBE",
            "O",
            "08Apr2002"
          ]
        ]
      }
    ],
    "EnergyStyle": "electronvolt",
    "ForcesStyle": "electronvoltperangstrom",
    "LatticeStyle": "angstrom",
    "PositionsStyle": "angstrom",
    "StressStyle": "kB"
  }
}