{
  "Dataset": {
    "AtomTypeStyle": "chemicalsymbol",
    "Data": [
      {
        "AtomTypes": [
          "Ni",
          "Ni",
          "Ni",
          "Ni",
          "Ni",
          "Ni",
          "Ni",
          "Ni",
          "Ni",
          "Ni",
          "Ni",
          "Ni",
          "Ni",
          "Ni",
          "Ni",
          "Ni",
          "Ni",
          "Ni",
          "Ni",
          "Ni",
          "Ni",
          "Ni",
          "Ni",
          "Ni",
          "Ni",
          "Ni",
          "Ni",
          "Ni",
          "Ni",
          "Ni",
          "Ni",
          "Mo",
          "O",
          "O",
          "O",
          "O",
          "O",
          "O",
          "O",
          "O",
          "O",
          "O",
          "O",
          "O",
          "O",
          "O",
          "O",
          "O",
          "O",
          "O",
          "O",
          "O",
          "O",
          "O",
          "O",
          "O",
          "O",
          "O",
          "O",
          "O",
          "O",
          "O",
          "O"
        ],
        "Energy": -334.7463845,
        "Forces": [
          [
            0.03343,
            0.016672,
            0.351462
          ],
          [
            0.03396,
            0.010931,
            0.311955
          ],
          [
            -0.005529,
            0.001508,
            0.352831
          ],
          [
            -0.006191,
            0.023728,
            0.291329
          ],
          [
            0.002903,
            -0.005559,
            0.351256
          ],
          [
            0.017982,
            0.033634,
            0.35137
          ],
          [
            0.022126,
            -0.006378,
            0.288352
          ],
          [
            0.009383,
            0.033975,
            0.313151
          ],
          [
            0.055301,
            -0.040284,
            -0.262667
          ],
          [
            0.042217,
            0.044803,
            -0.074598
          ],
          [
            -0.083043,
            -0.082936,
            -0.107443
          ],
          [
            -0.037819,
            0.054968,
            -0.252553
          ],
          [
            -0.005461,
            -0.008093,
            -0.117432
          ],
          [
            -0.033675,
            -0.003565,
            -0.138521
          ],
          [
            -0.006506,
            -0.039664,
            -0.139337
          ],
          [
            -0.071182,
            -0.065934,
            0.019983
          ],
          [
            -0.001968,
            -0.001142,
            -0.16069
          ],
          [
            -0.344987,
            0.014338,
            0.267454
          ],
          [
            0.025011,
            -0.048496,
            -0.178616
          ],
          [
            0.440325,
            -0.064912,
            -0.257953
          ],
          [
            -0.040398,
            0.022991,
            -0.176762
          ],
          [
            0.015248,
            -0.002644,
            -0.161267
          ],
          [
            -0.068831,
            0.453096,
            -0.182489
          ],
          [
            -0.006094,
            -0.361822,
            0.294774
          ],
          [
            0.213177,
            -0.170335,
            -0.361573
          ],
          [
            0.203693,
            0.209799,
            -0.47777
          ],
          [
            -0.216018,
            -0.201184,
            -0.464864
          ],
          [
            -0.14751,
            0.169205,
            -0.369506
          ],
          [
            0.029313,
            0.029025,
            -0.256799
          ],
          [
            -0.008273,
            0.002501,
            -0.349977
          ],
          [
            0.001017,
            0.005094,
            -0.305271
          ],
          [
            -0.145848,
            0.063317,
            -0.968146
          ],
          [
            0.000985,
            0.002329,
            -0.186155
          ],
          [
            0.004915,
            -0.00355,
            -0.151929
          ],
          [
            -0.002301,
            0.007159,
            -0.15182
          ],
          [
            0.007752,
            0.005288,
            -0.09707
          ],
          [
            -0.028454,
            0.022863,
            -0.215463
          ],
          [
            -0.022593,
            -0.023423,
            -0.18837
          ],
          [
            0.02863,
            0.028483,
            -0.177266
          ],
          [
            0.021844,
            -0.028032,
            -0.217904
          ],
          [
            0.092203,
            0.021451,
            -0.024935
          ],
          [
            -0.104324,
            -0.041756,
            -0.040238
          ],
          [
            -0.126447,
            0.244337,
            0.13414
          ],
          [
            0.090854,
            -0.283398,
            0.072704
          ],
          [
            -0.041597,
            -0.100122,
            -0.040056
          ],
          [
            -0.283654,
            0.086723,
            0.081672
          ],
          [
            0.021404,
            0.096102,
            -0.030497
          ],
          [
            0.245685,
            -0.129899,
            0.123374
          ],
          [
            -0.041234,
            -0.034598,
            0.171379
          ],
          [
            -0.011682,
            -0.018863,
            0.192221
          ],
          [
            -0.012045,
            0.054522,
            0.201758
          ],
          [
            -0.091819,
            0.063937,
            0.248439
          ],
          [
            -0.05611,
            -0.065927,
            0.321394
          ],
          [
            0.101338,
            0.061156,
            0.256459
          ],
          [
            0.053576,
            -0.061886,
            0.220944
          ],
          [
            0.686285,
            0.064164,
            0.356231
          ],
          [
            -0.754643,
            -0.040964,
            0.350454
          ],
          [
            -0.548307,
            -1.056484,
            0.272071
          ],
          [
            0.464047,
            1.070153,
            -0.029954
          ],
          [
            -0.055245,
            -0.737104,
            0.344021
          ],
          [
            1.035646,
            0.488353,
            -0.01789
          ],
          [
            0.087169,
            0.715415,
            0.358778
          ],
          [
            -0.677632,
            -0.493065,
            0.433822
          ]
        ],
        "Lattice": [
          [
            8.33,
            0.0,
            0.0
          ],
          [
            0.0,
            8.33,
            0.0
          ],
          [
            0.0,
            0.0,
            20.227360776
          ]
        ],
        "NumAtoms": 63,
        "Positions": [
          [
            0.0,
            0.0,
            0.0
          ],
          [
            0.0,
            4.165,
            0.0
          ],
          [
            4.165,
            0.0,
            0.0
          ],
          [
            4.165,
            4.165,
            0.0
          ],
          [
            2.0825,
            2.0825,
            0.0
          ],
          [
            2.0825,
            6.2475,
            0.0
          ],
          [
            6.2475,
            2.0825,
            0.0
          ],
          [
            6.2475,
            6.2475,
            0.0
          ],
          [
            0.0,
            2.0825,
            2.0825
          ],
          [
            0.0,
            6.2475,
            2.0825
          ],
          [
            4.165,
            2.0825,
            2.0825
          ],
          [
            4.165,
            6.2475,
            2.0825
          ],
          [
            2.0825,
            0.0,
            2.0825
          ],
          [
            2.0825,
            4.165,
            2.0825
          ],
          [
            6.2475,
            0.0,
            2.0825
          ],
          [
            6.2475,
            4.165,
            2.0825
          ],
          [
            0.00024,
            0.01656,
            4.18877
          ],
          [
            0.01322,
            4.15283,
            4.18313
          ],
          [
            4.15754,
            8.30721,
            4.19065
          ],
          [
            4.1503,
            4.17159,
            4.17344
          ],
          [
            2.05971,
            2.07504,
            4.19065
          ],
          [
            2.09906,
            6.24774,
            4.18877
          ],
          [
            6.25409,
            2.0678,
            4.17344
          ],
          [
            6.23533,
            6.26072,
            4.18313
          ],
          [
            8.31608,
            2.06769,
            6.38751
          ],
          [
            0.01561,
            6.26311,
            6.27509
          ],
          [
            4.12343,
            2.04093,
            6.26973
          ],
          [
            4.15019,
            6.23358,
            6.38751
          ],
          [
            2.06456,
            8.31206,
            6.2434
          ],
          [
            2.06758,
            4.15099,
            6.24947
          ],
          [
            6.23349,
            8.31508,
            6.24947
          ],
          [
            6.23198,
            4.14948,
            6.23535
          ],
          [
            2.0825,
            0.0,
            0.0
          ],
          [
            2.0825,
            4.165,
            0.0
          ],
          [
            6.2475,
            0.0,
            0.0
          ],
          [
            6.2475,
            4.165,
            0.0
          ],
          [
            0.0,
            2.0825,
            0.0
          ],
          [
            0.0,
            6.2475,
            0.0
          ],
          [
            4.165,
            2.0825,
            0.0
          ],
          [
            4.165,
            6.2475,
            0.0
          ],
          [
            2.0825,
            2.0825,
            2.0825
          ],
          [
            2.0825,
            6.2475,
            2.0825
          ],
          [
            6.2475,
            2.0825,
            2.0825
          ],
          [
            6.2475,
            6.2475,
            2.0825
          ],
          [
            0.0,
            0.0,
            2.0825
          ],
          [
            0.0,
            4.165,
            2.0825
          ],
          [
            4.165,
            0.0,
            2.0825
          ],
          [
            4.165,
            4.165,
            2.0825
          ],
          [
            2.08485,
            0.00235,
            4.16742
          ],
          [
            2.08289,
            4.16238,
            4.16179
          ],
          [
            6.24488,
            0.00039,
            4.16179
          ],
          [
            8.31414,
            2.08619,
            4.09883
          ],
          [
            8.32679,
            6.24429,
            4.17061
          ],
          [
            4.16861,
            2.08611,
            4.17305
          ],
          [
            4.16869,
            6.23164,
            4.09883
          ],
          [
            2.02813,
            2.07933,
            6.23569
          ],
          [
            2.11319,
            6.22405,
            6.23839
          ],
          [
            6.26115,
            2.11777,
            6.27027
          ],
          [
            6.21464,
            6.17857,
            6.25466
          ],
          [
            8.30655,
            0.03069,
            6.23839
          ],
          [
            8.26107,
            4.13214,
            6.25466
          ],
          [
            4.16183,
            8.27563,
            6.23569
          ],
          [
            4.16861,
            4.16861,
            6.23569
          ]
        ],
        "Stress": [
          [
            -50.49775,
            0.23684,
            0.36476
          ],
          [
            0.23684,
            -50.02601,
            0.25332
          ],
          [
            0.36476,
            0.25332,
            -30.00845
          ]
        ],
        "computation_code": "VASP",
        "pseudopotential_information": [
          [
            "PAW_PBE",
            "Ni",
            "02Aug2007"
          ],
          [
            "PAW_PBE",
            "Mo_sv",
            "02Feb2006"
          ],
          [
            "PAW_PBE",
            "O",
            "08Apr2002"
          ]
        ]
      }
    ],
    "EnergyStyle": "electronvolt",
    "ForcesStyle": "electronvoltperangstrom",
    "LatticeStyle": "angstrom",
    "PositionsStyle": "angstrom",
    "StressStyle": "kB"
  }
}