{
  "Dataset": {
    "AtomTypeStyle": "chemicalsymbol",
    "Data": [
      {
        "AtomTypes": [
          "Ni",
          "Ni",
          "Ni",
          "Ni",
          "Ni",
          "Ni",
          "Ni",
          "Ni",
          "Ni",
          "Ni",
          "Ni",
          "Ni",
          "Ni",
          "Ni",
          "Ni",
          "Ni",
          "Ni",
          "Ni",
          "Ni",
          "Ni",
          "Ni",
          "Ni",
          "Ni",
          "Ni",
          "Ni",
          "Ni",
          "Ni",
          "Ni",
          "Ni",
          "Ni",
          "Mo",
          "O",
          "O",
          "O",
          "O",
          "O",
          "O",
          "O",
          "O",
          "O",
          "O",
          "O",
          "O",
          "O",
          "O",
          "O",
          "O",
          "O",
          "O",
          "O",
          "O",
          "O",
          "O",
          "O",
          "O",
          "O",
          "O",
          "O",
          "O",
          "O",
          "O",
          "O",
          "O"
        ],
        "Energy": -341.04427527,
        "Forces": [
          [
            -0.035001,
            -0.07315,
            0.322949
          ],
          [
            -0.015969,
            0.102197,
            0.279663
          ],
          [
            0.062915,
            -0.073099,
            0.324906
          ],
          [
            0.049027,
            0.103604,
            0.277297
          ],
          [
            0.014141,
            -0.005244,
            0.298489
          ],
          [
            0.016249,
            0.034026,
            0.332546
          ],
          [
            0.014415,
            -0.015697,
            0.256311
          ],
          [
            0.015146,
            0.048021,
            0.719143
          ],
          [
            0.029668,
            -0.093061,
            -0.184778
          ],
          [
            -0.653603,
            0.073599,
            0.220341
          ],
          [
            -0.044037,
            -0.098492,
            -0.171599
          ],
          [
            0.647155,
            0.084757,
            0.241783
          ],
          [
            -0.010793,
            -0.065836,
            -0.122441
          ],
          [
            -0.002302,
            0.048959,
            -0.279538
          ],
          [
            -0.014391,
            -0.779535,
            0.219822
          ],
          [
            -0.005732,
            0.804302,
            -0.311514
          ],
          [
            -0.000979,
            0.002393,
            -0.017267
          ],
          [
            0.002959,
            0.005163,
            0.011902
          ],
          [
            0.012681,
            0.021088,
            -0.032332
          ],
          [
            0.007736,
            -0.023624,
            0.015039
          ],
          [
            0.009522,
            -0.004322,
            -0.000817
          ],
          [
            0.017745,
            -0.000408,
            -0.011667
          ],
          [
            -0.018856,
            -0.078102,
            0.006738
          ],
          [
            -0.005595,
            0.015276,
            -0.009462
          ],
          [
            -0.004462,
            -0.006966,
            0.043694
          ],
          [
            -0.009286,
            0.010578,
            -0.013713
          ],
          [
            0.007788,
            -0.014833,
            0.044425
          ],
          [
            -0.00542,
            0.013449,
            -0.034108
          ],
          [
            -0.000471,
            -0.025874,
            -0.032296
          ],
          [
            0.004088,
            -0.025825,
            -0.022796
          ],
          [
            -0.004964,
            0.043087,
            0.040926
          ],
          [
            -0.001153,
            0.063733,
            -0.1467
          ],
          [
            0.001164,
            -0.063869,
            -0.118381
          ],
          [
            -0.001008,
            0.198961,
            -0.203325
          ],
          [
            -0.003226,
            -0.210463,
            -0.113561
          ],
          [
            0.015466,
            0.024066,
            -0.122792
          ],
          [
            0.145413,
            -0.027706,
            -0.240159
          ],
          [
            -0.017101,
            0.025894,
            -0.121595
          ],
          [
            -0.147807,
            -0.029199,
            -0.244181
          ],
          [
            -0.005493,
            0.028212,
            0.006813
          ],
          [
            -0.012158,
            -0.05568,
            -0.227369
          ],
          [
            -0.007584,
            0.179088,
            0.03975
          ],
          [
            -0.019238,
            -0.175112,
            -0.991269
          ],
          [
            0.042151,
            0.134416,
            -0.026455
          ],
          [
            -0.041979,
            -0.152574,
            -0.062856
          ],
          [
            -0.062083,
            0.131726,
            -0.021983
          ],
          [
            0.047915,
            -0.151033,
            0.000844
          ],
          [
            0.001466,
            -0.009723,
            0.016385
          ],
          [
            -0.008026,
            0.02469,
            -0.016217
          ],
          [
            0.001284,
            0.036935,
            0.018034
          ],
          [
            -0.007767,
            0.010765,
            0.0112
          ],
          [
            -0.003701,
            0.007612,
            0.035847
          ],
          [
            -0.005212,
            -0.003825,
            -0.011456
          ],
          [
            0.004237,
            0.008188,
            0.007699
          ],
          [
            -0.010945,
            0.00498,
            -0.021212
          ],
          [
            0.004911,
            0.00178,
            -0.010115
          ],
          [
            -0.009662,
            -0.019548,
            -0.007176
          ],
          [
            0.010739,
            0.014708,
            0.007974
          ],
          [
            0.012688,
            -0.004674,
            0.041586
          ],
          [
            0.015912,
            0.004122,
            0.034446
          ],
          [
            0.010742,
            -0.011619,
            0.003907
          ],
          [
            -0.02126,
            -0.005574,
            0.052297
          ],
          [
            -0.008057,
            -0.005705,
            0.018372
          ]
        ],
        "Lattice": [
          [
            8.33,
            0.0,
            0.0
          ],
          [
            0.0,
            8.33,
            0.0
          ],
          [
            0.0,
            0.0,
            20.227360776
          ]
        ],
        "NumAtoms": 63,
        "Positions": [
          [
            0.0,
            0.0,
            0.0
          ],
          [
            0.0,
            4.165,
            0.0
          ],
          [
            4.165,
            0.0,
            0.0
          ],
          [
            4.165,
            4.165,
            0.0
          ],
          [
            2.0825,
            2.0825,
            0.0
          ],
          [
            2.0825,
            6.2475,
            0.0
          ],
          [
            6.2475,
            2.0825,
            0.0
          ],
          [
            6.2475,
            6.2475,
            0.0
          ],
          [
            0.0,
            2.0825,
            2.0825
          ],
          [
            0.0,
            6.2475,
            2.0825
          ],
          [
            4.165,
            2.0825,
            2.0825
          ],
          [
            4.165,
            6.2475,
            2.0825
          ],
          [
            2.0825,
            0.0,
            2.0825
          ],
          [
            2.0825,
            4.165,
            2.0825
          ],
          [
            6.2475,
            0.0,
            2.0825
          ],
          [
            6.2475,
            4.165,
            2.0825
          ],
          [
            -0.05696,
            -0.065,
            4.14639
          ],
          [
            0.0301,
            4.20967,
            4.11922
          ],
          [
            4.20802,
            8.26392,
            4.14897
          ],
          [
            4.12985,
            4.21223,
            4.12426
          ],
          [
            2.07791,
            2.06417,
            4.1646
          ],
          [
            2.07831,
            6.25813,
            4.16902
          ],
          [
            6.24392,
            2.05419,
            4.15112
          ],
          [
            0.02524,
            2.02751,
            6.20973
          ],
          [
            0.01535,
            6.26941,
            6.17499
          ],
          [
            4.10812,
            2.03029,
            6.20949
          ],
          [
            4.12293,
            6.2755,
            6.18033
          ],
          [
            2.06655,
            8.30298,
            6.20758
          ],
          [
            2.06636,
            4.16988,
            6.2093
          ],
          [
            6.23165,
            8.22781,
            6.17947
          ],
          [
            6.22787,
            4.20512,
            6.1306
          ],
          [
            2.0825,
            0.0,
            0.0
          ],
          [
            2.0825,
            4.165,
            0.0
          ],
          [
            6.2475,
            0.0,
            0.0
          ],
          [
            6.2475,
            4.165,
            0.0
          ],
          [
            0.0,
            2.0825,
            0.0
          ],
          [
            0.0,
            6.2475,
            0.0
          ],
          [
            4.165,
            2.0825,
            0.0
          ],
          [
            4.165,
            6.2475,
            0.0
          ],
          [
            2.0825,
            2.0825,
            2.0825
          ],
          [
            2.0825,
            6.2475,
            2.0825
          ],
          [
            6.2475,
            2.0825,
            2.0825
          ],
          [
            6.2475,
            6.2475,
            2.0825
          ],
          [
            0.0,
            0.0,
            2.0825
          ],
          [
            0.0,
            4.165,
            2.0825
          ],
          [
            4.165,
            0.0,
            2.0825
          ],
          [
            4.165,
            4.165,
            2.0825
          ],
          [
            2.08005,
            0.02817,
            4.18141
          ],
          [
            2.08539,
            4.12158,
            4.17895
          ],
          [
            6.24359,
            0.10621,
            4.21094
          ],
          [
            6.26337,
            4.12507,
            4.23546
          ],
          [
            8.31187,
            2.10119,
            4.18252
          ],
          [
            0.10821,
            6.23269,
            4.18757
          ],
          [
            4.17997,
            2.10227,
            4.18487
          ],
          [
            4.05362,
            6.22906,
            4.18991
          ],
          [
            2.06744,
            2.06246,
            6.28283
          ],
          [
            2.0731,
            6.24889,
            6.32794
          ],
          [
            6.23792,
            2.20765,
            6.448
          ],
          [
            6.22296,
            6.1135,
            6.57556
          ],
          [
            8.27565,
            -0.01245,
            6.26321
          ],
          [
            0.01011,
            4.16001,
            6.24266
          ],
          [
            4.19484,
            8.32192,
            6.2588
          ],
          [
            4.12183,
            4.14631,
            6.25733
          ]
        ],
        "Stress": [
          [
            -49.02105,
            -0.1786,
            -0.22947
          ],
          [
            -0.1786,
            -53.19778,
            -0.31261
          ],
          [
            -0.22947,
            -0.31261,
            -26.21064
          ]
        ],
        "computation_code": "VASP",
        "pseudopotential_information": [
          [
            "PAW_PBE",
            "Ni",
            "02Aug2007"
          ],
          [
            "PAW_PBE",
            "Mo_sv",
            "02Feb2006"
          ],
          [
            "PAW_PBE",
            "O",
            "08Apr2002"
          ]
        ]
      }
    ],
    "EnergyStyle": "electronvolt",
    "ForcesStyle": "electronvoltperangstrom",
    "LatticeStyle": "angstrom",
    "PositionsStyle": "angstrom",
    "StressStyle": "kB"
  }
}