{
  "Dataset": {
    "AtomTypeStyle": "chemicalsymbol",
    "Data": [
      {
        "AtomTypes": [
          "Ni",
          "Ni",
          "Ni",
          "Ni",
          "Ni",
          "Ni",
          "Ni",
          "Ni",
          "Ni",
          "Ni",
          "Ni",
          "Ni",
          "Ni",
          "Ni",
          "Ni",
          "Ni",
          "Ni",
          "Ni",
          "Ni",
          "Ni",
          "Ni",
          "Ni",
          "Ni",
          "Ni",
          "Ni",
          "Ni",
          "Ni",
          "Ni",
          "Ni",
          "Ni",
          "Ni",
          "Mo",
          "O",
          "O",
          "O",
          "O",
          "O",
          "O",
          "O",
          "O",
          "O",
          "O",
          "O",
          "O",
          "O",
          "O",
          "O",
          "O",
          "O",
          "O",
          "O",
          "O",
          "O",
          "O",
          "O",
          "O",
          "O",
          "O",
          "O",
          "O",
          "O",
          "O",
          "O",
          "O",
          "O"
        ],
        "Energy": -353.71363864,
        "Forces": [
          [
            0.013122,
            0.011646,
            0.318762
          ],
          [
            0.006291,
            0.015576,
            0.315348
          ],
          [
            0.015468,
            0.013127,
            0.312756
          ],
          [
            0.021478,
            0.01471,
            0.31887
          ],
          [
            0.013127,
            0.015468,
            0.312756
          ],
          [
            0.011646,
            0.013122,
            0.318762
          ],
          [
            0.01471,
            0.021478,
            0.31887
          ],
          [
            0.015576,
            0.006291,
            0.315348
          ],
          [
            -0.003795,
            -0.009288,
            -0.177989
          ],
          [
            -0.001761,
            -0.001761,
            -0.180087
          ],
          [
            -0.004763,
            -0.004763,
            -0.178131
          ],
          [
            -0.009288,
            -0.003795,
            -0.177989
          ],
          [
            -0.010617,
            -0.010617,
            -0.140143
          ],
          [
            -0.00866,
            -0.001639,
            -0.117742
          ],
          [
            -0.001639,
            -0.00866,
            -0.117742
          ],
          [
            -0.002102,
            -0.002102,
            -0.119711
          ],
          [
            -0.004604,
            0.00064,
            0.014724
          ],
          [
            -0.001256,
            0.00419,
            -0.000431
          ],
          [
            0.005452,
            -0.001875,
            0.016157
          ],
          [
            0.000803,
            0.000106,
            0.000606
          ],
          [
            -0.001875,
            0.005452,
            0.016157
          ],
          [
            0.00064,
            -0.004604,
            0.014724
          ],
          [
            0.000106,
            0.000803,
            0.000606
          ],
          [
            0.00419,
            -0.001256,
            -0.000431
          ],
          [
            0.013674,
            -0.006947,
            -0.001907
          ],
          [
            -0.009105,
            -0.009105,
            0.010132
          ],
          [
            -9.6e-05,
            -9.6e-05,
            -0.003983
          ],
          [
            -0.006947,
            0.013674,
            -0.001907
          ],
          [
            0.000233,
            0.000233,
            -0.001931
          ],
          [
            -0.000428,
            0.001709,
            0.000851
          ],
          [
            0.001709,
            -0.000428,
            0.000851
          ],
          [
            0.013301,
            0.013301,
            0.011809
          ],
          [
            0.000945,
            0.000945,
            -0.15395
          ],
          [
            0.001925,
            -0.001769,
            -0.153299
          ],
          [
            -0.001769,
            0.001925,
            -0.153299
          ],
          [
            -0.002628,
            -0.002628,
            -0.180366
          ],
          [
            0.001463,
            -0.003076,
            -0.16463
          ],
          [
            0.002275,
            0.002275,
            -0.170317
          ],
          [
            -0.00255,
            -0.00255,
            -0.165821
          ],
          [
            -0.003076,
            0.001463,
            -0.16463
          ],
          [
            -0.016152,
            -0.005036,
            -0.007324
          ],
          [
            0.003554,
            -0.016195,
            -0.011663
          ],
          [
            -0.008256,
            -0.088608,
            -0.030203
          ],
          [
            -0.025525,
            0.067561,
            -0.027478
          ],
          [
            -0.016195,
            0.003554,
            -0.011663
          ],
          [
            0.067561,
            -0.025525,
            -0.027478
          ],
          [
            -0.005036,
            -0.016152,
            -0.007324
          ],
          [
            -0.088608,
            -0.008256,
            -0.030203
          ],
          [
            -0.000706,
            -0.000706,
            0.021233
          ],
          [
            0.001024,
            -0.000151,
            0.007993
          ],
          [
            -0.000151,
            0.001024,
            0.007993
          ],
          [
            0.000543,
            0.000543,
            0.003674
          ],
          [
            0.004954,
            -0.004187,
            0.00445
          ],
          [
            -0.001585,
            -0.001585,
            -0.007485
          ],
          [
            0.003872,
            0.003872,
            -0.002426
          ],
          [
            -0.004187,
            0.004954,
            0.00445
          ],
          [
            -0.001307,
            -0.006242,
            0.003925
          ],
          [
            0.01356,
            0.008171,
            0.004272
          ],
          [
            0.000168,
            -0.002604,
            0.007909
          ],
          [
            -0.01157,
            0.003811,
            0.007274
          ],
          [
            0.008171,
            0.01356,
            0.004272
          ],
          [
            0.003811,
            -0.01157,
            0.007274
          ],
          [
            -0.006242,
            -0.001307,
            0.003925
          ],
          [
            -0.002604,
            0.000168,
            0.007909
          ],
          [
            -0.000267,
            -0.000267,
            -0.024962
          ]
        ],
        "Lattice": [
          [
            8.33,
            0.0,
            0.0
          ],
          [
            0.0,
            8.33,
            0.0
          ],
          [
            0.0,
            0.0,
            20.227360776
          ]
        ],
        "NumAtoms": 65,
        "Positions": [
          [
            0.0,
            0.0,
            0.0
          ],
          [
            0.0,
            4.165,
            0.0
          ],
          [
            4.165,
            0.0,
            0.0
          ],
          [
            4.165,
            4.165,
            0.0
          ],
          [
            2.0825,
            2.0825,
            0.0
          ],
          [
            2.0825,
            6.2475,
            0.0
          ],
          [
            6.2475,
            2.0825,
            0.0
          ],
          [
            6.2475,
            6.2475,
            0.0
          ],
          [
            0.0,
            2.0825,
            2.0825
          ],
          [
            0.0,
            6.2475,
            2.0825
          ],
          [
            4.165,
            2.0825,
            2.0825
          ],
          [
            4.165,
            6.2475,
            2.0825
          ],
          [
            2.0825,
            0.0,
            2.0825
          ],
          [
            2.0825,
            4.165,
            2.0825
          ],
          [
            6.2475,
            0.0,
            2.0825
          ],
          [
            6.2475,
            4.165,
            2.0825
          ],
          [
            -0.00655,
            -0.00635,
            4.17339
          ],
          [
            -0.02878,
            4.16409,
            4.1655
          ],
          [
            4.16472,
            8.32838,
            4.17152
          ],
          [
            4.18711,
            4.16185,
            4.16555
          ],
          [
            2.08088,
            2.08222,
            4.17152
          ],
          [
            2.07615,
            6.24095,
            4.17339
          ],
          [
            6.24435,
            2.10461,
            4.16555
          ],
          [
            6.24659,
            6.21872,
            4.1655
          ],
          [
            0.0087,
            2.05262,
            6.20718
          ],
          [
            0.0042,
            6.2517,
            6.2286
          ],
          [
            4.13914,
            2.05664,
            6.2188
          ],
          [
            4.13512,
            6.2562,
            6.20718
          ],
          [
            2.07012,
            8.31762,
            6.22705
          ],
          [
            2.07226,
            4.15539,
            6.22928
          ],
          [
            6.23789,
            8.31976,
            6.22928
          ],
          [
            6.24209,
            4.15959,
            6.81464
          ],
          [
            2.0825,
            0.0,
            0.0
          ],
          [
            2.0825,
            4.165,
            0.0
          ],
          [
            6.2475,
            0.0,
            0.0
          ],
          [
            6.2475,
            4.165,
            0.0
          ],
          [
            0.0,
            2.0825,
            0.0
          ],
          [
            0.0,
            6.2475,
            0.0
          ],
          [
            4.165,
            2.0825,
            0.0
          ],
          [
            4.165,
            6.2475,
            0.0
          ],
          [
            2.0825,
            2.0825,
            2.0825
          ],
          [
            2.0825,
            6.2475,
            2.0825
          ],
          [
            6.2475,
            2.0825,
            2.0825
          ],
          [
            6.2475,
            6.2475,
            2.0825
          ],
          [
            0.0,
            0.0,
            2.0825
          ],
          [
            0.0,
            4.165,
            2.0825
          ],
          [
            4.165,
            0.0,
            2.0825
          ],
          [
            4.165,
            4.165,
            2.0825
          ],
          [
            2.08036,
            -0.00214,
            4.17536
          ],
          [
            2.08061,
            4.16233,
            4.18594
          ],
          [
            6.24483,
            -0.00189,
            4.18594
          ],
          [
            6.24364,
            4.16114,
            4.1581
          ],
          [
            -0.00324,
            2.08089,
            4.16314
          ],
          [
            -0.00271,
            6.24479,
            4.15639
          ],
          [
            4.16245,
            2.07995,
            4.16043
          ],
          [
            4.16339,
            6.24426,
            4.16314
          ],
          [
            2.07069,
            2.08917,
            6.2589
          ],
          [
            2.08116,
            6.22321,
            6.25998
          ],
          [
            6.24172,
            2.11587,
            6.24934
          ],
          [
            6.22827,
            6.19965,
            6.24632
          ],
          [
            8.30571,
            -0.00134,
            6.25998
          ],
          [
            -0.04785,
            4.14577,
            6.24632
          ],
          [
            4.17167,
            -0.01181,
            6.2589
          ],
          [
            4.19837,
            4.15922,
            6.24934
          ],
          [
            6.2463,
            4.1638,
            8.4902
          ]
        ],
        "Stress": [
          [
            -53.65303,
            -0.41686,
            -0.11578
          ],
          [
            -0.41686,
            -53.65303,
            -0.11559
          ],
          [
            -0.11578,
            -0.11559,
            -26.58428
          ]
        ],
        "computation_code": "VASP",
        "pseudopotential_information": [
          [
            "PAW_PBE",
            "Ni",
            "02Aug2007"
          ],
          [
            "PAW_PBE",
            "Mo_sv",
            "02Feb2006"
          ],
          [
            "PAW_PBE",
            "O",
            "08Apr2002"
          ]
        ]
      }
    ],
    "EnergyStyle": "electronvolt",
    "ForcesStyle": "electronvoltperangstrom",
    "LatticeStyle": "angstrom",
    "PositionsStyle": "angstrom",
    "StressStyle": "kB"
  }
}