{
  "Dataset": {
    "AtomTypeStyle": "chemicalsymbol",
    "Data": [
      {
        "AtomTypes": [
          "Ni",
          "Ni",
          "Ni",
          "Ni",
          "Ni",
          "Ni",
          "Ni",
          "Ni",
          "Ni",
          "Ni",
          "Ni",
          "Ni",
          "Ni",
          "Ni",
          "Ni",
          "Ni",
          "Ni",
          "Ni",
          "Ni",
          "Ni",
          "Ni",
          "Ni",
          "Ni",
          "Ni",
          "Ni",
          "Ni",
          "Ni",
          "Ni",
          "Ni",
          "Ni",
          "Mo",
          "O",
          "O",
          "O",
          "O",
          "O",
          "O",
          "O",
          "O",
          "O",
          "O",
          "O",
          "O",
          "O",
          "O",
          "O",
          "O",
          "O",
          "O",
          "O",
          "O",
          "O",
          "O",
          "O",
          "O",
          "O",
          "O",
          "O",
          "O",
          "O",
          "O",
          "O",
          "O"
        ],
        "Energy": -341.54180058,
        "Forces": [
          [
            0.036328,
            -0.00384,
            0.348257
          ],
          [
            0.052474,
            0.032577,
            0.31442
          ],
          [
            -0.007349,
            -0.018493,
            0.388643
          ],
          [
            -0.021111,
            0.04593,
            0.327214
          ],
          [
            0.026719,
            -0.007364,
            0.347932
          ],
          [
            0.040473,
            0.036528,
            0.388863
          ],
          [
            0.001447,
            -0.021584,
            0.305114
          ],
          [
            -0.012975,
            0.052717,
            0.338397
          ],
          [
            0.072333,
            -0.0671,
            -0.148231
          ],
          [
            0.07564,
            0.045055,
            -0.084308
          ],
          [
            -0.072067,
            -0.097872,
            -0.089413
          ],
          [
            -0.083974,
            0.095564,
            -0.263455
          ],
          [
            0.062643,
            -0.080485,
            -0.029312
          ],
          [
            0.016137,
            0.064323,
            -0.124071
          ],
          [
            -0.07183,
            -0.040941,
            -0.142118
          ],
          [
            -0.03944,
            0.055836,
            -0.379083
          ],
          [
            0.002234,
            -0.002686,
            -0.003637
          ],
          [
            0.002755,
            0.003366,
            -0.005266
          ],
          [
            0.002739,
            0.004687,
            -0.006526
          ],
          [
            0.004125,
            0.004324,
            0.000423
          ],
          [
            0.004399,
            0.000882,
            -0.001501
          ],
          [
            -0.002709,
            -0.004224,
            -0.005493
          ],
          [
            -0.002513,
            0.001286,
            -0.002844
          ],
          [
            -0.005439,
            -0.002885,
            -0.003099
          ],
          [
            0.001658,
            -0.00295,
            0.001269
          ],
          [
            -0.009487,
            0.000933,
            0.0099
          ],
          [
            -0.000642,
            0.01772,
            0.013205
          ],
          [
            -0.00304,
            0.001703,
            -0.003524
          ],
          [
            -0.001658,
            -0.005338,
            -0.004493
          ],
          [
            0.004352,
            0.002223,
            -0.008126
          ],
          [
            -0.021672,
            -0.004232,
            0.023063
          ],
          [
            -0.022791,
            0.025248,
            -0.192582
          ],
          [
            -0.011782,
            -0.026264,
            -0.160392
          ],
          [
            0.021295,
            0.022696,
            -0.15944
          ],
          [
            0.011621,
            -0.024878,
            -0.060775
          ],
          [
            -0.030205,
            0.024355,
            -0.181334
          ],
          [
            -0.028565,
            -0.025264,
            -0.2132
          ],
          [
            0.027259,
            0.032303,
            -0.20278
          ],
          [
            0.028299,
            -0.034913,
            -0.289152
          ],
          [
            -0.035651,
            0.027712,
            0.005048
          ],
          [
            -0.172537,
            -0.058791,
            -0.028105
          ],
          [
            0.019992,
            0.168479,
            0.069702
          ],
          [
            0.148861,
            -0.177731,
            -0.08359
          ],
          [
            -0.050575,
            0.026593,
            0.005761
          ],
          [
            -0.172724,
            -0.055022,
            0.034256
          ],
          [
            0.029792,
            0.158314,
            -0.020484
          ],
          [
            0.167201,
            -0.189903,
            -0.034929
          ],
          [
            0.002178,
            -0.00044,
            -0.002745
          ],
          [
            -0.0042,
            0.00068,
            0.00343
          ],
          [
            -0.001173,
            0.004434,
            0.001577
          ],
          [
            0.002031,
            0.002781,
            -0.017425
          ],
          [
            -0.000258,
            0.000799,
            0.004908
          ],
          [
            -0.001071,
            0.001443,
            -0.000809
          ],
          [
            0.00045,
            0.003607,
            0.000682
          ],
          [
            -0.00113,
            0.002285,
            0.005948
          ],
          [
            -0.006462,
            -0.005859,
            0.001774
          ],
          [
            0.005794,
            -0.003194,
            0.005323
          ],
          [
            0.001617,
            -0.006479,
            -0.003705
          ],
          [
            0.005284,
            0.013647,
            -0.001213
          ],
          [
            0.003629,
            0.005945,
            -0.00157
          ],
          [
            0.005458,
            -0.001539,
            -0.003737
          ],
          [
            0.004863,
            -0.011857,
            0.004445
          ],
          [
            0.002951,
            -0.004847,
            0.012913
          ]
        ],
        "Lattice": [
          [
            8.33,
            0.0,
            0.0
          ],
          [
            0.0,
            8.33,
            0.0
          ],
          [
            0.0,
            0.0,
            20.227360776
          ]
        ],
        "NumAtoms": 63,
        "Positions": [
          [
            0.0,
            0.0,
            0.0
          ],
          [
            0.0,
            4.165,
            0.0
          ],
          [
            4.165,
            0.0,
            0.0
          ],
          [
            4.165,
            4.165,
            0.0
          ],
          [
            2.0825,
            2.0825,
            0.0
          ],
          [
            2.0825,
            6.2475,
            0.0
          ],
          [
            6.2475,
            2.0825,
            0.0
          ],
          [
            6.2475,
            6.2475,
            0.0
          ],
          [
            0.0,
            2.0825,
            2.0825
          ],
          [
            0.0,
            6.2475,
            2.0825
          ],
          [
            4.165,
            2.0825,
            2.0825
          ],
          [
            4.165,
            6.2475,
            2.0825
          ],
          [
            2.0825,
            0.0,
            2.0825
          ],
          [
            2.0825,
            4.165,
            2.0825
          ],
          [
            6.2475,
            0.0,
            2.0825
          ],
          [
            6.2475,
            4.165,
            2.0825
          ],
          [
            0.00643,
            -0.01024,
            4.18784
          ],
          [
            0.03202,
            4.16298,
            4.17257
          ],
          [
            4.15644,
            8.28018,
            4.21671
          ],
          [
            4.13014,
            4.20635,
            4.1615
          ],
          [
            2.08869,
            2.07027,
            4.18838
          ],
          [
            2.13023,
            6.25199,
            4.21872
          ],
          [
            6.24298,
            2.05147,
            4.16709
          ],
          [
            6.20716,
            6.28847,
            4.16723
          ],
          [
            0.03306,
            2.02267,
            6.21745
          ],
          [
            0.02386,
            6.27027,
            6.20805
          ],
          [
            4.1114,
            2.02922,
            6.20984
          ],
          [
            2.16927,
            8.21326,
            6.25221
          ],
          [
            2.09533,
            4.21437,
            6.24565
          ],
          [
            6.17086,
            8.28962,
            6.2391
          ],
          [
            6.11654,
            4.25475,
            6.30869
          ],
          [
            2.0825,
            0.0,
            0.0
          ],
          [
            2.0825,
            4.165,
            0.0
          ],
          [
            6.2475,
            0.0,
            0.0
          ],
          [
            6.2475,
            4.165,
            0.0
          ],
          [
            0.0,
            2.0825,
            0.0
          ],
          [
            0.0,
            6.2475,
            0.0
          ],
          [
            4.165,
            2.0825,
            0.0
          ],
          [
            4.165,
            6.2475,
            0.0
          ],
          [
            2.0825,
            2.0825,
            2.0825
          ],
          [
            2.0825,
            6.2475,
            2.0825
          ],
          [
            6.2475,
            2.0825,
            2.0825
          ],
          [
            6.2475,
            6.2475,
            2.0825
          ],
          [
            0.0,
            0.0,
            2.0825
          ],
          [
            0.0,
            4.165,
            2.0825
          ],
          [
            4.165,
            0.0,
            2.0825
          ],
          [
            4.165,
            4.165,
            2.0825
          ],
          [
            2.07888,
            -0.00069,
            4.18719
          ],
          [
            2.088,
            4.15889,
            4.18716
          ],
          [
            6.24884,
            0.00442,
            4.18351
          ],
          [
            6.25242,
            4.15959,
            4.26909
          ],
          [
            8.32272,
            2.08919,
            4.15738
          ],
          [
            8.29502,
            6.23044,
            4.15053
          ],
          [
            4.17746,
            2.11833,
            4.15517
          ],
          [
            4.18168,
            6.22599,
            4.06923
          ],
          [
            2.05988,
            2.1077,
            6.26054
          ],
          [
            1.93479,
            6.20614,
            6.25488
          ],
          [
            6.2849,
            2.13052,
            6.27112
          ],
          [
            6.33091,
            6.1804,
            6.28402
          ],
          [
            8.28368,
            -0.0023,
            6.26022
          ],
          [
            8.25079,
            4.10634,
            6.25706
          ],
          [
            4.18236,
            0.12161,
            6.25372
          ],
          [
            4.1987,
            4.04988,
            6.34979
          ]
        ],
        "Stress": [
          [
            -49.3312,
            -0.15702,
            -0.27494
          ],
          [
            -0.15702,
            -49.29397,
            -0.19309
          ],
          [
            -0.27494,
            -0.19309,
            -26.32907
          ]
        ],
        "computation_code": "VASP",
        "pseudopotential_information": [
          [
            "PAW_PBE",
            "Ni",
            "02Aug2007"
          ],
          [
            "PAW_PBE",
            "Mo_sv",
            "02Feb2006"
          ],
          [
            "PAW_PBE",
            "O",
            "08Apr2002"
          ]
        ]
      }
    ],
    "EnergyStyle": "electronvolt",
    "ForcesStyle": "electronvoltperangstrom",
    "LatticeStyle": "angstrom",
    "PositionsStyle": "angstrom",
    "StressStyle": "kB"
  }
}