{
  "Dataset": {
    "AtomTypeStyle": "chemicalsymbol",
    "Data": [
      {
        "AtomTypes": [
          "Ni",
          "Ni",
          "Ni",
          "Ni",
          "Ni",
          "Ni",
          "Ni",
          "Ni",
          "Ni",
          "Ni",
          "Ni",
          "Ni",
          "Ni",
          "Ni",
          "Ni",
          "Ni",
          "Ni",
          "Ni",
          "Ni",
          "Ni",
          "Ni",
          "Ni",
          "Ni",
          "Mo",
          "Ni",
          "Ni",
          "Ni",
          "Ni",
          "Ni",
          "Ni",
          "Ni",
          "Ni",
          "O",
          "O",
          "O",
          "O",
          "O",
          "O",
          "O",
          "O",
          "O",
          "O",
          "O",
          "O",
          "O",
          "O",
          "O",
          "O",
          "O",
          "O",
          "O",
          "O",
          "O",
          "O",
          "O",
          "O",
          "O",
          "O",
          "O",
          "O",
          "O",
          "O",
          "O",
          "O",
          "O"
        ],
        "Energy": -350.42462745,
        "Forces": [
          [
            0.051585,
            0.051345,
            0.342732
          ],
          [
            0.049867,
            -0.022822,
            0.371708
          ],
          [
            -0.022833,
            0.049767,
            0.373117
          ],
          [
            -0.027699,
            -0.027435,
            0.356427
          ],
          [
            0.019952,
            0.019621,
            0.355942
          ],
          [
            0.020639,
            0.006177,
            0.377039
          ],
          [
            0.00603,
            0.02044,
            0.375802
          ],
          [
            0.01596,
            0.016205,
            0.130035
          ],
          [
            -0.062635,
            0.040868,
            -0.056876
          ],
          [
            0.446297,
            -0.050039,
            -0.249059
          ],
          [
            0.012458,
            -0.078337,
            -0.105871
          ],
          [
            -0.371429,
            0.009835,
            -0.478493
          ],
          [
            0.0453,
            -0.066767,
            -0.043888
          ],
          [
            -0.077514,
            0.013601,
            -0.105361
          ],
          [
            -0.051986,
            0.445976,
            -0.252915
          ],
          [
            0.004293,
            -0.366652,
            -0.49132
          ],
          [
            0.013234,
            -0.00408,
            -0.033331
          ],
          [
            0.004122,
            -0.009788,
            0.015752
          ],
          [
            -0.024877,
            -0.000625,
            0.00647
          ],
          [
            0.057656,
            0.05455,
            0.02415
          ],
          [
            0.006134,
            0.006237,
            -0.004508
          ],
          [
            0.034258,
            0.019244,
            0.02024
          ],
          [
            0.013627,
            0.038256,
            0.011283
          ],
          [
            -0.05114,
            -0.06089,
            0.17758
          ],
          [
            0.000602,
            0.047147,
            0.027222
          ],
          [
            0.033893,
            -0.022175,
            0.001231
          ],
          [
            -0.03957,
            -0.02074,
            0.007022
          ],
          [
            0.015883,
            -0.022572,
            0.025905
          ],
          [
            0.035825,
            -0.019548,
            0.002511
          ],
          [
            -0.01007,
            -0.02106,
            0.003835
          ],
          [
            -0.026519,
            -0.017303,
            -0.010232
          ],
          [
            -0.0461,
            0.064063,
            0.043019
          ],
          [
            -0.012429,
            -0.01426,
            -0.204725
          ],
          [
            -0.001268,
            0.01464,
            -0.21985
          ],
          [
            0.01009,
            -0.086856,
            -0.154001
          ],
          [
            0.003398,
            0.080073,
            -0.166314
          ],
          [
            -0.01486,
            -0.011793,
            -0.204778
          ],
          [
            -0.087273,
            0.00948,
            -0.153857
          ],
          [
            0.015216,
            -0.000809,
            -0.219838
          ],
          [
            0.080845,
            0.002573,
            -0.166219
          ],
          [
            -0.059303,
            -0.061872,
            -0.033465
          ],
          [
            -0.047572,
            -0.000482,
            0.043865
          ],
          [
            -0.001148,
            -0.045935,
            0.045221
          ],
          [
            0.180071,
            0.184098,
            0.170317
          ],
          [
            -0.081098,
            -0.084031,
            0.066615
          ],
          [
            -0.07109,
            0.049024,
            0.0053
          ],
          [
            0.047934,
            -0.070245,
            0.010567
          ],
          [
            -0.015301,
            -0.011606,
            -0.112606
          ],
          [
            -0.024534,
            0.018396,
            -0.029096
          ],
          [
            0.015668,
            0.022933,
            0.047497
          ],
          [
            0.009183,
            0.044281,
            0.003509
          ],
          [
            0.024284,
            -0.001928,
            0.042158
          ],
          [
            0.002555,
            -0.020323,
            -0.022763
          ],
          [
            0.033185,
            0.016519,
            -0.010371
          ],
          [
            0.029622,
            0.005862,
            0.04543
          ],
          [
            0.025398,
            0.019852,
            0.031827
          ],
          [
            0.021604,
            0.025179,
            0.040547
          ],
          [
            -0.006519,
            -0.00256,
            0.00569
          ],
          [
            -0.007778,
            -0.013843,
            0.015112
          ],
          [
            -0.048821,
            -0.015566,
            -0.038287
          ],
          [
            -0.026916,
            -0.023901,
            0.017139
          ],
          [
            0.019198,
            0.028814,
            -0.015812
          ],
          [
            0.037154,
            0.018193,
            -0.030764
          ],
          [
            -0.047811,
            -0.044253,
            0.029038
          ],
          [
            -0.076929,
            -0.122156,
            -0.054256
          ]
        ],
        "Lattice": [
          [
            8.33,
            0.0,
            0.0
          ],
          [
            0.0,
            8.33,
            0.0
          ],
          [
            0.0,
            0.0,
            20.227360776
          ]
        ],
        "NumAtoms": 65,
        "Positions": [
          [
            0.0,
            0.0,
            0.0
          ],
          [
            0.0,
            4.165,
            0.0
          ],
          [
            4.165,
            0.0,
            0.0
          ],
          [
            4.165,
            4.165,
            0.0
          ],
          [
            2.0825,
            2.0825,
            0.0
          ],
          [
            2.0825,
            6.2475,
            0.0
          ],
          [
            6.2475,
            2.0825,
            0.0
          ],
          [
            6.2475,
            6.2475,
            0.0
          ],
          [
            0.0,
            2.0825,
            2.0825
          ],
          [
            0.0,
            6.2475,
            2.0825
          ],
          [
            4.165,
            2.0825,
            2.0825
          ],
          [
            4.165,
            6.2475,
            2.0825
          ],
          [
            2.0825,
            0.0,
            2.0825
          ],
          [
            2.0825,
            4.165,
            2.0825
          ],
          [
            6.2475,
            0.0,
            2.0825
          ],
          [
            6.2475,
            4.165,
            2.0825
          ],
          [
            0.02709,
            0.02733,
            4.21517
          ],
          [
            -0.01013,
            4.14049,
            4.22959
          ],
          [
            4.14158,
            -0.00865,
            4.23312
          ],
          [
            4.11803,
            4.11974,
            4.18845
          ],
          [
            2.0676,
            2.06664,
            4.17632
          ],
          [
            2.12086,
            6.22884,
            4.22274
          ],
          [
            6.2292,
            2.12186,
            4.22124
          ],
          [
            6.21555,
            6.21714,
            4.26584
          ],
          [
            8.31761,
            2.10772,
            6.25528
          ],
          [
            0.09943,
            6.22996,
            6.31721
          ],
          [
            4.10693,
            2.04036,
            6.2345
          ],
          [
            4.0278,
            5.93882,
            6.96736
          ],
          [
            2.10961,
            8.31827,
            6.26102
          ],
          [
            2.03801,
            4.10448,
            6.23502
          ],
          [
            6.23106,
            0.10304,
            6.31978
          ],
          [
            5.94321,
            4.02723,
            6.96769
          ],
          [
            2.0825,
            0.0,
            0.0
          ],
          [
            2.0825,
            4.165,
            0.0
          ],
          [
            6.2475,
            0.0,
            0.0
          ],
          [
            6.2475,
            4.165,
            0.0
          ],
          [
            0.0,
            2.0825,
            0.0
          ],
          [
            0.0,
            6.2475,
            0.0
          ],
          [
            4.165,
            2.0825,
            0.0
          ],
          [
            4.165,
            6.2475,
            0.0
          ],
          [
            2.0825,
            2.0825,
            2.0825
          ],
          [
            2.0825,
            6.2475,
            2.0825
          ],
          [
            6.2475,
            2.0825,
            2.0825
          ],
          [
            6.2475,
            6.2475,
            2.0825
          ],
          [
            0.0,
            0.0,
            2.0825
          ],
          [
            0.0,
            4.165,
            2.0825
          ],
          [
            4.165,
            0.0,
            2.0825
          ],
          [
            4.165,
            4.165,
            2.0825
          ],
          [
            2.08685,
            -0.03205,
            4.17296
          ],
          [
            2.05529,
            4.16063,
            4.14719
          ],
          [
            6.24185,
            0.02043,
            4.16029
          ],
          [
            6.22196,
            4.18506,
            4.1071
          ],
          [
            8.29987,
            2.08584,
            4.17001
          ],
          [
            0.02008,
            6.24122,
            4.16123
          ],
          [
            4.16048,
            2.05713,
            4.14708
          ],
          [
            4.18196,
            6.22393,
            4.10937
          ],
          [
            2.03907,
            2.03862,
            6.22246
          ],
          [
            2.12184,
            6.23611,
            6.31604
          ],
          [
            6.2381,
            2.12365,
            6.31256
          ],
          [
            6.48733,
            6.48718,
            6.09316
          ],
          [
            0.03744,
            0.03717,
            6.26386
          ],
          [
            0.04001,
            4.16452,
            6.28986
          ],
          [
            4.16545,
            0.04368,
            6.29443
          ],
          [
            4.04245,
            4.04191,
            6.1689
          ],
          [
            5.31309,
            5.31489,
            8.11105
          ]
        ],
        "Stress": [
          [
            -47.11658,
            3.18595,
            -0.78203
          ],
          [
            3.18595,
            -47.07447,
            -0.84388
          ],
          [
            -0.78203,
            -0.84388,
            -26.1293
          ]
        ],
        "computation_code": "VASP",
        "pseudopotential_information": [
          [
            "PAW_PBE",
            "Ni",
            "02Aug2007"
          ],
          [
            "PAW_PBE",
            "Mo_sv",
            "02Feb2006"
          ],
          [
            "PAW_PBE",
            "O",
            "08Apr2002"
          ]
        ]
      }
    ],
    "EnergyStyle": "electronvolt",
    "ForcesStyle": "electronvoltperangstrom",
    "LatticeStyle": "angstrom",
    "PositionsStyle": "angstrom",
    "StressStyle": "kB"
  }
}