{
  "Dataset": {
    "AtomTypeStyle": "chemicalsymbol",
    "Data": [
      {
        "AtomTypes": [
          "Ni",
          "Ni",
          "Ni",
          "Ni",
          "Ni",
          "Ni",
          "Ni",
          "Ni",
          "Ni",
          "Ni",
          "Ni",
          "Ni",
          "Ni",
          "Ni",
          "Ni",
          "Ni",
          "Ni",
          "Ni",
          "Ni",
          "Ni",
          "Ni",
          "Ni",
          "Ni",
          "Mo",
          "Ni",
          "Ni",
          "Ni",
          "Ni",
          "Ni",
          "Ni",
          "Ni",
          "Ni",
          "O",
          "O",
          "O",
          "O",
          "O",
          "O",
          "O",
          "O",
          "O",
          "O",
          "O",
          "O",
          "O",
          "O",
          "O",
          "O",
          "O",
          "O",
          "O",
          "O",
          "O",
          "O",
          "O",
          "O",
          "O",
          "O",
          "O",
          "O",
          "O",
          "O",
          "O",
          "O",
          "O",
          "O"
        ],
        "Energy": -355.85842341,
        "Forces": [
          [
            0.04436,
            0.052926,
            0.348101
          ],
          [
            0.053391,
            -0.025466,
            0.341676
          ],
          [
            -0.017652,
            0.048452,
            0.354249
          ],
          [
            -0.024958,
            -0.022061,
            0.352558
          ],
          [
            0.017644,
            0.008089,
            0.364317
          ],
          [
            0.02076,
            0.019848,
            0.369146
          ],
          [
            0.010089,
            -0.000312,
            0.372181
          ],
          [
            0.008887,
            0.028419,
            0.157341
          ],
          [
            -0.024438,
            -0.012651,
            -0.121564
          ],
          [
            0.414147,
            0.008462,
            -0.287152
          ],
          [
            0.001781,
            0.007351,
            -0.044735
          ],
          [
            -0.412738,
            -0.023821,
            -0.41938
          ],
          [
            -0.012728,
            -0.007245,
            -0.104648
          ],
          [
            0.019976,
            -0.003282,
            -0.074998
          ],
          [
            -0.00308,
            0.438893,
            -0.363402
          ],
          [
            -0.028442,
            -0.43172,
            -0.316503
          ],
          [
            -0.069716,
            -0.109205,
            0.073838
          ],
          [
            0.049535,
            0.071432,
            0.011298
          ],
          [
            -0.003782,
            0.043416,
            -0.516566
          ],
          [
            -0.045976,
            0.065946,
            -0.081649
          ],
          [
            0.043716,
            0.008251,
            0.089016
          ],
          [
            -0.052163,
            -0.017391,
            0.034548
          ],
          [
            -0.027926,
            -0.095603,
            -0.1219
          ],
          [
            -0.009489,
            0.185809,
            -0.26269
          ],
          [
            0.208223,
            -0.112454,
            -0.375613
          ],
          [
            0.158093,
            -0.019232,
            0.023656
          ],
          [
            -0.16072,
            0.178596,
            -0.050086
          ],
          [
            0.009546,
            0.297417,
            0.370485
          ],
          [
            -0.207852,
            0.089399,
            -0.007545
          ],
          [
            -0.018797,
            -0.022566,
            0.068365
          ],
          [
            -0.07479,
            -0.062424,
            0.307613
          ],
          [
            0.070567,
            -0.070097,
            0.005781
          ],
          [
            -0.002157,
            -0.018936,
            -0.209955
          ],
          [
            -0.008971,
            0.017224,
            -0.200733
          ],
          [
            0.002459,
            -0.086176,
            -0.18206
          ],
          [
            0.007955,
            0.086043,
            -0.140245
          ],
          [
            -0.016219,
            0.008842,
            -0.205038
          ],
          [
            -0.085166,
            -0.010487,
            -0.150908
          ],
          [
            0.015156,
            0.002467,
            -0.209187
          ],
          [
            0.080637,
            -0.004094,
            -0.166338
          ],
          [
            -0.010741,
            0.001036,
            -0.051508
          ],
          [
            -0.074175,
            -0.028905,
            -0.095054
          ],
          [
            -0.025284,
            0.068954,
            -0.050081
          ],
          [
            0.066614,
            0.04794,
            -0.671885
          ],
          [
            -0.062226,
            -0.108424,
            -0.057341
          ],
          [
            -0.094129,
            0.082354,
            0.007796
          ],
          [
            0.038991,
            -0.037817,
            -0.090817
          ],
          [
            0.076688,
            -0.006924,
            -0.025498
          ],
          [
            -0.072895,
            0.071354,
            -0.134705
          ],
          [
            -0.006236,
            -0.075073,
            -0.043665
          ],
          [
            0.00872,
            -0.214225,
            0.14667
          ],
          [
            0.013621,
            0.026935,
            0.104496
          ],
          [
            0.051142,
            0.0198,
            0.19945
          ],
          [
            -0.175391,
            -0.053838,
            -0.088042
          ],
          [
            -0.039985,
            0.079707,
            -0.139611
          ],
          [
            0.225881,
            -0.023568,
            0.269522
          ],
          [
            0.021381,
            0.026404,
            -0.027297
          ],
          [
            0.163565,
            0.046687,
            0.108519
          ],
          [
            -0.03168,
            -0.084526,
            0.089921
          ],
          [
            -0.103883,
            -0.091557,
            0.287578
          ],
          [
            -0.075723,
            -0.002509,
            0.048503
          ],
          [
            -0.032674,
            -0.10446,
            0.044513
          ],
          [
            0.171272,
            -0.12744,
            0.244365
          ],
          [
            0.107014,
            0.049236,
            0.077212
          ],
          [
            0.334371,
            0.143959,
            0.227268
          ],
          [
            -0.403403,
            -0.217158,
            0.588418
          ]
        ],
        "Lattice": [
          [
            8.33,
            0.0,
            0.0
          ],
          [
            0.0,
            8.33,
            0.0
          ],
          [
            0.0,
            0.0,
            20.227360776
          ]
        ],
        "NumAtoms": 66,
        "Positions": [
          [
            0.0,
            0.0,
            0.0
          ],
          [
            0.0,
            4.165,
            0.0
          ],
          [
            4.165,
            0.0,
            0.0
          ],
          [
            4.165,
            4.165,
            0.0
          ],
          [
            2.0825,
            2.0825,
            0.0
          ],
          [
            2.0825,
            6.2475,
            0.0
          ],
          [
            6.2475,
            2.0825,
            0.0
          ],
          [
            6.2475,
            6.2475,
            0.0
          ],
          [
            0.0,
            2.0825,
            2.0825
          ],
          [
            0.0,
            6.2475,
            2.0825
          ],
          [
            4.165,
            2.0825,
            2.0825
          ],
          [
            4.165,
            6.2475,
            2.0825
          ],
          [
            2.0825,
            0.0,
            2.0825
          ],
          [
            2.0825,
            4.165,
            2.0825
          ],
          [
            6.2475,
            0.0,
            2.0825
          ],
          [
            6.2475,
            4.165,
            2.0825
          ],
          [
            0.02637,
            0.04032,
            4.19441
          ],
          [
            0.02563,
            4.12388,
            4.20117
          ],
          [
            4.12723,
            0.02155,
            4.18238
          ],
          [
            4.13501,
            4.13321,
            4.20616
          ],
          [
            2.07111,
            2.07772,
            4.18801
          ],
          [
            2.0949,
            6.24688,
            4.19303
          ],
          [
            6.24569,
            2.08105,
            4.20763
          ],
          [
            6.24159,
            6.23825,
            4.19841
          ],
          [
            8.29876,
            2.07194,
            6.30528
          ],
          [
            0.02207,
            6.24807,
            6.28354
          ],
          [
            4.15346,
            2.05456,
            6.24837
          ],
          [
            4.1733,
            6.27344,
            6.42519
          ],
          [
            2.07996,
            8.31413,
            6.23283
          ],
          [
            2.08001,
            4.15474,
            6.23902
          ],
          [
            6.18937,
            8.31967,
            6.33761
          ],
          [
            6.22182,
            4.11151,
            6.29376
          ],
          [
            2.0825,
            0.0,
            0.0
          ],
          [
            2.0825,
            4.165,
            0.0
          ],
          [
            6.2475,
            0.0,
            0.0
          ],
          [
            6.2475,
            4.165,
            0.0
          ],
          [
            0.0,
            2.0825,
            0.0
          ],
          [
            0.0,
            6.2475,
            0.0
          ],
          [
            4.165,
            2.0825,
            0.0
          ],
          [
            4.165,
            6.2475,
            0.0
          ],
          [
            2.0825,
            2.0825,
            2.0825
          ],
          [
            2.0825,
            6.2475,
            2.0825
          ],
          [
            6.2475,
            2.0825,
            2.0825
          ],
          [
            6.2475,
            6.2475,
            2.0825
          ],
          [
            0.0,
            0.0,
            2.0825
          ],
          [
            0.0,
            4.165,
            2.0825
          ],
          [
            4.165,
            0.0,
            2.0825
          ],
          [
            4.165,
            4.165,
            2.0825
          ],
          [
            2.0678,
            -0.00713,
            4.15715
          ],
          [
            2.07833,
            4.16657,
            4.16512
          ],
          [
            6.25271,
            0.03512,
            4.13601
          ],
          [
            6.2537,
            4.13392,
            4.1671
          ],
          [
            8.31835,
            2.08398,
            4.15267
          ],
          [
            0.03589,
            6.24234,
            4.1759
          ],
          [
            4.16515,
            2.09027,
            4.17077
          ],
          [
            4.12608,
            6.23153,
            4.11728
          ],
          [
            2.04796,
            2.08194,
            6.25794
          ],
          [
            2.04999,
            6.22592,
            6.24138
          ],
          [
            6.24454,
            2.08672,
            6.25092
          ],
          [
            6.30165,
            6.1459,
            6.18692
          ],
          [
            0.00931,
            -0.00648,
            6.23891
          ],
          [
            8.32231,
            4.15938,
            6.25887
          ],
          [
            4.08355,
            0.04866,
            6.11224
          ],
          [
            4.14846,
            4.13551,
            6.24928
          ],
          [
            4.74324,
            6.87179,
            8.23222
          ],
          [
            5.75791,
            7.77746,
            8.16941
          ]
        ],
        "Stress": [
          [
            -48.58455,
            -1.80128,
            -0.04329
          ],
          [
            -1.80128,
            -47.81599,
            -0.71454
          ],
          [
            -0.04329,
            -0.71454,
            -18.78504
          ]
        ],
        "computation_code": "VASP",
        "pseudopotential_information": [
          [
            "PAW_PBE",
            "Ni",
            "02Aug2007"
          ],
          [
            "PAW_PBE",
            "Mo_sv",
            "02Feb2006"
          ],
          [
            "PAW_PBE",
            "O",
            "08Apr2002"
          ]
        ]
      }
    ],
    "EnergyStyle": "electronvolt",
    "ForcesStyle": "electronvoltperangstrom",
    "LatticeStyle": "angstrom",
    "PositionsStyle": "angstrom",
    "StressStyle": "kB"
  }
}