{
  "Dataset": {
    "AtomTypeStyle": "chemicalsymbol",
    "Data": [
      {
        "AtomTypes": [
          "Ni",
          "Ni",
          "Ni",
          "Ni",
          "Ni",
          "Ni",
          "Ni",
          "Ni",
          "Ni",
          "Ni",
          "Ni",
          "Ni",
          "Ni",
          "Ni",
          "Ni",
          "Ni",
          "Ni",
          "Ni",
          "Ni",
          "Ni",
          "Ni",
          "Ni",
          "Ni",
          "Mo",
          "Ni",
          "Ni",
          "Ni",
          "Ni",
          "Ni",
          "Ni",
          "Ni",
          "Ni",
          "O",
          "O",
          "O",
          "O",
          "O",
          "O",
          "O",
          "O",
          "O",
          "O",
          "O",
          "O",
          "O",
          "O",
          "O",
          "O",
          "O",
          "O",
          "O",
          "O",
          "O",
          "O",
          "O",
          "O",
          "O",
          "O",
          "O",
          "O",
          "O",
          "O",
          "O"
        ],
        "Energy": -335.75751171,
        "Forces": [
          [
            0.012847,
            0.064143,
            0.34159
          ],
          [
            0.046588,
            -0.031525,
            0.338068
          ],
          [
            0.003008,
            0.065811,
            0.343214
          ],
          [
            -0.017679,
            -0.039192,
            0.326231
          ],
          [
            0.007243,
            -0.005866,
            0.35749
          ],
          [
            -0.001477,
            0.033648,
            0.337581
          ],
          [
            0.022958,
            -0.044735,
            0.340329
          ],
          [
            0.031243,
            0.07806,
            0.138411
          ],
          [
            0.016531,
            -0.01147,
            -0.121356
          ],
          [
            0.318654,
            0.010005,
            -0.298779
          ],
          [
            0.010617,
            -0.071534,
            -0.059108
          ],
          [
            -0.372206,
            0.033696,
            -0.286879
          ],
          [
            -0.0591,
            0.036208,
            -0.003725
          ],
          [
            -0.007688,
            -0.03793,
            -0.082336
          ],
          [
            0.033929,
            0.002867,
            0.239165
          ],
          [
            0.01408,
            -0.312951,
            -0.012366
          ],
          [
            -0.006918,
            -0.005744,
            -0.008241
          ],
          [
            -0.004481,
            0.000474,
            -0.010631
          ],
          [
            2.5e-05,
            -0.011963,
            -0.010546
          ],
          [
            -0.009907,
            -0.003517,
            -0.014348
          ],
          [
            -0.000371,
            0.002202,
            -0.016953
          ],
          [
            0.006669,
            -0.005828,
            -0.010858
          ],
          [
            -0.008489,
            -0.016398,
            -0.002217
          ],
          [
            -0.010994,
            0.01608,
            0.002957
          ],
          [
            -0.008742,
            0.004925,
            -0.002701
          ],
          [
            -0.008727,
            0.002377,
            -0.002227
          ],
          [
            -0.010859,
            -0.003891,
            -0.006339
          ],
          [
            -0.002162,
            0.00024,
            -0.009786
          ],
          [
            -0.00054,
            -0.00301,
            0.000982
          ],
          [
            -0.003767,
            0.005497,
            -0.010583
          ],
          [
            -0.001356,
            0.003447,
            0.011641
          ],
          [
            -0.003774,
            -0.003821,
            -0.009113
          ],
          [
            0.017178,
            -0.03546,
            -0.209669
          ],
          [
            0.007509,
            0.032703,
            -0.19543
          ],
          [
            -0.01364,
            -0.028503,
            -0.292551
          ],
          [
            -0.009487,
            0.084527,
            -0.139374
          ],
          [
            -0.01048,
            0.03002,
            -0.186096
          ],
          [
            -0.075704,
            -0.028927,
            -0.135507
          ],
          [
            0.008548,
            0.025834,
            -0.185726
          ],
          [
            0.075885,
            -0.028901,
            -0.104997
          ],
          [
            0.007237,
            0.027669,
            -0.064116
          ],
          [
            0.042062,
            -0.043792,
            0.033376
          ],
          [
            -0.009075,
            0.004231,
            0.071047
          ],
          [
            0.018471,
            0.181709,
            -0.185601
          ],
          [
            -0.053666,
            -0.085172,
            -0.128924
          ],
          [
            -0.068047,
            0.098559,
            -0.013437
          ],
          [
            0.067932,
            -0.136914,
            -0.015216
          ],
          [
            0.063811,
            0.130712,
            0.044874
          ],
          [
            0.003198,
            -0.009189,
            0.003835
          ],
          [
            -0.003779,
            0.00885,
            0.010377
          ],
          [
            -0.010628,
            -0.006154,
            -0.007733
          ],
          [
            -0.006457,
            -0.000169,
            0.00278
          ],
          [
            0.013779,
            0.008477,
            -0.014802
          ],
          [
            -0.001508,
            -0.001647,
            -0.015471
          ],
          [
            0.000773,
            0.000987,
            0.00121
          ],
          [
            0.001564,
            -0.001303,
            0.006022
          ],
          [
            -0.001584,
            0.002996,
            -0.000274
          ],
          [
            -0.017106,
            0.007145,
            -0.01485
          ],
          [
            0.00079,
            -0.000451,
            -0.011186
          ],
          [
            -0.01003,
            0.009397,
            -0.009807
          ],
          [
            -0.007538,
            0.002136,
            -0.016297
          ],
          [
            -0.00965,
            -0.009581,
            -0.009758
          ],
          [
            -0.005512,
            0.009901,
            -0.015265
          ]
        ],
        "Lattice": [
          [
            8.33,
            0.0,
            0.0
          ],
          [
            0.0,
            8.33,
            0.0
          ],
          [
            0.0,
            0.0,
            20.227360776
          ]
        ],
        "NumAtoms": 63,
        "Positions": [
          [
            0.0,
            0.0,
            0.0
          ],
          [
            0.0,
            4.165,
            0.0
          ],
          [
            4.165,
            0.0,
            0.0
          ],
          [
            4.165,
            4.165,
            0.0
          ],
          [
            2.0825,
            2.0825,
            0.0
          ],
          [
            2.0825,
            6.2475,
            0.0
          ],
          [
            6.2475,
            2.0825,
            0.0
          ],
          [
            6.2475,
            6.2475,
            0.0
          ],
          [
            0.0,
            2.0825,
            2.0825
          ],
          [
            0.0,
            6.2475,
            2.0825
          ],
          [
            4.165,
            2.0825,
            2.0825
          ],
          [
            4.165,
            6.2475,
            2.0825
          ],
          [
            2.0825,
            0.0,
            2.0825
          ],
          [
            2.0825,
            4.165,
            2.0825
          ],
          [
            6.2475,
            0.0,
            2.0825
          ],
          [
            6.2475,
            4.165,
            2.0825
          ],
          [
            -0.0838,
            0.0427,
            4.18612
          ],
          [
            0.00238,
            4.14769,
            4.19236
          ],
          [
            4.17438,
            0.00629,
            4.21572
          ],
          [
            4.1703,
            4.13273,
            4.19433
          ],
          [
            2.08366,
            2.0689,
            4.18014
          ],
          [
            2.063,
            6.26297,
            4.191
          ],
          [
            6.26579,
            1.91929,
            4.16812
          ],
          [
            6.21921,
            6.46436,
            4.20995
          ],
          [
            8.30488,
            2.04817,
            6.23269
          ],
          [
            0.00518,
            6.25282,
            6.27979
          ],
          [
            4.16775,
            2.04612,
            6.23374
          ],
          [
            4.11238,
            6.24274,
            6.29986
          ],
          [
            2.05773,
            0.00012,
            6.21396
          ],
          [
            2.06738,
            4.13921,
            6.22466
          ],
          [
            6.22018,
            -0.02425,
            6.11553
          ],
          [
            6.2359,
            4.11889,
            6.22629
          ],
          [
            2.0825,
            0.0,
            0.0
          ],
          [
            2.0825,
            4.165,
            0.0
          ],
          [
            6.2475,
            0.0,
            0.0
          ],
          [
            6.2475,
            4.165,
            0.0
          ],
          [
            0.0,
            2.0825,
            0.0
          ],
          [
            0.0,
            6.2475,
            0.0
          ],
          [
            4.165,
            2.0825,
            0.0
          ],
          [
            4.165,
            6.2475,
            0.0
          ],
          [
            2.0825,
            2.0825,
            2.0825
          ],
          [
            2.0825,
            6.2475,
            2.0825
          ],
          [
            6.2475,
            2.0825,
            2.0825
          ],
          [
            6.2475,
            6.2475,
            2.0825
          ],
          [
            0.0,
            0.0,
            2.0825
          ],
          [
            0.0,
            4.165,
            2.0825
          ],
          [
            4.165,
            0.0,
            2.0825
          ],
          [
            4.165,
            4.165,
            2.0825
          ],
          [
            2.05363,
            -0.00261,
            4.14641
          ],
          [
            2.09242,
            4.17162,
            4.15683
          ],
          [
            6.24974,
            4.28926,
            4.16273
          ],
          [
            8.32604,
            2.09477,
            4.15967
          ],
          [
            -0.00716,
            6.2346,
            4.1737
          ],
          [
            4.18555,
            2.07166,
            4.16325
          ],
          [
            4.1454,
            6.27281,
            4.20402
          ],
          [
            2.07405,
            2.08945,
            6.2454
          ],
          [
            2.05411,
            6.21652,
            6.26046
          ],
          [
            6.24154,
            2.09539,
            6.20983
          ],
          [
            0.03754,
            -0.01463,
            6.25682
          ],
          [
            -0.00717,
            4.1598,
            6.26042
          ],
          [
            4.08112,
            8.30858,
            6.27093
          ],
          [
            4.15254,
            4.15839,
            6.25822
          ],
          [
            6.22782,
            6.18326,
            6.28982
          ]
        ],
        "Stress": [
          [
            -50.08384,
            0.11438,
            -0.66337
          ],
          [
            0.11438,
            -53.39278,
            -0.33664
          ],
          [
            -0.66337,
            -0.33664,
            -26.15243
          ]
        ],
        "computation_code": "VASP",
        "pseudopotential_information": [
          [
            "PAW_PBE",
            "Ni",
            "02Aug2007"
          ],
          [
            "PAW_PBE",
            "Mo_sv",
            "02Feb2006"
          ],
          [
            "PAW_PBE",
            "O",
            "08Apr2002"
          ]
        ]
      }
    ],
    "EnergyStyle": "electronvolt",
    "ForcesStyle": "electronvoltperangstrom",
    "LatticeStyle": "angstrom",
    "PositionsStyle": "angstrom",
    "StressStyle": "kB"
  }
}