{
  "Dataset": {
    "AtomTypeStyle": "chemicalsymbol",
    "Data": [
      {
        "AtomTypes": [
          "Ni",
          "Ni",
          "Ni",
          "Ni",
          "Ni",
          "Ni",
          "Ni",
          "Ni",
          "Ni",
          "Ni",
          "Ni",
          "Ni",
          "Ni",
          "Ni",
          "Ni",
          "Ni",
          "Ni",
          "Ni",
          "Ni",
          "Ni",
          "Ni",
          "Ni",
          "Ni",
          "Ni",
          "Ni",
          "Ni",
          "Ni",
          "Ni",
          "Ni",
          "Ni",
          "Ni",
          "Mo",
          "O",
          "O",
          "O",
          "O",
          "O",
          "O",
          "O",
          "O",
          "O",
          "O",
          "O",
          "O",
          "O",
          "O",
          "O",
          "O",
          "O",
          "O",
          "O",
          "O",
          "O",
          "O",
          "O",
          "O",
          "O",
          "O",
          "O",
          "O",
          "O",
          "O",
          "O",
          "O",
          "O"
        ],
        "Energy": -353.71304493,
        "Forces": [
          [
            0.013351,
            0.012525,
            0.32279
          ],
          [
            0.006098,
            0.014855,
            0.317869
          ],
          [
            0.015207,
            0.013462,
            0.31776
          ],
          [
            0.021585,
            0.014301,
            0.321744
          ],
          [
            0.013462,
            0.015207,
            0.31776
          ],
          [
            0.012525,
            0.013351,
            0.32279
          ],
          [
            0.014301,
            0.021585,
            0.321744
          ],
          [
            0.014855,
            0.006098,
            0.317869
          ],
          [
            -0.000118,
            -0.013406,
            -0.186655
          ],
          [
            0.00432,
            0.00432,
            -0.182185
          ],
          [
            -0.010714,
            -0.010714,
            -0.181586
          ],
          [
            -0.013406,
            -0.000118,
            -0.186655
          ],
          [
            -0.010026,
            -0.010026,
            -0.125895
          ],
          [
            -0.007719,
            -0.00384,
            -0.122093
          ],
          [
            -0.00384,
            -0.007719,
            -0.122093
          ],
          [
            -0.004176,
            -0.004176,
            -0.150243
          ],
          [
            0.012502,
            -0.009333,
            -0.035705
          ],
          [
            0.00253,
            -0.006055,
            0.007421
          ],
          [
            -0.008261,
            0.004639,
            -0.034034
          ],
          [
            0.002694,
            0.011337,
            -0.005093
          ],
          [
            0.004639,
            -0.008261,
            -0.034034
          ],
          [
            -0.009333,
            0.012502,
            -0.035705
          ],
          [
            0.011337,
            0.002694,
            -0.005093
          ],
          [
            -0.006055,
            0.00253,
            0.007421
          ],
          [
            -0.004614,
            0.007243,
            0.005598
          ],
          [
            -0.005018,
            -0.005018,
            0.007297
          ],
          [
            0.007474,
            0.007474,
            -0.004576
          ],
          [
            0.007243,
            -0.004614,
            0.005598
          ],
          [
            -0.005923,
            -0.005923,
            0.022617
          ],
          [
            0.001592,
            0.004056,
            0.025959
          ],
          [
            0.004056,
            0.001592,
            0.025959
          ],
          [
            0.012393,
            0.012393,
            -0.192481
          ],
          [
            0.00025,
            0.00025,
            -0.158339
          ],
          [
            0.001196,
            -0.001116,
            -0.157456
          ],
          [
            -0.001116,
            0.001196,
            -0.157456
          ],
          [
            -0.002005,
            -0.002005,
            -0.186426
          ],
          [
            0.000647,
            -0.002305,
            -0.16932
          ],
          [
            0.00147,
            0.00147,
            -0.17261
          ],
          [
            -0.001888,
            -0.001888,
            -0.170566
          ],
          [
            -0.002305,
            0.000647,
            -0.16932
          ],
          [
            -0.015248,
            -0.0063,
            -0.004445
          ],
          [
            -0.003438,
            -0.016859,
            -0.007115
          ],
          [
            -0.010005,
            -0.09593,
            -0.040297
          ],
          [
            -0.019489,
            0.073544,
            -0.039161
          ],
          [
            -0.016859,
            -0.003438,
            -0.007115
          ],
          [
            0.073544,
            -0.019489,
            -0.039161
          ],
          [
            -0.0063,
            -0.015248,
            -0.004445
          ],
          [
            -0.09593,
            -0.010005,
            -0.040297
          ],
          [
            0.003476,
            0.003476,
            -0.003664
          ],
          [
            0.005212,
            0.005025,
            0.0109
          ],
          [
            0.005025,
            0.005212,
            0.0109
          ],
          [
            -0.00286,
            -0.00286,
            0.067511
          ],
          [
            -0.005437,
            0.004846,
            0.032528
          ],
          [
            0.002919,
            0.002919,
            0.001645
          ],
          [
            -0.004934,
            -0.004934,
            0.010362
          ],
          [
            0.004846,
            -0.005437,
            0.032528
          ],
          [
            0.014135,
            0.022027,
            0.019849
          ],
          [
            -0.005178,
            -0.023725,
            0.021323
          ],
          [
            0.009677,
            0.019889,
            0.011942
          ],
          [
            -0.016272,
            -0.025702,
            0.009938
          ],
          [
            -0.023725,
            -0.005178,
            0.021323
          ],
          [
            -0.025702,
            -0.016272,
            0.009938
          ],
          [
            0.022027,
            0.014135,
            0.019849
          ],
          [
            0.019889,
            0.009677,
            0.011942
          ],
          [
            0.001415,
            0.001415,
            0.170648
          ]
        ],
        "Lattice": [
          [
            8.33,
            0.0,
            0.0
          ],
          [
            0.0,
            8.33,
            0.0
          ],
          [
            0.0,
            0.0,
            20.227360776
          ]
        ],
        "NumAtoms": 65,
        "Positions": [
          [
            0.0,
            0.0,
            0.0
          ],
          [
            0.0,
            4.165,
            0.0
          ],
          [
            4.165,
            0.0,
            0.0
          ],
          [
            4.165,
            4.165,
            0.0
          ],
          [
            2.0825,
            2.0825,
            0.0
          ],
          [
            2.0825,
            6.2475,
            0.0
          ],
          [
            6.2475,
            2.0825,
            0.0
          ],
          [
            6.2475,
            6.2475,
            0.0
          ],
          [
            0.0,
            2.0825,
            2.0825
          ],
          [
            0.0,
            6.2475,
            2.0825
          ],
          [
            4.165,
            2.0825,
            2.0825
          ],
          [
            4.165,
            6.2475,
            2.0825
          ],
          [
            2.0825,
            0.0,
            2.0825
          ],
          [
            2.0825,
            4.165,
            2.0825
          ],
          [
            6.2475,
            0.0,
            2.0825
          ],
          [
            6.2475,
            4.165,
            2.0825
          ],
          [
            -0.00755,
            -0.00481,
            4.17635
          ],
          [
            -0.02946,
            4.16412,
            4.1631
          ],
          [
            4.16483,
            8.32742,
            4.17486
          ],
          [
            4.18681,
            4.16064,
            4.16407
          ],
          [
            2.07992,
            2.08233,
            4.17486
          ],
          [
            2.07769,
            6.23995,
            4.17635
          ],
          [
            6.24314,
            2.10431,
            4.16407
          ],
          [
            6.24662,
            6.21804,
            4.1631
          ],
          [
            0.00765,
            2.05338,
            6.20548
          ],
          [
            0.00486,
            6.25236,
            6.22295
          ],
          [
            4.13816,
            2.05566,
            6.21658
          ],
          [
            4.13588,
            6.25515,
            6.20548
          ],
          [
            2.07116,
            8.31866,
            6.2256
          ],
          [
            2.07201,
            4.15435,
            6.22526
          ],
          [
            6.23685,
            8.31951,
            6.22526
          ],
          [
            6.24074,
            4.15824,
            6.81543
          ],
          [
            2.0825,
            0.0,
            0.0
          ],
          [
            2.0825,
            4.165,
            0.0
          ],
          [
            6.2475,
            0.0,
            0.0
          ],
          [
            6.2475,
            4.165,
            0.0
          ],
          [
            0.0,
            2.0825,
            0.0
          ],
          [
            0.0,
            6.2475,
            0.0
          ],
          [
            4.165,
            2.0825,
            0.0
          ],
          [
            4.165,
            6.2475,
            0.0
          ],
          [
            2.0825,
            2.0825,
            2.0825
          ],
          [
            2.0825,
            6.2475,
            2.0825
          ],
          [
            6.2475,
            2.0825,
            2.0825
          ],
          [
            6.2475,
            6.2475,
            2.0825
          ],
          [
            0.0,
            0.0,
            2.0825
          ],
          [
            0.0,
            4.165,
            2.0825
          ],
          [
            4.165,
            0.0,
            2.0825
          ],
          [
            4.165,
            4.165,
            2.0825
          ],
          [
            2.07968,
            -0.00282,
            4.17711
          ],
          [
            2.07979,
            4.16165,
            4.18456
          ],
          [
            6.24415,
            -0.00271,
            4.18456
          ],
          [
            6.24377,
            4.16127,
            4.149
          ],
          [
            -0.0029,
            2.08008,
            4.15949
          ],
          [
            -0.00275,
            6.24475,
            4.15704
          ],
          [
            4.16243,
            2.07993,
            4.15877
          ],
          [
            4.16258,
            6.2446,
            4.15949
          ],
          [
            2.06859,
            2.08644,
            6.25723
          ],
          [
            2.08102,
            6.22601,
            6.25801
          ],
          [
            6.23987,
            2.11206,
            6.24601
          ],
          [
            6.23176,
            6.20331,
            6.24387
          ],
          [
            8.30851,
            -0.00148,
            6.25801
          ],
          [
            -0.04419,
            4.14926,
            6.24387
          ],
          [
            4.16894,
            -0.01391,
            6.25723
          ],
          [
            4.19456,
            4.15737,
            6.24601
          ],
          [
            6.24611,
            4.16361,
            8.48679
          ]
        ],
        "Stress": [
          [
            -53.44981,
            -0.37586,
            -0.10772
          ],
          [
            -0.37586,
            -53.44981,
            -0.10746
          ],
          [
            -0.10772,
            -0.10746,
            -25.75825
          ]
        ],
        "computation_code": "VASP",
        "pseudopotential_information": [
          [
            "PAW_PBE",
            "Ni",
            "02Aug2007"
          ],
          [
            "PAW_PBE",
            "Mo_sv",
            "02Feb2006"
          ],
          [
            "PAW_PBE",
            "O",
            "08Apr2002"
          ]
        ]
      }
    ],
    "EnergyStyle": "electronvolt",
    "ForcesStyle": "electronvoltperangstrom",
    "LatticeStyle": "angstrom",
    "PositionsStyle": "angstrom",
    "StressStyle": "kB"
  }
}