{
  "Dataset": {
    "AtomTypeStyle": "chemicalsymbol",
    "Data": [
      {
        "AtomTypes": [
          "Ni",
          "Ni",
          "Ni",
          "Ni",
          "Ni",
          "Ni",
          "Ni",
          "Ni",
          "Ni",
          "Ni",
          "Ni",
          "Ni",
          "Ni",
          "Ni",
          "Ni",
          "Ni",
          "Ni",
          "Ni",
          "Ni",
          "Ni",
          "Ni",
          "Ni",
          "Ni",
          "Mo",
          "Ni",
          "Ni",
          "Ni",
          "Ni",
          "Ni",
          "Ni",
          "Ni",
          "Ni",
          "O",
          "O",
          "O",
          "O",
          "O",
          "O",
          "O",
          "O",
          "O",
          "O",
          "O",
          "O",
          "O",
          "O",
          "O",
          "O",
          "O",
          "O",
          "O",
          "O",
          "O",
          "O",
          "O",
          "O",
          "O",
          "O",
          "O",
          "O",
          "O",
          "O",
          "O"
        ],
        "Energy": -335.75383084,
        "Forces": [
          [
            0.011729,
            0.064574,
            0.342336
          ],
          [
            0.045683,
            -0.032183,
            0.338182
          ],
          [
            0.00431,
            0.06631,
            0.342683
          ],
          [
            -0.016448,
            -0.039868,
            0.32598
          ],
          [
            0.007052,
            -0.006799,
            0.354905
          ],
          [
            -0.001621,
            0.03414,
            0.335748
          ],
          [
            0.023383,
            -0.044926,
            0.344108
          ],
          [
            0.031822,
            0.078931,
            0.135751
          ],
          [
            0.003616,
            -0.017003,
            -0.1017
          ],
          [
            0.321783,
            0.009842,
            -0.295593
          ],
          [
            0.023137,
            -0.074778,
            -0.047674
          ],
          [
            -0.368937,
            0.032881,
            -0.278766
          ],
          [
            -0.060707,
            0.034737,
            0.014731
          ],
          [
            -0.008022,
            -0.039838,
            -0.071354
          ],
          [
            0.03814,
            0.013904,
            0.250728
          ],
          [
            0.015384,
            -0.322871,
            0.004614
          ],
          [
            0.01541,
            0.011275,
            0.001666
          ],
          [
            -0.048601,
            0.002596,
            0.016636
          ],
          [
            -0.014806,
            -0.005294,
            0.008571
          ],
          [
            0.044075,
            0.017697,
            0.031349
          ],
          [
            -0.012025,
            0.000431,
            0.054364
          ],
          [
            0.004445,
            0.019051,
            0.045557
          ],
          [
            -0.002418,
            -0.028082,
            -0.023755
          ],
          [
            -0.028242,
            -0.022514,
            0.135031
          ],
          [
            0.016889,
            0.008928,
            -0.023133
          ],
          [
            -0.014965,
            0.003506,
            -0.037653
          ],
          [
            -0.030431,
            0.004033,
            -0.038417
          ],
          [
            0.024717,
            -0.013736,
            -0.010957
          ],
          [
            -0.009042,
            -0.000163,
            0.01431
          ],
          [
            0.009995,
            -0.015334,
            -0.000413
          ],
          [
            -0.005619,
            0.008927,
            -0.019061
          ],
          [
            -0.01495,
            0.024378,
            -0.041381
          ],
          [
            0.017416,
            -0.035367,
            -0.209365
          ],
          [
            0.007746,
            0.032533,
            -0.193421
          ],
          [
            -0.014235,
            -0.030059,
            -0.29424
          ],
          [
            -0.009601,
            0.087999,
            -0.14019
          ],
          [
            -0.007848,
            0.030905,
            -0.186497
          ],
          [
            -0.075475,
            -0.02975,
            -0.135533
          ],
          [
            0.006114,
            0.02621,
            -0.186078
          ],
          [
            0.075341,
            -0.029333,
            -0.104392
          ],
          [
            0.007391,
            0.031873,
            -0.062652
          ],
          [
            0.047886,
            -0.050811,
            0.023887
          ],
          [
            -0.009514,
            0.007163,
            0.080577
          ],
          [
            0.019941,
            0.167295,
            -0.197411
          ],
          [
            -0.049168,
            -0.084477,
            -0.127253
          ],
          [
            -0.060051,
            0.095105,
            -0.011472
          ],
          [
            0.067175,
            -0.138528,
            -0.013306
          ],
          [
            0.057683,
            0.130627,
            0.039901
          ],
          [
            0.004356,
            0.001867,
            -0.038097
          ],
          [
            -0.02355,
            0.002786,
            -0.059831
          ],
          [
            0.000507,
            0.027605,
            -0.038735
          ],
          [
            0.011464,
            -0.010782,
            -0.007513
          ],
          [
            -0.026349,
            0.01836,
            -0.019829
          ],
          [
            -0.00946,
            -0.024244,
            -0.026281
          ],
          [
            0.021384,
            0.01681,
            -0.026634
          ],
          [
            -0.013795,
            -0.006062,
            -0.021912
          ],
          [
            0.001846,
            0.00263,
            0.001446
          ],
          [
            0.004829,
            -0.029235,
            -0.031012
          ],
          [
            -0.02317,
            0.013376,
            -0.013041
          ],
          [
            -0.001294,
            -0.011791,
            -0.014656
          ],
          [
            -0.002192,
            -0.019325,
            -0.02036
          ],
          [
            0.004838,
            0.019095,
            -0.007136
          ],
          [
            -0.034949,
            0.014773,
            -0.066357
          ]
        ],
        "Lattice": [
          [
            8.33,
            0.0,
            0.0
          ],
          [
            0.0,
            8.33,
            0.0
          ],
          [
            0.0,
            0.0,
            20.227360776
          ]
        ],
        "NumAtoms": 63,
        "Positions": [
          [
            0.0,
            0.0,
            0.0
          ],
          [
            0.0,
            4.165,
            0.0
          ],
          [
            4.165,
            0.0,
            0.0
          ],
          [
            4.165,
            4.165,
            0.0
          ],
          [
            2.0825,
            2.0825,
            0.0
          ],
          [
            2.0825,
            6.2475,
            0.0
          ],
          [
            6.2475,
            2.0825,
            0.0
          ],
          [
            6.2475,
            6.2475,
            0.0
          ],
          [
            0.0,
            2.0825,
            2.0825
          ],
          [
            0.0,
            6.2475,
            2.0825
          ],
          [
            4.165,
            2.0825,
            2.0825
          ],
          [
            4.165,
            6.2475,
            2.0825
          ],
          [
            2.0825,
            0.0,
            2.0825
          ],
          [
            2.0825,
            4.165,
            2.0825
          ],
          [
            6.2475,
            0.0,
            2.0825
          ],
          [
            6.2475,
            4.165,
            2.0825
          ],
          [
            -0.08737,
            0.04019,
            4.18698
          ],
          [
            0.00713,
            4.14683,
            4.19363
          ],
          [
            4.17891,
            0.00588,
            4.21568
          ],
          [
            4.16644,
            4.12994,
            4.1938
          ],
          [
            2.08483,
            2.06727,
            4.17774
          ],
          [
            2.065,
            6.26091,
            4.18738
          ],
          [
            6.26491,
            1.93216,
            4.17595
          ],
          [
            6.22271,
            6.46201,
            4.20729
          ],
          [
            8.30432,
            2.04754,
            6.23874
          ],
          [
            0.00803,
            6.25298,
            6.28598
          ],
          [
            4.16843,
            2.0465,
            6.24179
          ],
          [
            4.11164,
            6.24367,
            6.29964
          ],
          [
            2.0604,
            0.00078,
            6.21316
          ],
          [
            2.0669,
            4.14065,
            6.22764
          ],
          [
            6.22278,
            -0.02614,
            6.12537
          ],
          [
            6.23697,
            4.11961,
            6.23483
          ],
          [
            2.0825,
            0.0,
            0.0
          ],
          [
            2.0825,
            4.165,
            0.0
          ],
          [
            6.2475,
            0.0,
            0.0
          ],
          [
            6.2475,
            4.165,
            0.0
          ],
          [
            0.0,
            2.0825,
            0.0
          ],
          [
            0.0,
            6.2475,
            0.0
          ],
          [
            4.165,
            2.0825,
            0.0
          ],
          [
            4.165,
            6.2475,
            0.0
          ],
          [
            2.0825,
            2.0825,
            2.0825
          ],
          [
            2.0825,
            6.2475,
            2.0825
          ],
          [
            6.2475,
            2.0825,
            2.0825
          ],
          [
            6.2475,
            6.2475,
            2.0825
          ],
          [
            0.0,
            0.0,
            2.0825
          ],
          [
            0.0,
            4.165,
            2.0825
          ],
          [
            4.165,
            0.0,
            2.0825
          ],
          [
            4.165,
            4.165,
            2.0825
          ],
          [
            2.05616,
            -0.00343,
            4.14954
          ],
          [
            2.09465,
            4.17028,
            4.1631
          ],
          [
            6.24954,
            4.27841,
            4.16728
          ],
          [
            8.32387,
            2.09458,
            4.16298
          ],
          [
            -0.00245,
            6.23112,
            4.17457
          ],
          [
            4.18715,
            2.07283,
            4.16628
          ],
          [
            4.14694,
            6.27023,
            4.20645
          ],
          [
            2.07539,
            2.0899,
            6.24924
          ],
          [
            2.05582,
            6.21719,
            6.25981
          ],
          [
            6.24036,
            2.09937,
            6.21994
          ],
          [
            0.04116,
            -0.01601,
            6.25914
          ],
          [
            -0.00635,
            4.16163,
            6.26403
          ],
          [
            4.08387,
            8.31099,
            6.27227
          ],
          [
            4.15092,
            4.15583,
            6.26006
          ],
          [
            6.23363,
            6.18301,
            6.294
          ]
        ],
        "Stress": [
          [
            -50.35608,
            0.08471,
            -0.70591
          ],
          [
            0.08471,
            -53.67659,
            -0.32671
          ],
          [
            -0.70591,
            -0.32671,
            -26.80431
          ]
        ],
        "computation_code": "VASP",
        "pseudopotential_information": [
          [
            "PAW_PBE",
            "Ni",
            "02Aug2007"
          ],
          [
            "PAW_PBE",
            "Mo_sv",
            "02Feb2006"
          ],
          [
            "PAW_PBE",
            "O",
            "08Apr2002"
          ]
        ]
      }
    ],
    "EnergyStyle": "electronvolt",
    "ForcesStyle": "electronvoltperangstrom",
    "LatticeStyle": "angstrom",
    "PositionsStyle": "angstrom",
    "StressStyle": "kB"
  }
}