{
  "Dataset": {
    "AtomTypeStyle": "chemicalsymbol",
    "Data": [
      {
        "AtomTypes": [
          "Ni",
          "Ni",
          "Ni",
          "Ni",
          "Ni",
          "Ni",
          "Ni",
          "Ni",
          "Ni",
          "Ni",
          "Ni",
          "Ni",
          "Ni",
          "Ni",
          "Ni",
          "Ni",
          "Ni",
          "Ni",
          "Ni",
          "Ni",
          "Ni",
          "Ni",
          "Ni",
          "Ni",
          "Ni",
          "Ni",
          "Ni",
          "Ni",
          "Ni",
          "Ni",
          "Ni",
          "Mo",
          "O",
          "O",
          "O",
          "O",
          "O",
          "O",
          "O",
          "O",
          "O",
          "O",
          "O",
          "O",
          "O",
          "O",
          "O",
          "O",
          "O",
          "O",
          "O",
          "O",
          "O",
          "O",
          "O",
          "O",
          "O",
          "O",
          "O",
          "O",
          "O",
          "O",
          "O",
          "O"
        ],
        "Energy": -344.07665279,
        "Forces": [
          [
            0.003839,
            0.015003,
            0.30201
          ],
          [
            -0.025137,
            0.011347,
            0.286301
          ],
          [
            0.024416,
            0.007571,
            0.301069
          ],
          [
            0.041904,
            0.019304,
            0.314628
          ],
          [
            0.007571,
            0.024416,
            0.301069
          ],
          [
            0.015003,
            0.003839,
            0.30201
          ],
          [
            0.019304,
            0.041904,
            0.314628
          ],
          [
            0.011347,
            -0.025137,
            0.286301
          ],
          [
            -0.037191,
            0.013677,
            -0.278423
          ],
          [
            -0.012682,
            -0.012682,
            -0.106642
          ],
          [
            0.012137,
            0.012137,
            -0.093874
          ],
          [
            0.013677,
            -0.037191,
            -0.278423
          ],
          [
            -0.00634,
            -0.00634,
            -0.176115
          ],
          [
            0.007189,
            -0.006559,
            -0.222754
          ],
          [
            -0.006559,
            0.007189,
            -0.222754
          ],
          [
            -0.020409,
            -0.020409,
            -0.131465
          ],
          [
            -0.036166,
            -0.114293,
            0.028504
          ],
          [
            -0.348871,
            0.093015,
            0.140588
          ],
          [
            0.01742,
            0.108599,
            0.024157
          ],
          [
            0.335944,
            -0.118845,
            0.166189
          ],
          [
            0.108599,
            0.01742,
            0.024157
          ],
          [
            -0.114293,
            -0.036166,
            0.028504
          ],
          [
            -0.118845,
            0.335944,
            0.166189
          ],
          [
            0.093015,
            -0.348871,
            0.140588
          ],
          [
            0.013609,
            -0.006423,
            -0.667109
          ],
          [
            -0.111313,
            -0.111313,
            -0.037021
          ],
          [
            0.105414,
            0.105414,
            -0.01189
          ],
          [
            -0.006423,
            0.013609,
            -0.667109
          ],
          [
            0.012634,
            0.012634,
            0.018074
          ],
          [
            0.012373,
            0.003001,
            0.115957
          ],
          [
            0.003001,
            0.012373,
            0.115957
          ],
          [
            0.031957,
            0.031957,
            0.834792
          ],
          [
            0.001097,
            0.001097,
            -0.141142
          ],
          [
            0.004411,
            -0.001372,
            -0.144201
          ],
          [
            -0.001372,
            0.004411,
            -0.144201
          ],
          [
            -0.001679,
            -0.001679,
            -0.247427
          ],
          [
            0.016426,
            -0.020516,
            -0.158602
          ],
          [
            0.019903,
            0.019903,
            -0.13593
          ],
          [
            -0.016779,
            -0.016779,
            -0.150447
          ],
          [
            -0.020516,
            0.016426,
            -0.158602
          ],
          [
            0.024535,
            -0.023328,
            0.047925
          ],
          [
            -0.047507,
            0.001792,
            0.043239
          ],
          [
            -0.055807,
            -0.086886,
            -0.089877
          ],
          [
            0.039366,
            0.064488,
            -0.021505
          ],
          [
            0.001792,
            -0.047507,
            0.043239
          ],
          [
            0.064488,
            0.039366,
            -0.021505
          ],
          [
            -0.023328,
            0.024535,
            0.047925
          ],
          [
            -0.086886,
            -0.055807,
            -0.089877
          ],
          [
            -0.006173,
            -0.006173,
            -0.060896
          ],
          [
            -0.017281,
            0.005619,
            -0.16052
          ],
          [
            0.005619,
            -0.017281,
            -0.16052
          ],
          [
            0.028669,
            0.028669,
            -0.177859
          ],
          [
            0.134168,
            -0.123836,
            0.487468
          ],
          [
            0.103156,
            0.103156,
            -0.109732
          ],
          [
            -0.132663,
            -0.132663,
            -0.130596
          ],
          [
            -0.123836,
            0.134168,
            0.487468
          ],
          [
            -0.145017,
            -0.20854,
            0.039928
          ],
          [
            0.173715,
            0.223646,
            0.041544
          ],
          [
            0.122823,
            0.102242,
            -0.110503
          ],
          [
            -0.105959,
            -0.118834,
            -0.05693
          ],
          [
            0.223646,
            0.173715,
            0.041544
          ],
          [
            -0.118834,
            -0.105959,
            -0.05693
          ],
          [
            -0.20854,
            -0.145017,
            0.039928
          ],
          [
            0.102242,
            0.122823,
            -0.110503
          ]
        ],
        "Lattice": [
          [
            8.33,
            0.0,
            0.0
          ],
          [
            0.0,
            8.33,
            0.0
          ],
          [
            0.0,
            0.0,
            20.227360776
          ]
        ],
        "NumAtoms": 64,
        "Positions": [
          [
            0.0,
            0.0,
            0.0
          ],
          [
            0.0,
            4.165,
            0.0
          ],
          [
            4.165,
            0.0,
            0.0
          ],
          [
            4.165,
            4.165,
            0.0
          ],
          [
            2.0825,
            2.0825,
            0.0
          ],
          [
            2.0825,
            6.2475,
            0.0
          ],
          [
            6.2475,
            2.0825,
            0.0
          ],
          [
            6.2475,
            6.2475,
            0.0
          ],
          [
            0.0,
            2.0825,
            2.0825
          ],
          [
            0.0,
            6.2475,
            2.0825
          ],
          [
            4.165,
            2.0825,
            2.0825
          ],
          [
            4.165,
            6.2475,
            2.0825
          ],
          [
            2.0825,
            0.0,
            2.0825
          ],
          [
            2.0825,
            4.165,
            2.0825
          ],
          [
            6.2475,
            0.0,
            2.0825
          ],
          [
            6.2475,
            4.165,
            2.0825
          ],
          [
            0.00125,
            0.01221,
            4.1755
          ],
          [
            0.02683,
            4.15452,
            4.15493
          ],
          [
            4.15754,
            8.31091,
            4.17595
          ],
          [
            4.12647,
            4.16903,
            4.15972
          ],
          [
            2.06341,
            2.07504,
            4.17595
          ],
          [
            2.09471,
            6.24875,
            4.1755
          ],
          [
            6.25153,
            2.04397,
            4.15972
          ],
          [
            6.23702,
            6.27433,
            4.15493
          ],
          [
            0.01118,
            2.04832,
            6.33822
          ],
          [
            0.0272,
            6.2747,
            6.24593
          ],
          [
            4.11229,
            2.02979,
            6.24247
          ],
          [
            4.13082,
            6.25868,
            6.33822
          ],
          [
            2.06735,
            8.31485,
            6.22382
          ],
          [
            2.06842,
            4.15113,
            6.22439
          ],
          [
            6.23363,
            8.31592,
            6.22439
          ],
          [
            6.23017,
            4.14767,
            6.38334
          ],
          [
            2.0825,
            0.0,
            0.0
          ],
          [
            2.0825,
            4.165,
            0.0
          ],
          [
            6.2475,
            0.0,
            0.0
          ],
          [
            6.2475,
            4.165,
            0.0
          ],
          [
            0.0,
            2.0825,
            0.0
          ],
          [
            0.0,
            6.2475,
            0.0
          ],
          [
            4.165,
            2.0825,
            0.0
          ],
          [
            4.165,
            6.2475,
            0.0
          ],
          [
            2.0825,
            2.0825,
            2.0825
          ],
          [
            2.0825,
            6.2475,
            2.0825
          ],
          [
            6.2475,
            2.0825,
            2.0825
          ],
          [
            6.2475,
            6.2475,
            2.0825
          ],
          [
            0.0,
            0.0,
            2.0825
          ],
          [
            0.0,
            4.165,
            2.0825
          ],
          [
            4.165,
            0.0,
            2.0825
          ],
          [
            4.165,
            4.165,
            2.0825
          ],
          [
            2.08098,
            -0.00152,
            4.18013
          ],
          [
            2.07907,
            4.1611,
            4.17993
          ],
          [
            6.2436,
            -0.00343,
            4.17993
          ],
          [
            6.24612,
            4.16361,
            4.16869
          ],
          [
            8.31255,
            2.09093,
            4.13907
          ],
          [
            8.32245,
            6.23995,
            4.19177
          ],
          [
            4.17081,
            2.08831,
            4.19208
          ],
          [
            4.17343,
            6.23005,
            4.13907
          ],
          [
            2.06873,
            2.07832,
            6.26571
          ],
          [
            2.07156,
            6.22749,
            6.26678
          ],
          [
            6.22167,
            2.017,
            6.27261
          ],
          [
            6.25129,
            6.29497,
            6.27413
          ],
          [
            8.30999,
            -0.01094,
            6.26678
          ],
          [
            0.04747,
            4.16879,
            6.27413
          ],
          [
            4.16082,
            8.31623,
            6.26571
          ],
          [
            4.0995,
            4.13917,
            6.27261
          ]
        ],
        "Stress": [
          [
            -49.36057,
            -0.07504,
            0.07885
          ],
          [
            -0.07504,
            -49.36057,
            0.07946
          ],
          [
            0.07885,
            0.07946,
            -26.34534
          ]
        ],
        "computation_code": "VASP",
        "pseudopotential_information": [
          [
            "PAW_PBE",
            "Ni",
            "02Aug2007"
          ],
          [
            "PAW_PBE",
            "Mo_sv",
            "02Feb2006"
          ],
          [
            "PAW_PBE",
            "O",
            "08Apr2002"
          ]
        ]
      }
    ],
    "EnergyStyle": "electronvolt",
    "ForcesStyle": "electronvoltperangstrom",
    "LatticeStyle": "angstrom",
    "PositionsStyle": "angstrom",
    "StressStyle": "kB"
  }
}