{
  "Dataset": {
    "AtomTypeStyle": "chemicalsymbol",
    "Data": [
      {
        "AtomTypes": [
          "Ni",
          "Ni",
          "Ni",
          "Ni",
          "Ni",
          "Ni",
          "Ni",
          "Ni",
          "Ni",
          "Ni",
          "Ni",
          "Ni",
          "Ni",
          "Ni",
          "Ni",
          "Ni",
          "Ni",
          "Ni",
          "Ni",
          "Ni",
          "Ni",
          "Ni",
          "Ni",
          "Ni",
          "Ni",
          "Ni",
          "Ni",
          "Ni",
          "Ni",
          "Ni",
          "Ni",
          "Mo",
          "O",
          "O",
          "O",
          "O",
          "O",
          "O",
          "O",
          "O",
          "O",
          "O",
          "O",
          "O",
          "O",
          "O",
          "O",
          "O",
          "O",
          "O",
          "O",
          "O",
          "O",
          "O",
          "O",
          "O",
          "O",
          "O",
          "O",
          "O",
          "O",
          "O",
          "O",
          "O",
          "O"
        ],
        "Energy": -353.71373718,
        "Forces": [
          [
            0.012982,
            0.01161,
            0.318101
          ],
          [
            0.006075,
            0.015396,
            0.314713
          ],
          [
            0.015355,
            0.013035,
            0.312205
          ],
          [
            0.021441,
            0.01454,
            0.318263
          ],
          [
            0.013035,
            0.015355,
            0.312205
          ],
          [
            0.01161,
            0.012982,
            0.318101
          ],
          [
            0.01454,
            0.021441,
            0.318263
          ],
          [
            0.015396,
            0.006075,
            0.314713
          ],
          [
            -0.003928,
            -0.009457,
            -0.179703
          ],
          [
            -0.001569,
            -0.001569,
            -0.180909
          ],
          [
            -0.005101,
            -0.005101,
            -0.179323
          ],
          [
            -0.009457,
            -0.003928,
            -0.179703
          ],
          [
            -0.0107,
            -0.0107,
            -0.141564
          ],
          [
            -0.008682,
            -0.001975,
            -0.119302
          ],
          [
            -0.001975,
            -0.008682,
            -0.119302
          ],
          [
            -0.002433,
            -0.002433,
            -0.123672
          ],
          [
            -0.003207,
            -0.003027,
            0.008122
          ],
          [
            -0.000351,
            0.002842,
            0.006871
          ],
          [
            0.005609,
            -0.001477,
            0.009544
          ],
          [
            0.001121,
            0.003237,
            0.005107
          ],
          [
            -0.001477,
            0.005609,
            0.009544
          ],
          [
            -0.003027,
            -0.003207,
            0.008122
          ],
          [
            0.003237,
            0.001121,
            0.005107
          ],
          [
            0.002842,
            -0.000351,
            0.006871
          ],
          [
            0.009882,
            -0.004002,
            0.004057
          ],
          [
            -0.009335,
            -0.009335,
            0.011002
          ],
          [
            0.00326,
            0.00326,
            -0.007312
          ],
          [
            -0.004002,
            0.009882,
            0.004057
          ],
          [
            -0.002771,
            -0.002771,
            0.008887
          ],
          [
            0.000867,
            0.004356,
            0.012293
          ],
          [
            0.004356,
            0.000867,
            0.012293
          ],
          [
            0.013386,
            0.013386,
            -0.086232
          ],
          [
            0.000789,
            0.000789,
            -0.155174
          ],
          [
            0.001777,
            -0.001861,
            -0.154602
          ],
          [
            -0.001861,
            0.001777,
            -0.154602
          ],
          [
            -0.002734,
            -0.002734,
            -0.182039
          ],
          [
            0.0014,
            -0.00329,
            -0.165938
          ],
          [
            0.002222,
            0.002222,
            -0.171407
          ],
          [
            -0.002753,
            -0.002753,
            -0.167101
          ],
          [
            -0.00329,
            0.0014,
            -0.165938
          ],
          [
            -0.016252,
            -0.005286,
            -0.008501
          ],
          [
            0.002955,
            -0.01632,
            -0.01258
          ],
          [
            -0.008523,
            -0.089535,
            -0.032925
          ],
          [
            -0.025201,
            0.068149,
            -0.030439
          ],
          [
            -0.01632,
            0.002955,
            -0.01258
          ],
          [
            0.068149,
            -0.025201,
            -0.030439
          ],
          [
            -0.005286,
            -0.016252,
            -0.008501
          ],
          [
            -0.089535,
            -0.008523,
            -0.032925
          ],
          [
            -0.000441,
            -0.000441,
            0.020716
          ],
          [
            0.001921,
            0.000625,
            0.00612
          ],
          [
            0.000625,
            0.001921,
            0.00612
          ],
          [
            -0.000218,
            -0.000218,
            0.009056
          ],
          [
            0.006447,
            -0.005669,
            0.004419
          ],
          [
            -0.00068,
            -0.00068,
            -0.011354
          ],
          [
            0.002131,
            0.002131,
            -0.002915
          ],
          [
            -0.005669,
            0.006447,
            0.004419
          ],
          [
            0.003174,
            -0.003057,
            0.005609
          ],
          [
            0.013104,
            0.004511,
            0.005832
          ],
          [
            0.000898,
            -0.001235,
            0.008891
          ],
          [
            -0.015757,
            0.001697,
            0.00809
          ],
          [
            0.004511,
            0.013104,
            0.005832
          ],
          [
            0.001697,
            -0.015757,
            0.00809
          ],
          [
            -0.003057,
            0.003174,
            0.005609
          ],
          [
            -0.001235,
            0.000898,
            0.008891
          ],
          [
            3.1e-05,
            3.1e-05,
            0.070845
          ]
        ],
        "Lattice": [
          [
            8.33,
            0.0,
            0.0
          ],
          [
            0.0,
            8.33,
            0.0
          ],
          [
            0.0,
            0.0,
            20.227360776
          ]
        ],
        "NumAtoms": 65,
        "Positions": [
          [
            0.0,
            0.0,
            0.0
          ],
          [
            0.0,
            4.165,
            0.0
          ],
          [
            4.165,
            0.0,
            0.0
          ],
          [
            4.165,
            4.165,
            0.0
          ],
          [
            2.0825,
            2.0825,
            0.0
          ],
          [
            2.0825,
            6.2475,
            0.0
          ],
          [
            6.2475,
            2.0825,
            0.0
          ],
          [
            6.2475,
            6.2475,
            0.0
          ],
          [
            0.0,
            2.0825,
            2.0825
          ],
          [
            0.0,
            6.2475,
            2.0825
          ],
          [
            4.165,
            2.0825,
            2.0825
          ],
          [
            4.165,
            6.2475,
            2.0825
          ],
          [
            2.0825,
            0.0,
            2.0825
          ],
          [
            2.0825,
            4.165,
            2.0825
          ],
          [
            6.2475,
            0.0,
            2.0825
          ],
          [
            6.2475,
            4.165,
            2.0825
          ],
          [
            -0.00659,
            -0.00617,
            4.17346
          ],
          [
            -0.0289,
            4.16409,
            4.16514
          ],
          [
            4.16466,
            8.32836,
            4.1716
          ],
          [
            4.18715,
            4.16168,
            4.1653
          ],
          [
            2.08086,
            2.08216,
            4.1716
          ],
          [
            2.07633,
            6.24091,
            4.17346
          ],
          [
            6.24418,
            2.10465,
            4.1653
          ],
          [
            6.24659,
            6.2186,
            4.16514
          ],
          [
            0.00863,
            2.05262,
            6.20682
          ],
          [
            0.00432,
            6.25182,
            6.22813
          ],
          [
            4.13901,
            2.05651,
            6.21893
          ],
          [
            4.13512,
            6.25613,
            6.20682
          ],
          [
            2.07028,
            8.31778,
            6.22646
          ],
          [
            2.07219,
            4.1552,
            6.22861
          ],
          [
            6.2377,
            8.31969,
            6.22861
          ],
          [
            6.24188,
            4.15938,
            6.81571
          ],
          [
            2.0825,
            0.0,
            0.0
          ],
          [
            2.0825,
            4.165,
            0.0
          ],
          [
            6.2475,
            0.0,
            0.0
          ],
          [
            6.2475,
            4.165,
            0.0
          ],
          [
            0.0,
            2.0825,
            0.0
          ],
          [
            0.0,
            6.2475,
            0.0
          ],
          [
            4.165,
            2.0825,
            0.0
          ],
          [
            4.165,
            6.2475,
            0.0
          ],
          [
            2.0825,
            2.0825,
            2.0825
          ],
          [
            2.0825,
            6.2475,
            2.0825
          ],
          [
            6.2475,
            2.0825,
            2.0825
          ],
          [
            6.2475,
            6.2475,
            2.0825
          ],
          [
            0.0,
            0.0,
            2.0825
          ],
          [
            0.0,
            4.165,
            2.0825
          ],
          [
            4.165,
            0.0,
            2.0825
          ],
          [
            4.165,
            4.165,
            2.0825
          ],
          [
            2.0803,
            -0.0022,
            4.1752
          ],
          [
            2.08051,
            4.16225,
            4.18582
          ],
          [
            6.24475,
            -0.00199,
            4.18582
          ],
          [
            6.24367,
            4.16117,
            4.15698
          ],
          [
            -0.00334,
            2.08094,
            4.16292
          ],
          [
            -0.0027,
            6.2448,
            4.1567
          ],
          [
            4.16246,
            2.07996,
            4.16039
          ],
          [
            4.16344,
            6.24416,
            4.16292
          ],
          [
            2.07029,
            2.08884,
            6.25866
          ],
          [
            2.08113,
            6.22354,
            6.25973
          ],
          [
            6.24159,
            2.11554,
            6.24916
          ],
          [
            6.22873,
            6.19991,
            6.24622
          ],
          [
            8.30604,
            -0.00137,
            6.25973
          ],
          [
            -0.04759,
            4.14622,
            6.24622
          ],
          [
            4.17134,
            -0.01221,
            6.25866
          ],
          [
            4.19804,
            4.15909,
            6.24916
          ],
          [
            6.24628,
            4.16378,
            8.48936
          ]
        ],
        "Stress": [
          [
            -53.85214,
            -0.41388,
            -0.11488
          ],
          [
            -0.41388,
            -53.85214,
            -0.11468
          ],
          [
            -0.11488,
            -0.11468,
            -26.53817
          ]
        ],
        "computation_code": "VASP",
        "pseudopotential_information": [
          [
            "PAW_PBE",
            "Ni",
            "02Aug2007"
          ],
          [
            "PAW_PBE",
            "Mo_sv",
            "02Feb2006"
          ],
          [
            "PAW_PBE",
            "O",
            "08Apr2002"
          ]
        ]
      }
    ],
    "EnergyStyle": "electronvolt",
    "ForcesStyle": "electronvoltperangstrom",
    "LatticeStyle": "angstrom",
    "PositionsStyle": "angstrom",
    "StressStyle": "kB"
  }
}