{
  "Dataset": {
    "AtomTypeStyle": "chemicalsymbol",
    "Data": [
      {
        "AtomTypes": [
          "Ni",
          "Ni",
          "Ni",
          "Ni",
          "Ni",
          "Ni",
          "Ni",
          "Ni",
          "Ni",
          "Ni",
          "Ni",
          "Ni",
          "Ni",
          "Ni",
          "Ni",
          "Ni",
          "Ni",
          "Ni",
          "Ni",
          "Ni",
          "Ni",
          "Ni",
          "Ni",
          "W",
          "Ni",
          "Ni",
          "Ni",
          "Ni",
          "Ni",
          "Ni",
          "Ni",
          "Ni",
          "O",
          "O",
          "O",
          "O",
          "O",
          "O",
          "O",
          "O",
          "O",
          "O",
          "O",
          "O",
          "O",
          "O",
          "O",
          "O",
          "O",
          "O",
          "O",
          "O",
          "O",
          "O",
          "O",
          "O",
          "O",
          "O",
          "O",
          "O",
          "O",
          "O",
          "O"
        ],
        "Energy": -336.99659935,
        "Forces": [
          [
            -0.003791,
            0.062817,
            0.346773
          ],
          [
            0.050346,
            -0.031614,
            0.326071
          ],
          [
            0.005771,
            0.065125,
            0.364644
          ],
          [
            -0.022385,
            -0.037492,
            0.310635
          ],
          [
            0.002352,
            -0.025067,
            0.337066
          ],
          [
            -0.000292,
            0.053623,
            0.326681
          ],
          [
            0.02605,
            -0.085091,
            0.305784
          ],
          [
            0.029562,
            0.133609,
            0.072241
          ],
          [
            0.004474,
            -0.066827,
            -0.178617
          ],
          [
            0.334555,
            0.05028,
            -1.08319
          ],
          [
            -0.0402,
            -0.141148,
            -0.134157
          ],
          [
            -0.301791,
            0.089233,
            -0.441539
          ],
          [
            0.03316,
            0.042995,
            -0.055888
          ],
          [
            -0.038209,
            -0.019739,
            -0.141791
          ],
          [
            0.162319,
            -0.093117,
            0.430389
          ],
          [
            0.008361,
            -0.203591,
            -0.113078
          ],
          [
            -0.008581,
            -0.00488,
            0.000491
          ],
          [
            -0.010886,
            0.002088,
            0.00283
          ],
          [
            -0.001035,
            0.007465,
            -0.010778
          ],
          [
            0.003844,
            0.003454,
            -0.009943
          ],
          [
            -0.007498,
            -0.006298,
            -0.004919
          ],
          [
            -0.018962,
            -0.002506,
            -0.014928
          ],
          [
            -0.012202,
            0.008713,
            -0.015201
          ],
          [
            0.034698,
            -0.026086,
            0.016544
          ],
          [
            -0.010735,
            -0.001717,
            0.004608
          ],
          [
            -0.021259,
            0.008684,
            -0.000822
          ],
          [
            -0.007287,
            -0.002739,
            0.001219
          ],
          [
            -0.008226,
            -0.005877,
            0.005933
          ],
          [
            -0.018748,
            0.005666,
            -0.003478
          ],
          [
            -0.014051,
            0.003511,
            0.000697
          ],
          [
            -0.001584,
            0.009974,
            0.000235
          ],
          [
            0.001462,
            0.007865,
            -0.007954
          ],
          [
            0.017924,
            -0.032603,
            -0.204832
          ],
          [
            0.013741,
            0.029078,
            -0.177156
          ],
          [
            -0.026961,
            -0.023971,
            -0.36055
          ],
          [
            -0.011557,
            0.069948,
            -0.106726
          ],
          [
            -0.007552,
            0.059329,
            -0.178705
          ],
          [
            -0.069577,
            -0.06598,
            -0.129378
          ],
          [
            0.0103,
            0.057077,
            -0.175012
          ],
          [
            0.072249,
            -0.060653,
            -0.096898
          ],
          [
            0.004822,
            0.05231,
            -0.011001
          ],
          [
            0.136116,
            -0.056667,
            0.119637
          ],
          [
            -0.037243,
            0.06833,
            0.146135
          ],
          [
            -0.19094,
            0.098583,
            0.897371
          ],
          [
            0.054245,
            0.014797,
            -0.267349
          ],
          [
            -0.092207,
            0.004705,
            -0.03171
          ],
          [
            -0.033084,
            -0.121363,
            -0.141918
          ],
          [
            0.065963,
            0.098478,
            0.025987
          ],
          [
            -0.004386,
            0.002677,
            0.008614
          ],
          [
            0.003484,
            0.00164,
            0.014151
          ],
          [
            0.001133,
            0.004947,
            0.004081
          ],
          [
            -0.004914,
            0.000611,
            0.003742
          ],
          [
            -0.010826,
            -0.011887,
            0.014941
          ],
          [
            -0.009856,
            -0.000369,
            -0.001611
          ],
          [
            0.007032,
            0.008067,
            -0.006431
          ],
          [
            0.003003,
            0.003596,
            -0.001494
          ],
          [
            -0.020615,
            0.002307,
            0.006422
          ],
          [
            -0.018745,
            -0.000106,
            -0.006343
          ],
          [
            0.005614,
            0.005475,
            0.007643
          ],
          [
            -0.003763,
            -0.001345,
            0.014073
          ],
          [
            -0.004738,
            -0.010112,
            -0.007919
          ],
          [
            -0.004615,
            -0.002979,
            0.000639
          ],
          [
            0.006723,
            0.004768,
            0.005038
          ]
        ],
        "Lattice": [
          [
            8.33,
            0.0,
            0.0
          ],
          [
            0.0,
            8.33,
            0.0
          ],
          [
            0.0,
            0.0,
            20.227360776
          ]
        ],
        "NumAtoms": 63,
        "Positions": [
          [
            0.0,
            0.0,
            0.0
          ],
          [
            0.0,
            4.165,
            0.0
          ],
          [
            4.165,
            0.0,
            0.0
          ],
          [
            4.165,
            4.165,
            0.0
          ],
          [
            2.0825,
            2.0825,
            0.0
          ],
          [
            2.0825,
            6.2475,
            0.0
          ],
          [
            6.2475,
            2.0825,
            0.0
          ],
          [
            6.2475,
            6.2475,
            0.0
          ],
          [
            0.0,
            2.0825,
            2.0825
          ],
          [
            0.0,
            6.2475,
            2.0825
          ],
          [
            4.165,
            2.0825,
            2.0825
          ],
          [
            4.165,
            6.2475,
            2.0825
          ],
          [
            2.0825,
            0.0,
            2.0825
          ],
          [
            2.0825,
            4.165,
            2.0825
          ],
          [
            6.2475,
            0.0,
            2.0825
          ],
          [
            6.2475,
            4.165,
            2.0825
          ],
          [
            -0.02697,
            -0.0009,
            4.17736
          ],
          [
            -0.01002,
            4.1491,
            4.18324
          ],
          [
            4.23847,
            -0.01493,
            4.22299
          ],
          [
            4.16249,
            4.14251,
            4.18165
          ],
          [
            2.07797,
            2.06542,
            4.16852
          ],
          [
            2.07373,
            6.27566,
            4.18962
          ],
          [
            6.23759,
            1.86078,
            4.1435
          ],
          [
            6.31973,
            6.55206,
            4.29877
          ],
          [
            8.29203,
            2.0635,
            6.21051
          ],
          [
            -0.08548,
            6.26789,
            6.40044
          ],
          [
            4.11807,
            2.05653,
            6.21681
          ],
          [
            4.04828,
            6.24998,
            6.28406
          ],
          [
            2.01971,
            -0.00705,
            6.2081
          ],
          [
            2.01975,
            4.15908,
            6.21211
          ],
          [
            6.18809,
            0.01744,
            6.24671
          ],
          [
            6.21252,
            4.09069,
            6.19279
          ],
          [
            2.0825,
            0.0,
            0.0
          ],
          [
            2.0825,
            4.165,
            0.0
          ],
          [
            6.2475,
            0.0,
            0.0
          ],
          [
            6.2475,
            4.165,
            0.0
          ],
          [
            0.0,
            2.0825,
            0.0
          ],
          [
            0.0,
            6.2475,
            0.0
          ],
          [
            4.165,
            2.0825,
            0.0
          ],
          [
            4.165,
            6.2475,
            0.0
          ],
          [
            2.0825,
            2.0825,
            2.0825
          ],
          [
            2.0825,
            6.2475,
            2.0825
          ],
          [
            6.2475,
            2.0825,
            2.0825
          ],
          [
            6.2475,
            6.2475,
            2.0825
          ],
          [
            0.0,
            0.0,
            2.0825
          ],
          [
            0.0,
            4.165,
            2.0825
          ],
          [
            4.165,
            0.0,
            2.0825
          ],
          [
            4.165,
            4.165,
            2.0825
          ],
          [
            2.09006,
            -0.00129,
            4.15177
          ],
          [
            2.07835,
            4.18129,
            4.15568
          ],
          [
            6.24017,
            4.39656,
            4.15142
          ],
          [
            8.28695,
            2.08728,
            4.14651
          ],
          [
            8.29716,
            6.26054,
            4.04294
          ],
          [
            4.19023,
            2.07965,
            4.15693
          ],
          [
            4.24973,
            6.23632,
            4.16238
          ],
          [
            2.05868,
            2.09869,
            6.23052
          ],
          [
            2.07839,
            6.22316,
            6.22755
          ],
          [
            6.19789,
            2.07374,
            6.17568
          ],
          [
            -0.02916,
            0.04106,
            6.23637
          ],
          [
            8.26569,
            4.12244,
            6.23384
          ],
          [
            4.07123,
            8.31831,
            6.30027
          ],
          [
            4.1504,
            4.16421,
            6.24968
          ],
          [
            6.1204,
            6.28003,
            6.24109
          ]
        ],
        "Stress": [
          [
            -50.27937,
            0.29043,
            -0.66337
          ],
          [
            0.29043,
            -53.149,
            -0.29233
          ],
          [
            -0.66337,
            -0.29233,
            -25.03617
          ]
        ],
        "computation_code": "VASP",
        "pseudopotential_information": [
          [
            "PAW_PBE",
            "Ni",
            "02Aug2007"
          ],
          [
            "PAW_PBE",
            "W_sv",
            "04Sep2015"
          ],
          [
            "PAW_PBE",
            "O",
            "08Apr2002"
          ]
        ]
      }
    ],
    "EnergyStyle": "electronvolt",
    "ForcesStyle": "electronvoltperangstrom",
    "LatticeStyle": "angstrom",
    "PositionsStyle": "angstrom",
    "StressStyle": "kB"
  }
}