{
  "Dataset": {
    "AtomTypeStyle": "chemicalsymbol",
    "Data": [
      {
        "AtomTypes": [
          "Ni",
          "Ni",
          "Ni",
          "Ni",
          "Ni",
          "Ni",
          "Ni",
          "Ni",
          "Ni",
          "Ni",
          "Ni",
          "Ni",
          "Ni",
          "Ni",
          "Ni",
          "Ni",
          "Ni",
          "Ni",
          "Ni",
          "Ni",
          "Ni",
          "Ni",
          "Ni",
          "W",
          "Ni",
          "Ni",
          "Ni",
          "Ni",
          "Ni",
          "Ni",
          "Ni",
          "Ni",
          "O",
          "O",
          "O",
          "O",
          "O",
          "O",
          "O",
          "O",
          "O",
          "O",
          "O",
          "O",
          "O",
          "O",
          "O",
          "O",
          "O",
          "O",
          "O",
          "O",
          "O",
          "O",
          "O",
          "O",
          "O",
          "O",
          "O",
          "O",
          "O",
          "O",
          "O",
          "O",
          "O"
        ],
        "Energy": -350.46515062,
        "Forces": [
          [
            0.030905,
            0.050623,
            0.35239
          ],
          [
            0.039641,
            -0.026219,
            0.356484
          ],
          [
            -0.005374,
            0.062612,
            0.358734
          ],
          [
            -0.01137,
            -0.033698,
            0.346991
          ],
          [
            0.013184,
            0.008855,
            0.35979
          ],
          [
            0.003937,
            0.018288,
            0.34126
          ],
          [
            0.01519,
            0.002793,
            0.36929
          ],
          [
            0.024609,
            0.026232,
            0.145604
          ],
          [
            -0.031686,
            -0.031957,
            -0.026352
          ],
          [
            0.328693,
            -0.029719,
            -0.255785
          ],
          [
            0.012296,
            -0.006345,
            -0.035966
          ],
          [
            -0.303358,
            -0.02141,
            -0.204152
          ],
          [
            -0.018311,
            -0.002971,
            -0.089025
          ],
          [
            -0.007055,
            -0.042956,
            0.005862
          ],
          [
            -0.014521,
            0.371659,
            -1.083624
          ],
          [
            -0.011349,
            -0.26475,
            -0.480302
          ],
          [
            -0.036652,
            0.000188,
            1.9e-05
          ],
          [
            0.033841,
            0.021707,
            0.026706
          ],
          [
            0.034668,
            0.000636,
            -0.003047
          ],
          [
            -0.022104,
            -0.013199,
            0.018012
          ],
          [
            -0.017823,
            0.028473,
            -0.001791
          ],
          [
            -0.01804,
            -0.011897,
            -0.005028
          ],
          [
            0.008621,
            -0.000105,
            0.040649
          ],
          [
            0.078875,
            -0.00534,
            -0.015981
          ],
          [
            -0.007446,
            -0.002298,
            -0.053963
          ],
          [
            -0.022516,
            -0.023843,
            -0.008193
          ],
          [
            0.019891,
            0.011178,
            -0.061402
          ],
          [
            -0.034213,
            -0.009082,
            -0.040876
          ],
          [
            -0.001875,
            -0.016072,
            0.023098
          ],
          [
            -0.00816,
            0.008389,
            0.02715
          ],
          [
            0.01362,
            -0.002889,
            0.076427
          ],
          [
            -0.005696,
            -0.017583,
            -0.049925
          ],
          [
            0.009067,
            -0.027353,
            -0.215963
          ],
          [
            -0.002145,
            0.028091,
            -0.206298
          ],
          [
            -0.006085,
            -0.066121,
            -0.215963
          ],
          [
            0.001436,
            0.062899,
            -0.171794
          ],
          [
            -0.007518,
            0.012131,
            -0.190302
          ],
          [
            -0.061714,
            -0.009318,
            -0.139311
          ],
          [
            0.007301,
            0.000104,
            -0.191556
          ],
          [
            0.060475,
            0.00123,
            -0.101417
          ],
          [
            -0.021141,
            -0.005476,
            0.031112
          ],
          [
            0.045385,
            -0.046442,
            0.171184
          ],
          [
            -0.012024,
            0.127326,
            0.10345
          ],
          [
            0.006927,
            -0.061506,
            0.497359
          ],
          [
            0.061461,
            -0.120574,
            0.033467
          ],
          [
            -0.013826,
            0.067957,
            0.091319
          ],
          [
            -0.123498,
            -0.155111,
            0.0378
          ],
          [
            -0.003246,
            0.133648,
            0.116376
          ],
          [
            0.008855,
            -0.021413,
            0.042591
          ],
          [
            0.008529,
            0.020961,
            -0.048177
          ],
          [
            -0.00027,
            0.01156,
            0.039383
          ],
          [
            0.001984,
            -0.016397,
            0.01877
          ],
          [
            0.01936,
            0.003014,
            -0.080011
          ],
          [
            0.005331,
            0.000125,
            0.007128
          ],
          [
            -0.034723,
            0.006077,
            -0.022129
          ],
          [
            -0.044541,
            0.00021,
            -0.015453
          ],
          [
            -0.031026,
            -0.051489,
            -0.016313
          ],
          [
            0.006389,
            0.018723,
            -0.030645
          ],
          [
            0.036025,
            -0.052581,
            -0.004674
          ],
          [
            0.006383,
            0.017122,
            -0.027986
          ],
          [
            -0.058363,
            0.006906,
            0.033266
          ],
          [
            -0.00046,
            -0.036312,
            -0.019277
          ],
          [
            0.067235,
            -0.015273,
            0.031394
          ],
          [
            -0.000752,
            -0.003144,
            -0.006992
          ],
          [
            -0.011232,
            0.121124,
            0.01661
          ]
        ],
        "Lattice": [
          [
            8.33,
            0.0,
            0.0
          ],
          [
            0.0,
            8.33,
            0.0
          ],
          [
            0.0,
            0.0,
            20.227360776
          ]
        ],
        "NumAtoms": 65,
        "Positions": [
          [
            0.0,
            0.0,
            0.0
          ],
          [
            0.0,
            4.165,
            0.0
          ],
          [
            4.165,
            0.0,
            0.0
          ],
          [
            4.165,
            4.165,
            0.0
          ],
          [
            2.0825,
            2.0825,
            0.0
          ],
          [
            2.0825,
            6.2475,
            0.0
          ],
          [
            6.2475,
            2.0825,
            0.0
          ],
          [
            6.2475,
            6.2475,
            0.0
          ],
          [
            0.0,
            2.0825,
            2.0825
          ],
          [
            0.0,
            6.2475,
            2.0825
          ],
          [
            4.165,
            2.0825,
            2.0825
          ],
          [
            4.165,
            6.2475,
            2.0825
          ],
          [
            2.0825,
            0.0,
            2.0825
          ],
          [
            2.0825,
            4.165,
            2.0825
          ],
          [
            6.2475,
            0.0,
            2.0825
          ],
          [
            6.2475,
            4.165,
            2.0825
          ],
          [
            0.02523,
            0.02289,
            4.22434
          ],
          [
            0.00257,
            4.11277,
            4.23521
          ],
          [
            4.12509,
            0.03142,
            4.22653
          ],
          [
            4.14878,
            4.12569,
            4.24466
          ],
          [
            2.07831,
            2.07207,
            4.1969
          ],
          [
            2.07871,
            6.23172,
            4.22276
          ],
          [
            6.23975,
            2.08801,
            4.21759
          ],
          [
            6.23775,
            6.28694,
            4.34929
          ],
          [
            8.30662,
            2.03027,
            6.28088
          ],
          [
            0.02806,
            6.18828,
            6.38138
          ],
          [
            4.14926,
            2.03143,
            6.28512
          ],
          [
            4.09733,
            6.18585,
            6.41689
          ],
          [
            2.06278,
            -0.02646,
            6.26665
          ],
          [
            2.06537,
            4.1052,
            6.27501
          ],
          [
            6.22388,
            8.30128,
            6.44832
          ],
          [
            6.22945,
            3.87634,
            6.96219
          ],
          [
            2.0825,
            0.0,
            0.0
          ],
          [
            2.0825,
            4.165,
            0.0
          ],
          [
            6.2475,
            0.0,
            0.0
          ],
          [
            6.2475,
            4.165,
            0.0
          ],
          [
            0.0,
            2.0825,
            0.0
          ],
          [
            0.0,
            6.2475,
            0.0
          ],
          [
            4.165,
            2.0825,
            0.0
          ],
          [
            4.165,
            6.2475,
            0.0
          ],
          [
            2.0825,
            2.0825,
            2.0825
          ],
          [
            2.0825,
            6.2475,
            2.0825
          ],
          [
            6.2475,
            2.0825,
            2.0825
          ],
          [
            6.2475,
            6.2475,
            2.0825
          ],
          [
            0.0,
            0.0,
            2.0825
          ],
          [
            0.0,
            4.165,
            2.0825
          ],
          [
            4.165,
            0.0,
            2.0825
          ],
          [
            4.165,
            4.165,
            2.0825
          ],
          [
            2.07203,
            -0.02179,
            4.15543
          ],
          [
            2.08102,
            4.16085,
            4.17197
          ],
          [
            6.23146,
            -0.03842,
            4.01549
          ],
          [
            6.25213,
            4.27065,
            4.10645
          ],
          [
            8.30711,
            2.067,
            4.18671
          ],
          [
            -0.01099,
            6.2348,
            4.19522
          ],
          [
            4.17701,
            2.07913,
            4.17824
          ],
          [
            4.16533,
            6.24569,
            4.24057
          ],
          [
            2.06809,
            2.05046,
            6.24941
          ],
          [
            2.04935,
            6.19917,
            6.28447
          ],
          [
            6.22873,
            2.06016,
            6.21602
          ],
          [
            6.21149,
            6.24397,
            6.25307
          ],
          [
            0.04946,
            -0.05656,
            6.26102
          ],
          [
            0.02801,
            4.12978,
            6.27958
          ],
          [
            4.07263,
            8.28307,
            6.26754
          ],
          [
            4.10766,
            4.12363,
            6.28238
          ],
          [
            6.23278,
            4.38282,
            8.59691
          ]
        ],
        "Stress": [
          [
            -48.24923,
            -0.60055,
            -0.33249
          ],
          [
            -0.60055,
            -51.49427,
            -0.08195
          ],
          [
            -0.33249,
            -0.08195,
            -27.44468
          ]
        ],
        "computation_code": "VASP",
        "pseudopotential_information": [
          [
            "PAW_PBE",
            "Ni",
            "02Aug2007"
          ],
          [
            "PAW_PBE",
            "W_sv",
            "04Sep2015"
          ],
          [
            "PAW_PBE",
            "O",
            "08Apr2002"
          ]
        ]
      }
    ],
    "EnergyStyle": "electronvolt",
    "ForcesStyle": "electronvoltperangstrom",
    "LatticeStyle": "angstrom",
    "PositionsStyle": "angstrom",
    "StressStyle": "kB"
  }
}