{
  "Dataset": {
    "AtomTypeStyle": "chemicalsymbol",
    "Data": [
      {
        "AtomTypes": [
          "Ni",
          "Ni",
          "Ni",
          "Ni",
          "Ni",
          "Ni",
          "Ni",
          "Ni",
          "Ni",
          "Ni",
          "Ni",
          "Ni",
          "Ni",
          "Ni",
          "Ni",
          "Ni",
          "Ni",
          "Ni",
          "Ni",
          "Ni",
          "Ni",
          "Ni",
          "Ni",
          "W",
          "Ni",
          "Ni",
          "Ni",
          "Ni",
          "Ni",
          "Ni",
          "Ni",
          "Ni",
          "O",
          "O",
          "O",
          "O",
          "O",
          "O",
          "O",
          "O",
          "O",
          "O",
          "O",
          "O",
          "O",
          "O",
          "O",
          "O",
          "O",
          "O",
          "O",
          "O",
          "O",
          "O",
          "O",
          "O",
          "O",
          "O",
          "O",
          "O",
          "O",
          "O",
          "O"
        ],
        "Energy": -336.8414672,
        "Forces": [
          [
            -0.028859,
            0.081016,
            0.327333
          ],
          [
            0.046623,
            -0.051064,
            0.311696
          ],
          [
            0.017495,
            0.076979,
            0.370416
          ],
          [
            -0.020156,
            -0.049311,
            0.311487
          ],
          [
            0.009622,
            -0.035448,
            0.332606
          ],
          [
            0.014755,
            0.063651,
            0.312835
          ],
          [
            0.017542,
            -0.111226,
            0.313354
          ],
          [
            0.0141,
            0.161263,
            0.014705
          ],
          [
            -0.010919,
            -0.087251,
            -0.158001
          ],
          [
            0.382016,
            0.060253,
            -0.549012
          ],
          [
            -0.017022,
            -0.180273,
            -0.087682
          ],
          [
            -0.396136,
            0.085461,
            -0.475456
          ],
          [
            0.082897,
            0.052159,
            -0.014426
          ],
          [
            -0.01437,
            -0.037601,
            -0.100715
          ],
          [
            0.183597,
            0.035781,
            0.498328
          ],
          [
            -0.00538,
            -0.314964,
            -0.156611
          ],
          [
            -0.022217,
            0.027968,
            -0.034686
          ],
          [
            -0.052931,
            0.04235,
            -0.048687
          ],
          [
            -0.078179,
            0.050405,
            -0.085284
          ],
          [
            0.051541,
            -0.017722,
            -0.05329
          ],
          [
            0.012682,
            -0.037555,
            0.040011
          ],
          [
            -0.040404,
            0.041744,
            -0.075193
          ],
          [
            0.002996,
            -0.129672,
            -0.059738
          ],
          [
            0.259297,
            0.014618,
            0.033566
          ],
          [
            0.022367,
            0.011839,
            -0.070032
          ],
          [
            -0.058787,
            -0.001131,
            0.21295
          ],
          [
            -0.042267,
            -0.008663,
            -0.089105
          ],
          [
            0.001735,
            0.017139,
            0.08251
          ],
          [
            0.030912,
            0.062549,
            -0.013645
          ],
          [
            -0.002898,
            -0.088587,
            -0.007618
          ],
          [
            -0.006875,
            0.039116,
            0.013211
          ],
          [
            -0.012541,
            -0.00395,
            -0.053303
          ],
          [
            0.007354,
            -0.04225,
            -0.203523
          ],
          [
            0.002722,
            0.039114,
            -0.169391
          ],
          [
            -0.018436,
            -0.039291,
            -0.434374
          ],
          [
            -0.002253,
            0.100378,
            -0.099101
          ],
          [
            0.000841,
            0.073126,
            -0.159155
          ],
          [
            -0.072492,
            -0.07756,
            -0.066194
          ],
          [
            -2e-05,
            0.072358,
            -0.171301
          ],
          [
            0.074326,
            -0.072773,
            -0.078496
          ],
          [
            -0.006994,
            0.071854,
            0.007829
          ],
          [
            -0.010034,
            -0.0821,
            0.163013
          ],
          [
            -0.022106,
            0.124714,
            0.134062
          ],
          [
            -0.204577,
            -0.065185,
            0.607858
          ],
          [
            0.094825,
            -0.112957,
            -0.235017
          ],
          [
            -0.075855,
            0.144876,
            0.045833
          ],
          [
            -0.075867,
            -0.147019,
            -0.14945
          ],
          [
            0.045601,
            0.116915,
            0.037214
          ],
          [
            0.010188,
            0.024011,
            0.028628
          ],
          [
            0.025277,
            -0.010413,
            -0.018732
          ],
          [
            -0.020027,
            0.070753,
            -0.052657
          ],
          [
            0.038941,
            -0.025886,
            0.023374
          ],
          [
            -0.195398,
            0.037741,
            -0.179947
          ],
          [
            0.00679,
            -0.017705,
            0.004009
          ],
          [
            0.027419,
            0.043014,
            -0.063269
          ],
          [
            -0.040254,
            0.016427,
            -0.019992
          ],
          [
            0.104535,
            -0.034319,
            0.029315
          ],
          [
            0.019727,
            -0.010705,
            -0.002508
          ],
          [
            0.018807,
            0.123168,
            -0.00483
          ],
          [
            0.017465,
            -0.108117,
            -0.009866
          ],
          [
            -0.014974,
            -0.022873,
            0.005594
          ],
          [
            -0.005235,
            0.040208,
            -0.024351
          ],
          [
            -0.070534,
            0.00062,
            0.012899
          ]
        ],
        "Lattice": [
          [
            8.33,
            0.0,
            0.0
          ],
          [
            0.0,
            8.33,
            0.0
          ],
          [
            0.0,
            0.0,
            20.227360776
          ]
        ],
        "NumAtoms": 63,
        "Positions": [
          [
            0.0,
            0.0,
            0.0
          ],
          [
            0.0,
            4.165,
            0.0
          ],
          [
            4.165,
            0.0,
            0.0
          ],
          [
            4.165,
            4.165,
            0.0
          ],
          [
            2.0825,
            2.0825,
            0.0
          ],
          [
            2.0825,
            6.2475,
            0.0
          ],
          [
            6.2475,
            2.0825,
            0.0
          ],
          [
            6.2475,
            6.2475,
            0.0
          ],
          [
            0.0,
            2.0825,
            2.0825
          ],
          [
            0.0,
            6.2475,
            2.0825
          ],
          [
            4.165,
            2.0825,
            2.0825
          ],
          [
            4.165,
            6.2475,
            2.0825
          ],
          [
            2.0825,
            0.0,
            2.0825
          ],
          [
            2.0825,
            4.165,
            2.0825
          ],
          [
            6.2475,
            0.0,
            2.0825
          ],
          [
            6.2475,
            4.165,
            2.0825
          ],
          [
            -0.02947,
            -0.00124,
            4.17661
          ],
          [
            0.00081,
            4.13543,
            4.19886
          ],
          [
            4.27406,
            -0.01207,
            4.24174
          ],
          [
            4.1577,
            4.13336,
            4.19582
          ],
          [
            2.08463,
            2.0603,
            4.17081
          ],
          [
            2.09604,
            6.27377,
            4.19565
          ],
          [
            6.23812,
            1.94708,
            4.15203
          ],
          [
            6.27961,
            6.55256,
            4.22311
          ],
          [
            8.30948,
            2.04759,
            6.22768
          ],
          [
            0.05982,
            6.24022,
            6.34942
          ],
          [
            4.1508,
            2.04894,
            6.24122
          ],
          [
            4.09956,
            6.24035,
            6.28116
          ],
          [
            2.05316,
            -0.00824,
            6.20744
          ],
          [
            2.06092,
            4.14689,
            6.22735
          ],
          [
            6.22036,
            8.31936,
            6.21334
          ],
          [
            6.24126,
            4.1082,
            6.20929
          ],
          [
            2.0825,
            0.0,
            0.0
          ],
          [
            2.0825,
            4.165,
            0.0
          ],
          [
            6.2475,
            0.0,
            0.0
          ],
          [
            6.2475,
            4.165,
            0.0
          ],
          [
            0.0,
            2.0825,
            0.0
          ],
          [
            0.0,
            6.2475,
            0.0
          ],
          [
            4.165,
            2.0825,
            0.0
          ],
          [
            4.165,
            6.2475,
            0.0
          ],
          [
            2.0825,
            2.0825,
            2.0825
          ],
          [
            2.0825,
            6.2475,
            2.0825
          ],
          [
            6.2475,
            2.0825,
            2.0825
          ],
          [
            6.2475,
            6.2475,
            2.0825
          ],
          [
            0.0,
            0.0,
            2.0825
          ],
          [
            0.0,
            4.165,
            2.0825
          ],
          [
            4.165,
            0.0,
            2.0825
          ],
          [
            4.165,
            4.165,
            2.0825
          ],
          [
            2.07939,
            -0.00794,
            4.15242
          ],
          [
            2.07699,
            4.18017,
            4.16744
          ],
          [
            6.24353,
            4.34193,
            4.15064
          ],
          [
            8.29173,
            2.08757,
            4.15177
          ],
          [
            8.28234,
            6.25565,
            4.15147
          ],
          [
            4.18876,
            2.08362,
            4.1673
          ],
          [
            4.21491,
            6.20956,
            4.17008
          ],
          [
            2.07998,
            2.08587,
            6.24115
          ],
          [
            2.12133,
            6.22069,
            6.24796
          ],
          [
            6.22258,
            2.07655,
            6.19001
          ],
          [
            -0.00593,
            0.01056,
            6.23484
          ],
          [
            8.30006,
            4.12279,
            6.25246
          ],
          [
            4.10322,
            8.31384,
            6.30631
          ],
          [
            4.1698,
            4.14878,
            6.27084
          ],
          [
            6.1652,
            6.25467,
            6.19982
          ]
        ],
        "Stress": [
          [
            -49.13665,
            0.29196,
            -0.23041
          ],
          [
            0.29196,
            -53.59206,
            -0.06484
          ],
          [
            -0.23041,
            -0.06484,
            -25.95564
          ]
        ],
        "computation_code": "VASP",
        "pseudopotential_information": [
          [
            "PAW_PBE",
            "Ni",
            "02Aug2007"
          ],
          [
            "PAW_PBE",
            "W_sv",
            "04Sep2015"
          ],
          [
            "PAW_PBE",
            "O",
            "08Apr2002"
          ]
        ]
      }
    ],
    "EnergyStyle": "electronvolt",
    "ForcesStyle": "electronvoltperangstrom",
    "LatticeStyle": "angstrom",
    "PositionsStyle": "angstrom",
    "StressStyle": "kB"
  }
}