{
  "Dataset": {
    "AtomTypeStyle": "chemicalsymbol",
    "Data": [
      {
        "AtomTypes": [
          "Ni",
          "Ni",
          "Ni",
          "Ni",
          "Ni",
          "Ni",
          "Ni",
          "Ni",
          "Ni",
          "Ni",
          "Ni",
          "Ni",
          "Ni",
          "Ni",
          "Ni",
          "Ni",
          "Ni",
          "Ni",
          "Ni",
          "Ni",
          "Ni",
          "Ni",
          "Ni",
          "W",
          "Ni",
          "Ni",
          "Ni",
          "Ni",
          "Ni",
          "Ni",
          "Ni",
          "Ni",
          "O",
          "O",
          "O",
          "O",
          "O",
          "O",
          "O",
          "O",
          "O",
          "O",
          "O",
          "O",
          "O",
          "O",
          "O",
          "O",
          "O",
          "O",
          "O",
          "O",
          "O",
          "O",
          "O",
          "O",
          "O",
          "O",
          "O",
          "O",
          "O",
          "O",
          "O",
          "O",
          "O"
        ],
        "Energy": -351.90686491,
        "Forces": [
          [
            0.031786,
            0.055697,
            0.368039
          ],
          [
            0.043224,
            -0.02882,
            0.360484
          ],
          [
            -0.006699,
            0.059463,
            0.387975
          ],
          [
            -0.017242,
            -0.03261,
            0.335939
          ],
          [
            0.016884,
            0.00341,
            0.344745
          ],
          [
            0.016416,
            0.023712,
            0.353012
          ],
          [
            0.009536,
            -0.005218,
            0.386212
          ],
          [
            0.017982,
            0.037289,
            0.12119
          ],
          [
            -0.107874,
            -0.030629,
            -0.013714
          ],
          [
            0.377852,
            0.021465,
            -0.408786
          ],
          [
            0.069597,
            -0.106648,
            -0.08205
          ],
          [
            -0.299929,
            0.070548,
            -0.593618
          ],
          [
            0.022244,
            -0.051536,
            -0.032601
          ],
          [
            -0.052915,
            0.007732,
            -0.117539
          ],
          [
            -0.00992,
            0.424657,
            -0.807822
          ],
          [
            0.031881,
            -0.346141,
            -0.548293
          ],
          [
            -0.012467,
            0.000617,
            0.027654
          ],
          [
            0.009966,
            -0.006482,
            0.018651
          ],
          [
            0.026067,
            -0.008488,
            0.015517
          ],
          [
            -0.002948,
            0.005747,
            0.006739
          ],
          [
            0.021623,
            -0.01413,
            0.001965
          ],
          [
            0.005562,
            -0.006028,
            0.003015
          ],
          [
            0.001507,
            -0.016859,
            0.015658
          ],
          [
            -0.066403,
            0.084023,
            0.02838
          ],
          [
            0.00658,
            -0.006184,
            0.01555
          ],
          [
            0.014845,
            0.016327,
            -0.095147
          ],
          [
            0.004057,
            -0.027172,
            0.006049
          ],
          [
            -0.020815,
            0.000781,
            -0.009537
          ],
          [
            0.004312,
            -0.015309,
            0.004635
          ],
          [
            -0.009869,
            0.011272,
            -0.013143
          ],
          [
            0.004029,
            -0.006022,
            -0.006481
          ],
          [
            -0.011811,
            -0.001129,
            0.005034
          ],
          [
            -0.004791,
            -0.019581,
            -0.218165
          ],
          [
            -0.001273,
            0.019886,
            -0.205622
          ],
          [
            0.002946,
            -0.075057,
            -0.213761
          ],
          [
            -0.001091,
            0.072352,
            -0.156278
          ],
          [
            3.1e-05,
            0.014191,
            -0.196663
          ],
          [
            -0.0608,
            -0.014449,
            -0.133078
          ],
          [
            -0.001374,
            0.018269,
            -0.208018
          ],
          [
            0.056043,
            -0.018225,
            -0.134333
          ],
          [
            -0.04931,
            -0.018036,
            0.07191
          ],
          [
            0.003421,
            -0.03015,
            0.221991
          ],
          [
            0.008246,
            0.132414,
            0.20658
          ],
          [
            0.120448,
            -0.057673,
            0.697183
          ],
          [
            0.064554,
            -0.067722,
            0.080861
          ],
          [
            -0.051495,
            0.023898,
            0.092105
          ],
          [
            -0.10726,
            -0.081678,
            0.012081
          ],
          [
            0.034454,
            0.058583,
            0.004588
          ],
          [
            -0.018487,
            0.001521,
            0.003892
          ],
          [
            -0.0158,
            0.002803,
            0.006776
          ],
          [
            -0.003338,
            -0.01351,
            -0.007999
          ],
          [
            0.00069,
            -0.059599,
            -0.012097
          ],
          [
            -0.013697,
            0.009434,
            -0.007428
          ],
          [
            0.02329,
            -0.006547,
            0.019412
          ],
          [
            0.003,
            0.010577,
            -0.017754
          ],
          [
            0.032604,
            -0.003591,
            -0.00564
          ],
          [
            -0.009066,
            -0.000268,
            -0.009663
          ],
          [
            -0.068827,
            0.000309,
            0.009707
          ],
          [
            -0.013654,
            0.007321,
            -0.007762
          ],
          [
            0.041223,
            -0.021735,
            0.039042
          ],
          [
            -0.005577,
            -0.048903,
            0.000808
          ],
          [
            -0.009624,
            0.050602,
            -0.002075
          ],
          [
            -0.029471,
            0.010463,
            -0.009323
          ],
          [
            -0.019588,
            0.001373,
            -0.010522
          ],
          [
            -0.023483,
            -0.010608,
            0.011534
          ]
        ],
        "Lattice": [
          [
            8.33,
            0.0,
            0.0
          ],
          [
            0.0,
            8.33,
            0.0
          ],
          [
            0.0,
            0.0,
            20.227360776
          ]
        ],
        "NumAtoms": 65,
        "Positions": [
          [
            0.0,
            0.0,
            0.0
          ],
          [
            0.0,
            4.165,
            0.0
          ],
          [
            4.165,
            0.0,
            0.0
          ],
          [
            4.165,
            4.165,
            0.0
          ],
          [
            2.0825,
            2.0825,
            0.0
          ],
          [
            2.0825,
            6.2475,
            0.0
          ],
          [
            6.2475,
            2.0825,
            0.0
          ],
          [
            6.2475,
            6.2475,
            0.0
          ],
          [
            0.0,
            2.0825,
            2.0825
          ],
          [
            0.0,
            6.2475,
            2.0825
          ],
          [
            4.165,
            2.0825,
            2.0825
          ],
          [
            4.165,
            6.2475,
            2.0825
          ],
          [
            2.0825,
            0.0,
            2.0825
          ],
          [
            2.0825,
            4.165,
            2.0825
          ],
          [
            6.2475,
            0.0,
            2.0825
          ],
          [
            6.2475,
            4.165,
            2.0825
          ],
          [
            0.02377,
            0.02947,
            4.24852
          ],
          [
            0.01783,
            4.13195,
            4.24343
          ],
          [
            4.15147,
            0.02492,
            4.25634
          ],
          [
            4.1399,
            4.12226,
            4.19871
          ],
          [
            2.07145,
            2.0673,
            4.1828
          ],
          [
            2.13485,
            6.24006,
            4.2352
          ],
          [
            6.2411,
            2.10315,
            4.26615
          ],
          [
            6.22941,
            6.26527,
            4.36458
          ],
          [
            -0.0244,
            2.08902,
            6.29303
          ],
          [
            0.13811,
            6.22372,
            6.49061
          ],
          [
            4.12148,
            2.01416,
            6.25231
          ],
          [
            3.99366,
            5.89124,
            7.07077
          ],
          [
            2.13002,
            -0.00066,
            6.28197
          ],
          [
            2.06524,
            4.07456,
            6.24108
          ],
          [
            6.20646,
            0.11727,
            6.62198
          ],
          [
            5.85655,
            3.9362,
            7.1045
          ],
          [
            2.0825,
            0.0,
            0.0
          ],
          [
            2.0825,
            4.165,
            0.0
          ],
          [
            6.2475,
            0.0,
            0.0
          ],
          [
            6.2475,
            4.165,
            0.0
          ],
          [
            0.0,
            2.0825,
            0.0
          ],
          [
            0.0,
            6.2475,
            0.0
          ],
          [
            4.165,
            2.0825,
            0.0
          ],
          [
            4.165,
            6.2475,
            0.0
          ],
          [
            2.0825,
            2.0825,
            2.0825
          ],
          [
            2.0825,
            6.2475,
            2.0825
          ],
          [
            6.2475,
            2.0825,
            2.0825
          ],
          [
            6.2475,
            6.2475,
            2.0825
          ],
          [
            0.0,
            0.0,
            2.0825
          ],
          [
            0.0,
            4.165,
            2.0825
          ],
          [
            4.165,
            0.0,
            2.0825
          ],
          [
            4.165,
            4.165,
            2.0825
          ],
          [
            2.08473,
            -0.03853,
            4.16984
          ],
          [
            2.08122,
            4.18049,
            4.14843
          ],
          [
            6.23842,
            -0.04398,
            4.04044
          ],
          [
            6.25134,
            4.26984,
            4.11299
          ],
          [
            8.2964,
            2.08064,
            4.18965
          ],
          [
            -0.03711,
            6.23215,
            4.14129
          ],
          [
            4.18291,
            2.07443,
            4.15902
          ],
          [
            4.24218,
            6.24648,
            4.11902
          ],
          [
            2.04076,
            2.04625,
            6.22296
          ],
          [
            2.15933,
            6.21595,
            6.32419
          ],
          [
            6.25165,
            2.17808,
            6.33017
          ],
          [
            6.41974,
            6.44182,
            6.12611
          ],
          [
            0.08879,
            0.00031,
            6.30105
          ],
          [
            0.09278,
            4.16597,
            6.30427
          ],
          [
            4.12631,
            0.04467,
            6.29797
          ],
          [
            4.05261,
            4.03382,
            6.1761
          ],
          [
            5.24182,
            5.22654,
            8.21389
          ]
        ],
        "Stress": [
          [
            -45.66106,
            2.4671,
            -1.02565
          ],
          [
            2.4671,
            -47.74639,
            -0.43557
          ],
          [
            -1.02565,
            -0.43557,
            -27.02206
          ]
        ],
        "computation_code": "VASP",
        "pseudopotential_information": [
          [
            "PAW_PBE",
            "Ni",
            "02Aug2007"
          ],
          [
            "PAW_PBE",
            "W_sv",
            "04Sep2015"
          ],
          [
            "PAW_PBE",
            "O",
            "08Apr2002"
          ]
        ]
      }
    ],
    "EnergyStyle": "electronvolt",
    "ForcesStyle": "electronvoltperangstrom",
    "LatticeStyle": "angstrom",
    "PositionsStyle": "angstrom",
    "StressStyle": "kB"
  }
}