{
  "Dataset": {
    "AtomTypeStyle": "chemicalsymbol",
    "Data": [
      {
        "AtomTypes": [
          "Ni",
          "Ni",
          "Ni",
          "Ni",
          "Ni",
          "Ni",
          "Ni",
          "Ni",
          "Ni",
          "Ni",
          "Ni",
          "Ni",
          "Ni",
          "Ni",
          "Ni",
          "Ni",
          "Ni",
          "Ni",
          "Ni",
          "Ni",
          "Ni",
          "Ni",
          "Ni",
          "W",
          "Ni",
          "Ni",
          "Ni",
          "Ni",
          "Ni",
          "Ni",
          "Ni",
          "Ni",
          "O",
          "O",
          "O",
          "O",
          "O",
          "O",
          "O",
          "O",
          "O",
          "O",
          "O",
          "O",
          "O",
          "O",
          "O",
          "O",
          "O",
          "O",
          "O",
          "O",
          "O",
          "O",
          "O",
          "O",
          "O",
          "O",
          "O",
          "O",
          "O",
          "O",
          "O",
          "O",
          "O"
        ],
        "Energy": -351.90943371,
        "Forces": [
          [
            0.030541,
            0.055339,
            0.368321
          ],
          [
            0.041588,
            -0.028403,
            0.36164
          ],
          [
            -0.005746,
            0.059225,
            0.387174
          ],
          [
            -0.015835,
            -0.032383,
            0.336214
          ],
          [
            0.016529,
            0.003677,
            0.344161
          ],
          [
            0.01586,
            0.023235,
            0.351579
          ],
          [
            0.009655,
            -0.004522,
            0.387497
          ],
          [
            0.018354,
            0.03608,
            0.125592
          ],
          [
            -0.116104,
            -0.027759,
            -0.011594
          ],
          [
            0.362191,
            0.019144,
            -0.406449
          ],
          [
            0.068929,
            -0.103675,
            -0.086693
          ],
          [
            -0.292983,
            0.069538,
            -0.600324
          ],
          [
            0.016127,
            -0.050032,
            -0.034286
          ],
          [
            -0.058053,
            0.006613,
            -0.116084
          ],
          [
            -0.01135,
            0.41946,
            -0.818653
          ],
          [
            0.03088,
            -0.338939,
            -0.543134
          ],
          [
            -0.006956,
            0.004408,
            0.004117
          ],
          [
            0.003705,
            -0.006706,
            0.001769
          ],
          [
            0.006328,
            -0.008708,
            -0.005681
          ],
          [
            -0.006648,
            0.004525,
            -0.004405
          ],
          [
            0.000573,
            -0.004167,
            -0.006972
          ],
          [
            0.00472,
            0.000432,
            0.00074
          ],
          [
            0.003049,
            -0.007432,
            -0.002552
          ],
          [
            -0.037872,
            0.041394,
            -0.000618
          ],
          [
            -5.8e-05,
            -0.000358,
            0.000871
          ],
          [
            0.005511,
            0.004388,
            -0.032255
          ],
          [
            0.000304,
            -0.000332,
            -0.002773
          ],
          [
            -0.015543,
            -0.006498,
            -0.002733
          ],
          [
            -0.009749,
            -0.006447,
            0.001565
          ],
          [
            -0.014018,
            -0.00034,
            -0.008714
          ],
          [
            0.000719,
            -0.005822,
            -0.003568
          ],
          [
            -0.013332,
            0.000388,
            -0.000232
          ],
          [
            -0.00401,
            -0.019868,
            -0.216901
          ],
          [
            -0.000481,
            0.019724,
            -0.204782
          ],
          [
            0.003024,
            -0.074235,
            -0.213644
          ],
          [
            -0.001139,
            0.071344,
            -0.158126
          ],
          [
            0.001802,
            0.013323,
            -0.19653
          ],
          [
            -0.058001,
            -0.01399,
            -0.133443
          ],
          [
            -0.002268,
            0.017536,
            -0.207381
          ],
          [
            0.053938,
            -0.017939,
            -0.133671
          ],
          [
            -0.052281,
            -0.017505,
            0.077814
          ],
          [
            0.002697,
            -0.029333,
            0.227926
          ],
          [
            0.002848,
            0.128717,
            0.208686
          ],
          [
            0.114478,
            -0.054851,
            0.707048
          ],
          [
            0.061295,
            -0.065718,
            0.082639
          ],
          [
            -0.050801,
            0.023853,
            0.092994
          ],
          [
            -0.113245,
            -0.080525,
            0.017171
          ],
          [
            0.026272,
            0.06008,
            0.007909
          ],
          [
            -0.001539,
            -0.00392,
            0.001966
          ],
          [
            -0.001675,
            -0.002351,
            -0.001596
          ],
          [
            0.001023,
            -0.023453,
            0.007508
          ],
          [
            0.001421,
            -0.01067,
            0.000689
          ],
          [
            0.001857,
            0.000198,
            0.002907
          ],
          [
            0.004555,
            -0.003984,
            0.015503
          ],
          [
            0.003644,
            0.001186,
            -0.000931
          ],
          [
            0.023329,
            -0.003707,
            0.003922
          ],
          [
            0.003497,
            -0.003388,
            -0.005981
          ],
          [
            -0.025223,
            -0.001241,
            0.000896
          ],
          [
            -0.006173,
            -0.000751,
            0.002815
          ],
          [
            0.013012,
            -0.00639,
            0.018743
          ],
          [
            -0.002518,
            -0.016803,
            0.011676
          ],
          [
            -0.005475,
            0.016455,
            0.00097
          ],
          [
            -0.000149,
            -0.00129,
            0.000611
          ],
          [
            -0.004137,
            -0.006532,
            -0.003528
          ],
          [
            -0.020895,
            -0.009295,
            0.0026
          ]
        ],
        "Lattice": [
          [
            8.33,
            0.0,
            0.0
          ],
          [
            0.0,
            8.33,
            0.0
          ],
          [
            0.0,
            0.0,
            20.227360776
          ]
        ],
        "NumAtoms": 65,
        "Positions": [
          [
            0.0,
            0.0,
            0.0
          ],
          [
            0.0,
            4.165,
            0.0
          ],
          [
            4.165,
            0.0,
            0.0
          ],
          [
            4.165,
            4.165,
            0.0
          ],
          [
            2.0825,
            2.0825,
            0.0
          ],
          [
            2.0825,
            6.2475,
            0.0
          ],
          [
            6.2475,
            2.0825,
            0.0
          ],
          [
            6.2475,
            6.2475,
            0.0
          ],
          [
            0.0,
            2.0825,
            2.0825
          ],
          [
            0.0,
            6.2475,
            2.0825
          ],
          [
            4.165,
            2.0825,
            2.0825
          ],
          [
            4.165,
            6.2475,
            2.0825
          ],
          [
            2.0825,
            0.0,
            2.0825
          ],
          [
            2.0825,
            4.165,
            2.0825
          ],
          [
            6.2475,
            0.0,
            2.0825
          ],
          [
            6.2475,
            4.165,
            2.0825
          ],
          [
            0.01994,
            0.03015,
            4.24859
          ],
          [
            0.01443,
            4.1324,
            4.2442
          ],
          [
            4.1485,
            0.02604,
            4.2565
          ],
          [
            4.13777,
            4.1231,
            4.19921
          ],
          [
            2.0691,
            2.06732,
            4.18337
          ],
          [
            2.13175,
            6.24024,
            4.23476
          ],
          [
            6.23726,
            2.10459,
            4.26868
          ],
          [
            6.2249,
            6.26703,
            4.37013
          ],
          [
            -0.0296,
            2.08906,
            6.29489
          ],
          [
            0.13484,
            6.22186,
            6.49205
          ],
          [
            4.11555,
            2.01243,
            6.25291
          ],
          [
            3.98379,
            5.88952,
            7.07673
          ],
          [
            2.12482,
            -0.00085,
            6.28111
          ],
          [
            2.0614,
            4.07393,
            6.24032
          ],
          [
            6.2009,
            0.11238,
            6.612
          ],
          [
            5.8431,
            3.93145,
            7.11434
          ],
          [
            2.0825,
            0.0,
            0.0
          ],
          [
            2.0825,
            4.165,
            0.0
          ],
          [
            6.2475,
            0.0,
            0.0
          ],
          [
            6.2475,
            4.165,
            0.0
          ],
          [
            0.0,
            2.0825,
            0.0
          ],
          [
            0.0,
            6.2475,
            0.0
          ],
          [
            4.165,
            2.0825,
            0.0
          ],
          [
            4.165,
            6.2475,
            0.0
          ],
          [
            2.0825,
            2.0825,
            2.0825
          ],
          [
            2.0825,
            6.2475,
            2.0825
          ],
          [
            6.2475,
            2.0825,
            2.0825
          ],
          [
            6.2475,
            6.2475,
            2.0825
          ],
          [
            0.0,
            0.0,
            2.0825
          ],
          [
            0.0,
            4.165,
            2.0825
          ],
          [
            4.165,
            0.0,
            2.0825
          ],
          [
            4.165,
            4.165,
            2.0825
          ],
          [
            2.08041,
            -0.03773,
            4.17009
          ],
          [
            2.0778,
            4.1816,
            4.1493
          ],
          [
            6.2349,
            -0.04386,
            4.03973
          ],
          [
            6.24783,
            4.26888,
            4.11214
          ],
          [
            8.29148,
            2.0819,
            4.18972
          ],
          [
            -0.04051,
            6.23313,
            4.14106
          ],
          [
            4.17975,
            2.07576,
            4.15831
          ],
          [
            4.24039,
            6.24805,
            4.11879
          ],
          [
            2.03499,
            2.04545,
            6.22302
          ],
          [
            2.15348,
            6.21746,
            6.32563
          ],
          [
            6.24486,
            2.17886,
            6.33196
          ],
          [
            6.41588,
            6.42921,
            6.13359
          ],
          [
            0.08133,
            0.00032,
            6.29875
          ],
          [
            0.09081,
            4.16515,
            6.30413
          ],
          [
            4.11913,
            0.04524,
            6.29638
          ],
          [
            4.04663,
            4.03483,
            6.17579
          ],
          [
            5.22581,
            5.2201,
            8.22385
          ]
        ],
        "Stress": [
          [
            -45.34737,
            2.45074,
            -0.78142
          ],
          [
            2.45074,
            -47.63957,
            -0.4954
          ],
          [
            -0.78142,
            -0.4954,
            -26.92582
          ]
        ],
        "computation_code": "VASP",
        "pseudopotential_information": [
          [
            "PAW_PBE",
            "Ni",
            "02Aug2007"
          ],
          [
            "PAW_PBE",
            "W_sv",
            "04Sep2015"
          ],
          [
            "PAW_PBE",
            "O",
            "08Apr2002"
          ]
        ]
      }
    ],
    "EnergyStyle": "electronvolt",
    "ForcesStyle": "electronvoltperangstrom",
    "LatticeStyle": "angstrom",
    "PositionsStyle": "angstrom",
    "StressStyle": "kB"
  }
}