{
  "Dataset": {
    "AtomTypeStyle": "chemicalsymbol",
    "Data": [
      {
        "AtomTypes": [
          "Ni",
          "Ni",
          "Ni",
          "Ni",
          "Ni",
          "Ni",
          "Ni",
          "Ni",
          "Ni",
          "Ni",
          "Ni",
          "Ni",
          "Ni",
          "Ni",
          "Ni",
          "Ni",
          "Ni",
          "Ni",
          "Ni",
          "Ni",
          "Ni",
          "Ni",
          "Ni",
          "W",
          "Ni",
          "Ni",
          "Ni",
          "Ni",
          "Ni",
          "Ni",
          "Ni",
          "Ni",
          "O",
          "O",
          "O",
          "O",
          "O",
          "O",
          "O",
          "O",
          "O",
          "O",
          "O",
          "O",
          "O",
          "O",
          "O",
          "O",
          "O",
          "O",
          "O",
          "O",
          "O",
          "O",
          "O",
          "O",
          "O",
          "O",
          "O",
          "O",
          "O",
          "O",
          "O",
          "O",
          "O"
        ],
        "Energy": -350.28784051,
        "Forces": [
          [
            0.040399,
            0.04916,
            0.34226
          ],
          [
            0.049598,
            -0.024292,
            0.336328
          ],
          [
            -0.015572,
            0.06352,
            0.35111
          ],
          [
            -0.022052,
            -0.034799,
            0.322824
          ],
          [
            0.013714,
            0.007293,
            0.365047
          ],
          [
            0.00222,
            0.020871,
            0.336102
          ],
          [
            0.013964,
            0.000774,
            0.35297
          ],
          [
            0.025832,
            0.028906,
            0.106689
          ],
          [
            0.015431,
            -0.036138,
            -0.038459
          ],
          [
            0.402748,
            0.008463,
            -0.336763
          ],
          [
            -0.035018,
            -0.023235,
            -0.087707
          ],
          [
            -0.340269,
            0.016912,
            -0.242172
          ],
          [
            -0.014534,
            0.035659,
            -0.139575
          ],
          [
            -0.00672,
            -0.048223,
            -0.161782
          ],
          [
            -0.0076,
            0.411092,
            -1.423548
          ],
          [
            -0.003397,
            -0.285305,
            -0.431494
          ],
          [
            -0.006913,
            0.038259,
            0.020771
          ],
          [
            -0.099205,
            0.018865,
            0.10384
          ],
          [
            0.010188,
            0.012394,
            0.061405
          ],
          [
            0.146122,
            0.040058,
            0.097845
          ],
          [
            -0.013159,
            -0.001395,
            -0.077287
          ],
          [
            0.005939,
            0.023929,
            -0.005093
          ],
          [
            0.002293,
            0.080698,
            0.082479
          ],
          [
            -0.087662,
            -0.497694,
            0.269243
          ],
          [
            -0.030211,
            -0.019104,
            0.010023
          ],
          [
            -0.166418,
            -0.069889,
            0.037143
          ],
          [
            0.031379,
            -0.004829,
            -0.053429
          ],
          [
            0.080758,
            -0.049847,
            -0.02565
          ],
          [
            -0.018066,
            -0.027713,
            0.030155
          ],
          [
            0.000456,
            -0.021623,
            0.016365
          ],
          [
            -0.007863,
            -0.007398,
            0.06976
          ],
          [
            0.024896,
            -0.073375,
            0.266307
          ],
          [
            0.009372,
            -0.031462,
            -0.216325
          ],
          [
            -0.003017,
            0.030353,
            -0.206706
          ],
          [
            -0.006631,
            -0.071395,
            -0.195878
          ],
          [
            0.00099,
            0.068045,
            -0.150582
          ],
          [
            -0.020571,
            0.015786,
            -0.185021
          ],
          [
            -0.078067,
            -0.015262,
            -0.143321
          ],
          [
            0.020341,
            0.003648,
            -0.189936
          ],
          [
            0.074787,
            -0.003803,
            -0.099848
          ],
          [
            -0.034863,
            -0.003827,
            -0.007496
          ],
          [
            0.054555,
            -0.024104,
            0.092022
          ],
          [
            0.00181,
            0.157162,
            0.018807
          ],
          [
            0.036542,
            -0.122462,
            0.40853
          ],
          [
            0.04636,
            -0.083697,
            -0.00151
          ],
          [
            -0.063579,
            0.065996,
            -0.012367
          ],
          [
            -0.103681,
            -0.137068,
            -0.032762
          ],
          [
            0.052107,
            0.135149,
            0.007331
          ],
          [
            -0.002044,
            -0.019415,
            0.076265
          ],
          [
            -0.006986,
            0.053948,
            0.052051
          ],
          [
            -0.004557,
            0.320079,
            0.242005
          ],
          [
            -0.011761,
            0.056446,
            -0.001197
          ],
          [
            0.034624,
            -0.038247,
            -0.231709
          ],
          [
            0.031624,
            0.031033,
            -0.004255
          ],
          [
            -0.019073,
            -0.003184,
            -0.078299
          ],
          [
            -0.01827,
            0.037889,
            -0.019639
          ],
          [
            -0.011956,
            0.003005,
            -0.022291
          ],
          [
            -0.02883,
            -0.043026,
            -0.017308
          ],
          [
            0.059721,
            -0.054602,
            0.052232
          ],
          [
            0.014682,
            0.059304,
            -0.057781
          ],
          [
            -0.096913,
            -0.004249,
            0.029988
          ],
          [
            -0.104455,
            -0.084377,
            0.040667
          ],
          [
            0.109769,
            0.008991,
            0.032983
          ],
          [
            0.081503,
            0.014265,
            0.085232
          ],
          [
            -0.004809,
            0.047086,
            0.180411
          ]
        ],
        "Lattice": [
          [
            8.33,
            0.0,
            0.0
          ],
          [
            0.0,
            8.33,
            0.0
          ],
          [
            0.0,
            0.0,
            20.227360776
          ]
        ],
        "NumAtoms": 65,
        "Positions": [
          [
            0.0,
            0.0,
            0.0
          ],
          [
            0.0,
            4.165,
            0.0
          ],
          [
            4.165,
            0.0,
            0.0
          ],
          [
            4.165,
            4.165,
            0.0
          ],
          [
            2.0825,
            2.0825,
            0.0
          ],
          [
            2.0825,
            6.2475,
            0.0
          ],
          [
            6.2475,
            2.0825,
            0.0
          ],
          [
            6.2475,
            6.2475,
            0.0
          ],
          [
            0.0,
            2.0825,
            2.0825
          ],
          [
            0.0,
            6.2475,
            2.0825
          ],
          [
            4.165,
            2.0825,
            2.0825
          ],
          [
            4.165,
            6.2475,
            2.0825
          ],
          [
            2.0825,
            0.0,
            2.0825
          ],
          [
            2.0825,
            4.165,
            2.0825
          ],
          [
            6.2475,
            0.0,
            2.0825
          ],
          [
            6.2475,
            4.165,
            2.0825
          ],
          [
            0.03542,
            0.03683,
            4.2138
          ],
          [
            0.02568,
            4.13025,
            4.19207
          ],
          [
            4.12448,
            0.04348,
            4.20815
          ],
          [
            4.1306,
            4.13266,
            4.19372
          ],
          [
            2.07871,
            2.08303,
            4.20294
          ],
          [
            2.08499,
            6.24578,
            4.20481
          ],
          [
            6.24091,
            2.0788,
            4.18755
          ],
          [
            6.24955,
            6.33265,
            4.30894
          ],
          [
            8.29583,
            2.06337,
            6.27209
          ],
          [
            0.0584,
            6.22808,
            6.33744
          ],
          [
            4.16756,
            2.05501,
            6.27495
          ],
          [
            4.08792,
            6.21807,
            6.36961
          ],
          [
            2.07294,
            0.00629,
            6.25596
          ],
          [
            2.07132,
            4.13014,
            6.24231
          ],
          [
            6.23609,
            8.29001,
            6.4168
          ],
          [
            6.22473,
            4.0234,
            6.58381
          ],
          [
            2.0825,
            0.0,
            0.0
          ],
          [
            2.0825,
            4.165,
            0.0
          ],
          [
            6.2475,
            0.0,
            0.0
          ],
          [
            6.2475,
            4.165,
            0.0
          ],
          [
            0.0,
            2.0825,
            0.0
          ],
          [
            0.0,
            6.2475,
            0.0
          ],
          [
            4.165,
            2.0825,
            0.0
          ],
          [
            4.165,
            6.2475,
            0.0
          ],
          [
            2.0825,
            2.0825,
            2.0825
          ],
          [
            2.0825,
            6.2475,
            2.0825
          ],
          [
            6.2475,
            2.0825,
            2.0825
          ],
          [
            6.2475,
            6.2475,
            2.0825
          ],
          [
            0.0,
            0.0,
            2.0825
          ],
          [
            0.0,
            4.165,
            2.0825
          ],
          [
            4.165,
            0.0,
            2.0825
          ],
          [
            4.165,
            4.165,
            2.0825
          ],
          [
            2.07507,
            -0.0076,
            4.14522
          ],
          [
            2.08314,
            4.16826,
            4.13913
          ],
          [
            6.23182,
            -0.02457,
            3.99203
          ],
          [
            6.2547,
            4.27743,
            4.12111
          ],
          [
            8.31442,
            2.07941,
            4.19139
          ],
          [
            0.00739,
            6.25255,
            4.1733
          ],
          [
            4.16853,
            2.08388,
            4.16849
          ],
          [
            4.16127,
            6.25956,
            4.21962
          ],
          [
            2.06962,
            2.07209,
            6.25188
          ],
          [
            2.06398,
            6.23294,
            6.26273
          ],
          [
            6.22913,
            2.05837,
            6.16151
          ],
          [
            6.21439,
            6.21225,
            6.24398
          ],
          [
            0.05825,
            -0.03404,
            6.24832
          ],
          [
            0.05231,
            4.17512,
            6.21193
          ],
          [
            4.08099,
            8.30046,
            6.24975
          ],
          [
            4.09552,
            4.14983,
            6.20831
          ],
          [
            6.24934,
            4.19589,
            8.35017
          ]
        ],
        "Stress": [
          [
            -45.07652,
            -0.49216,
            -0.60508
          ],
          [
            -0.49216,
            -48.763,
            -1.31749
          ],
          [
            -0.60508,
            -1.31749,
            -22.16528
          ]
        ],
        "computation_code": "VASP",
        "pseudopotential_information": [
          [
            "PAW_PBE",
            "Ni",
            "02Aug2007"
          ],
          [
            "PAW_PBE",
            "W_sv",
            "04Sep2015"
          ],
          [
            "PAW_PBE",
            "O",
            "08Apr2002"
          ]
        ]
      }
    ],
    "EnergyStyle": "electronvolt",
    "ForcesStyle": "electronvoltperangstrom",
    "LatticeStyle": "angstrom",
    "PositionsStyle": "angstrom",
    "StressStyle": "kB"
  }
}