{
  "Dataset": {
    "AtomTypeStyle": "chemicalsymbol",
    "Data": [
      {
        "AtomTypes": [
          "Ni",
          "Ni",
          "Ni",
          "Ni",
          "Ni",
          "Ni",
          "Ni",
          "Ni",
          "Ni",
          "Ni",
          "Ni",
          "Ni",
          "Ni",
          "Ni",
          "Ni",
          "Ni",
          "Ni",
          "Ni",
          "Ni",
          "Ni",
          "Ni",
          "Ni",
          "W",
          "Ni",
          "Ni",
          "Ni",
          "Ni",
          "Ni",
          "Ni",
          "Ni",
          "Ni",
          "O",
          "O",
          "O",
          "O",
          "O",
          "O",
          "O",
          "O",
          "O",
          "O",
          "O",
          "O",
          "O",
          "O",
          "O",
          "O",
          "O",
          "O",
          "O",
          "O",
          "O",
          "O",
          "O",
          "O",
          "O",
          "O",
          "O",
          "O",
          "O",
          "O",
          "O",
          "O"
        ],
        "Energy": -342.41711537,
        "Forces": [
          [
            0.0732,
            0.074464,
            0.307904
          ],
          [
            0.086335,
            -0.045635,
            0.320906
          ],
          [
            -0.044696,
            0.084872,
            0.315205
          ],
          [
            -0.054637,
            -0.053898,
            0.710744
          ],
          [
            0.080261,
            0.082538,
            0.36631
          ],
          [
            0.067326,
            -0.053923,
            0.323815
          ],
          [
            -0.051429,
            0.066895,
            0.326575
          ],
          [
            -0.039322,
            -0.039665,
            0.000641
          ],
          [
            0.040516,
            0.035881,
            -0.05538
          ],
          [
            0.486687,
            -0.00251,
            -0.383789
          ],
          [
            -0.060983,
            0.661764,
            0.345029
          ],
          [
            -0.522816,
            -0.646251,
            -0.336981
          ],
          [
            0.017245,
            0.048358,
            -0.059868
          ],
          [
            0.653282,
            -0.06537,
            0.291908
          ],
          [
            0.002275,
            0.482877,
            -0.441236
          ],
          [
            -0.630224,
            -0.541679,
            -0.3379
          ],
          [
            -0.007091,
            -0.065184,
            0.147794
          ],
          [
            -0.329263,
            0.083498,
            0.06604
          ],
          [
            0.022349,
            -0.384829,
            0.216415
          ],
          [
            0.010405,
            -0.090329,
            0.0641
          ],
          [
            -0.097844,
            0.198542,
            0.013093
          ],
          [
            0.098627,
            -0.091936,
            -0.030521
          ],
          [
            -0.128726,
            -0.155741,
            -0.091616
          ],
          [
            0.121999,
            -0.066878,
            -0.240594
          ],
          [
            -0.069631,
            0.015144,
            0.104579
          ],
          [
            -0.060563,
            -0.08799,
            -0.14019
          ],
          [
            -0.066535,
            0.143263,
            -0.112692
          ],
          [
            0.075803,
            0.086957,
            0.07173
          ],
          [
            0.016354,
            -0.039673,
            0.161813
          ],
          [
            -0.060706,
            -0.044631,
            0.139475
          ],
          [
            0.07156,
            0.023554,
            0.063271
          ],
          [
            -0.04052,
            -0.045745,
            -0.176192
          ],
          [
            -0.155354,
            0.044653,
            -0.272278
          ],
          [
            0.037805,
            -0.112878,
            -0.097856
          ],
          [
            0.162174,
            0.109874,
            -0.135183
          ],
          [
            -0.044703,
            -0.043269,
            -0.177457
          ],
          [
            -0.113124,
            0.039791,
            -0.096282
          ],
          [
            0.044523,
            -0.157658,
            -0.267863
          ],
          [
            0.108562,
            0.165537,
            -0.135936
          ],
          [
            -0.102612,
            -0.115108,
            -0.011899
          ],
          [
            -0.033502,
            0.074766,
            0.139946
          ],
          [
            0.059524,
            -0.027879,
            0.160755
          ],
          [
            0.131591,
            0.120367,
            -0.015886
          ],
          [
            -0.139871,
            -0.145428,
            0.000968
          ],
          [
            -0.242089,
            0.140554,
            -0.078028
          ],
          [
            0.129587,
            -0.226442,
            -0.100465
          ],
          [
            0.208747,
            0.188376,
            -1.012659
          ],
          [
            0.029371,
            -0.009958,
            -0.097827
          ],
          [
            0.212184,
            -0.037436,
            -0.119655
          ],
          [
            0.006584,
            -0.033406,
            -0.007673
          ],
          [
            -0.061253,
            0.10762,
            0.17554
          ],
          [
            -0.009327,
            0.019774,
            0.037628
          ],
          [
            -0.02247,
            -0.021729,
            -0.110981
          ],
          [
            -0.014704,
            0.29677,
            -0.024264
          ],
          [
            0.057699,
            -0.001783,
            0.2123
          ],
          [
            0.273423,
            0.104466,
            -0.218588
          ],
          [
            0.061493,
            -0.08612,
            -0.137886
          ],
          [
            -0.203658,
            0.1104,
            -0.132267
          ],
          [
            -0.022661,
            -0.085459,
            0.121727
          ],
          [
            0.084366,
            0.087205,
            -0.009886
          ],
          [
            -0.018432,
            -0.114272,
            -0.005082
          ],
          [
            -0.079491,
            0.22005,
            0.00771
          ],
          [
            -0.003616,
            -0.17812,
            0.458935
          ]
        ],
        "Lattice": [
          [
            8.33,
            0.0,
            0.0
          ],
          [
            0.0,
            8.33,
            0.0
          ],
          [
            0.0,
            0.0,
            20.227360776
          ]
        ],
        "NumAtoms": 63,
        "Positions": [
          [
            0.0,
            0.0,
            0.0
          ],
          [
            0.0,
            4.165,
            0.0
          ],
          [
            4.165,
            0.0,
            0.0
          ],
          [
            4.165,
            4.165,
            0.0
          ],
          [
            2.0825,
            2.0825,
            0.0
          ],
          [
            2.0825,
            6.2475,
            0.0
          ],
          [
            6.2475,
            2.0825,
            0.0
          ],
          [
            6.2475,
            6.2475,
            0.0
          ],
          [
            0.0,
            2.0825,
            2.0825
          ],
          [
            0.0,
            6.2475,
            2.0825
          ],
          [
            4.165,
            2.0825,
            2.0825
          ],
          [
            4.165,
            6.2475,
            2.0825
          ],
          [
            2.0825,
            0.0,
            2.0825
          ],
          [
            2.0825,
            4.165,
            2.0825
          ],
          [
            6.2475,
            0.0,
            2.0825
          ],
          [
            6.2475,
            4.165,
            2.0825
          ],
          [
            0.04191,
            0.05038,
            4.18698
          ],
          [
            0.05062,
            4.11742,
            4.20282
          ],
          [
            4.12178,
            0.04667,
            4.1903
          ],
          [
            2.14091,
            2.1493,
            4.17527
          ],
          [
            2.1364,
            6.1775,
            4.17878
          ],
          [
            6.18458,
            2.1273,
            4.18691
          ],
          [
            6.17098,
            6.16569,
            4.21115
          ],
          [
            8.31859,
            2.09704,
            6.26909
          ],
          [
            0.03928,
            6.22264,
            6.27636
          ],
          [
            4.14063,
            2.15614,
            6.21001
          ],
          [
            4.09881,
            6.17115,
            6.30693
          ],
          [
            2.07668,
            8.32212,
            6.21857
          ],
          [
            2.14754,
            4.14771,
            6.16873
          ],
          [
            6.22547,
            0.03239,
            6.26533
          ],
          [
            6.17048,
            4.08862,
            6.26932
          ],
          [
            2.0825,
            0.0,
            0.0
          ],
          [
            2.0825,
            4.165,
            0.0
          ],
          [
            6.2475,
            0.0,
            0.0
          ],
          [
            6.2475,
            4.165,
            0.0
          ],
          [
            0.0,
            2.0825,
            0.0
          ],
          [
            0.0,
            6.2475,
            0.0
          ],
          [
            4.165,
            2.0825,
            0.0
          ],
          [
            4.165,
            6.2475,
            0.0
          ],
          [
            2.0825,
            2.0825,
            2.0825
          ],
          [
            2.0825,
            6.2475,
            2.0825
          ],
          [
            6.2475,
            2.0825,
            2.0825
          ],
          [
            6.2475,
            6.2475,
            2.0825
          ],
          [
            0.0,
            0.0,
            2.0825
          ],
          [
            0.0,
            4.165,
            2.0825
          ],
          [
            4.165,
            0.0,
            2.0825
          ],
          [
            4.165,
            4.165,
            2.0825
          ],
          [
            2.06744,
            -0.03245,
            4.16967
          ],
          [
            1.97064,
            4.1831,
            4.1682
          ],
          [
            6.27836,
            -0.081,
            4.16648
          ],
          [
            6.32173,
            4.21339,
            4.20523
          ],
          [
            8.29434,
            2.07105,
            4.17094
          ],
          [
            8.25252,
            6.28316,
            4.18166
          ],
          [
            4.18232,
            1.9628,
            4.18405
          ],
          [
            4.22111,
            6.30836,
            4.20226
          ],
          [
            2.03515,
            2.05617,
            6.27218
          ],
          [
            2.04971,
            6.25198,
            6.25578
          ],
          [
            6.26118,
            2.0433,
            6.2693
          ],
          [
            6.256,
            6.2638,
            6.27781
          ],
          [
            8.30247,
            -0.02334,
            6.26758
          ],
          [
            8.30693,
            4.17823,
            6.28073
          ],
          [
            4.17042,
            8.273,
            6.27578
          ],
          [
            4.16013,
            4.17419,
            6.42639
          ]
        ],
        "Stress": [
          [
            -50.9614,
            -0.03984,
            -0.2427
          ],
          [
            -0.03984,
            -50.58255,
            -0.27284
          ],
          [
            -0.2427,
            -0.27284,
            -24.87414
          ]
        ],
        "computation_code": "VASP",
        "pseudopotential_information": [
          [
            "PAW_PBE",
            "Ni",
            "02Aug2007"
          ],
          [
            "PAW_PBE",
            "W_sv",
            "04Sep2015"
          ],
          [
            "PAW_PBE",
            "O",
            "08Apr2002"
          ]
        ]
      }
    ],
    "EnergyStyle": "electronvolt",
    "ForcesStyle": "electronvoltperangstrom",
    "LatticeStyle": "angstrom",
    "PositionsStyle": "angstrom",
    "StressStyle": "kB"
  }
}