{
  "Dataset": {
    "AtomTypeStyle": "chemicalsymbol",
    "Data": [
      {
        "AtomTypes": [
          "Ni",
          "Ni",
          "Ni",
          "Ni",
          "Ni",
          "Ni",
          "Ni",
          "Ni",
          "Ni",
          "Ni",
          "Ni",
          "Ni",
          "Ni",
          "Ni",
          "Ni",
          "Ni",
          "Ni",
          "Ni",
          "Ni",
          "Ni",
          "Ni",
          "Ni",
          "Ni",
          "W",
          "Ni",
          "Ni",
          "Ni",
          "Ni",
          "Ni",
          "Ni",
          "Ni",
          "Ni",
          "O",
          "O",
          "O",
          "O",
          "O",
          "O",
          "O",
          "O",
          "O",
          "O",
          "O",
          "O",
          "O",
          "O",
          "O",
          "O",
          "O",
          "O",
          "O",
          "O",
          "O",
          "O",
          "O",
          "O",
          "O",
          "O",
          "O",
          "O",
          "O",
          "O",
          "O",
          "O",
          "O"
        ],
        "Energy": -351.89822508,
        "Forces": [
          [
            0.033779,
            0.056809,
            0.370235
          ],
          [
            0.045513,
            -0.030323,
            0.361676
          ],
          [
            -0.006257,
            0.060532,
            0.390267
          ],
          [
            -0.017588,
            -0.03398,
            0.333745
          ],
          [
            0.017801,
            0.002588,
            0.345584
          ],
          [
            0.017037,
            0.024199,
            0.351992
          ],
          [
            0.011335,
            -0.006542,
            0.388204
          ],
          [
            0.019287,
            0.038959,
            0.115642
          ],
          [
            -0.091341,
            -0.037363,
            -0.005555
          ],
          [
            0.397921,
            0.022566,
            -0.418529
          ],
          [
            0.088604,
            -0.121576,
            -0.088032
          ],
          [
            -0.297721,
            0.076115,
            -0.606683
          ],
          [
            0.036107,
            -0.05156,
            -0.032952
          ],
          [
            -0.050289,
            -0.003356,
            -0.137541
          ],
          [
            0.000574,
            0.433623,
            -0.800203
          ],
          [
            0.048961,
            -0.365909,
            -0.541246
          ],
          [
            -0.017619,
            0.012236,
            -0.011101
          ],
          [
            -0.012602,
            -0.007513,
            -0.009375
          ],
          [
            -0.002973,
            -0.000388,
            -0.015581
          ],
          [
            -0.012396,
            0.004382,
            0.003886
          ],
          [
            -0.009513,
            0.003861,
            -0.002778
          ],
          [
            0.012559,
            0.001463,
            -0.012934
          ],
          [
            -0.009422,
            0.00883,
            -0.005564
          ],
          [
            -0.068916,
            0.010875,
            -0.125881
          ],
          [
            -0.023133,
            -0.002674,
            -0.015878
          ],
          [
            0.002136,
            -0.011854,
            0.069029
          ],
          [
            -0.004517,
            0.008478,
            0.005943
          ],
          [
            0.007817,
            0.003399,
            0.010474
          ],
          [
            -0.014051,
            0.021612,
            0.003654
          ],
          [
            -0.00111,
            -0.021455,
            0.008212
          ],
          [
            -0.022081,
            -0.014777,
            -0.036514
          ],
          [
            -0.019969,
            -0.001967,
            0.039599
          ],
          [
            -0.005126,
            -0.02076,
            -0.219747
          ],
          [
            0.000364,
            0.021775,
            -0.206864
          ],
          [
            0.002562,
            -0.078154,
            -0.21366
          ],
          [
            -0.003174,
            0.076432,
            -0.154991
          ],
          [
            -0.000582,
            0.015105,
            -0.197862
          ],
          [
            -0.063734,
            -0.014467,
            -0.133644
          ],
          [
            -0.001578,
            0.020861,
            -0.209324
          ],
          [
            0.057939,
            -0.019769,
            -0.134426
          ],
          [
            -0.036636,
            -0.024842,
            0.064481
          ],
          [
            0.014135,
            -0.033073,
            0.206609
          ],
          [
            0.025367,
            0.129274,
            0.199524
          ],
          [
            0.131938,
            -0.066511,
            0.694878
          ],
          [
            0.074064,
            -0.070906,
            0.087475
          ],
          [
            -0.046907,
            0.017621,
            0.085076
          ],
          [
            -0.090093,
            -0.089028,
            0.014364
          ],
          [
            0.052515,
            0.055283,
            -0.00484
          ],
          [
            -0.011212,
            0.004407,
            0.017973
          ],
          [
            -0.006039,
            0.00564,
            0.030288
          ],
          [
            -0.010816,
            -0.015713,
            0.006081
          ],
          [
            -0.014639,
            0.009409,
            -0.004163
          ],
          [
            -0.013804,
            0.00806,
            -0.005103
          ],
          [
            -0.015654,
            0.00632,
            -0.011075
          ],
          [
            -0.013108,
            0.011845,
            -0.006487
          ],
          [
            0.025455,
            0.005681,
            0.011538
          ],
          [
            -0.014006,
            0.003959,
            -0.000113
          ],
          [
            0.031706,
            -0.0013,
            0.025954
          ],
          [
            -0.012259,
            -0.002089,
            -0.004919
          ],
          [
            -0.041112,
            -0.017712,
            0.095558
          ],
          [
            -0.012973,
            0.028682,
            -0.007581
          ],
          [
            -0.00571,
            -0.027719,
            -0.003857
          ],
          [
            -0.027723,
            -0.008018,
            0.003298
          ],
          [
            -0.009478,
            0.002911,
            0.014047
          ],
          [
            -0.017614,
            -0.012494,
            0.029719
          ]
        ],
        "Lattice": [
          [
            8.33,
            0.0,
            0.0
          ],
          [
            0.0,
            8.33,
            0.0
          ],
          [
            0.0,
            0.0,
            20.227360776
          ]
        ],
        "NumAtoms": 65,
        "Positions": [
          [
            0.0,
            0.0,
            0.0
          ],
          [
            0.0,
            4.165,
            0.0
          ],
          [
            4.165,
            0.0,
            0.0
          ],
          [
            4.165,
            4.165,
            0.0
          ],
          [
            2.0825,
            2.0825,
            0.0
          ],
          [
            2.0825,
            6.2475,
            0.0
          ],
          [
            6.2475,
            2.0825,
            0.0
          ],
          [
            6.2475,
            6.2475,
            0.0
          ],
          [
            0.0,
            2.0825,
            2.0825
          ],
          [
            0.0,
            6.2475,
            2.0825
          ],
          [
            4.165,
            2.0825,
            2.0825
          ],
          [
            4.165,
            6.2475,
            2.0825
          ],
          [
            2.0825,
            0.0,
            2.0825
          ],
          [
            2.0825,
            4.165,
            2.0825
          ],
          [
            6.2475,
            0.0,
            2.0825
          ],
          [
            6.2475,
            4.165,
            2.0825
          ],
          [
            0.03376,
            0.02755,
            4.25416
          ],
          [
            0.02734,
            4.12727,
            4.24449
          ],
          [
            4.16603,
            0.02104,
            4.2607
          ],
          [
            4.14957,
            4.11763,
            4.19388
          ],
          [
            2.08527,
            2.0613,
            4.18178
          ],
          [
            2.14275,
            6.23658,
            4.2288
          ],
          [
            6.25398,
            2.09424,
            4.26739
          ],
          [
            6.23846,
            6.26323,
            4.35848
          ],
          [
            -0.00407,
            2.08725,
            6.29784
          ],
          [
            0.14988,
            6.23019,
            6.48369
          ],
          [
            4.13764,
            2.01194,
            6.25211
          ],
          [
            4.00332,
            5.88973,
            7.0508
          ],
          [
            2.15089,
            -0.00279,
            6.2815
          ],
          [
            2.07536,
            4.07454,
            6.23256
          ],
          [
            6.22765,
            0.13323,
            6.65823
          ],
          [
            5.88627,
            3.94946,
            7.06974
          ],
          [
            2.0825,
            0.0,
            0.0
          ],
          [
            2.0825,
            4.165,
            0.0
          ],
          [
            6.2475,
            0.0,
            0.0
          ],
          [
            6.2475,
            4.165,
            0.0
          ],
          [
            0.0,
            2.0825,
            0.0
          ],
          [
            0.0,
            6.2475,
            0.0
          ],
          [
            4.165,
            2.0825,
            0.0
          ],
          [
            4.165,
            6.2475,
            0.0
          ],
          [
            2.0825,
            2.0825,
            2.0825
          ],
          [
            2.0825,
            6.2475,
            2.0825
          ],
          [
            6.2475,
            2.0825,
            2.0825
          ],
          [
            6.2475,
            6.2475,
            2.0825
          ],
          [
            0.0,
            0.0,
            2.0825
          ],
          [
            0.0,
            4.165,
            2.0825
          ],
          [
            4.165,
            0.0,
            2.0825
          ],
          [
            4.165,
            4.165,
            2.0825
          ],
          [
            2.09493,
            -0.04151,
            4.16871
          ],
          [
            2.08794,
            4.17542,
            4.14335
          ],
          [
            6.24799,
            -0.04528,
            4.04091
          ],
          [
            6.26286,
            4.26213,
            4.11524
          ],
          [
            8.3086,
            2.07672,
            4.1916
          ],
          [
            -0.02523,
            6.22765,
            4.13891
          ],
          [
            4.19556,
            2.0695,
            4.15741
          ],
          [
            4.24993,
            6.24118,
            4.11643
          ],
          [
            2.05721,
            2.04605,
            6.22153
          ],
          [
            2.16709,
            6.21251,
            6.31305
          ],
          [
            6.26931,
            2.17635,
            6.32744
          ],
          [
            6.43045,
            6.48011,
            6.11157
          ],
          [
            0.11219,
            0.00121,
            6.30819
          ],
          [
            0.09755,
            4.16791,
            6.30476
          ],
          [
            4.14361,
            0.04461,
            6.30063
          ],
          [
            4.06325,
            4.02946,
            6.1677
          ],
          [
            5.2721,
            5.24201,
            8.17933
          ]
        ],
        "Stress": [
          [
            -45.12747,
            2.53069,
            -1.45451
          ],
          [
            2.53069,
            -46.97604,
            -0.31975
          ],
          [
            -1.45451,
            -0.31975,
            -26.25237
          ]
        ],
        "computation_code": "VASP",
        "pseudopotential_information": [
          [
            "PAW_PBE",
            "Ni",
            "02Aug2007"
          ],
          [
            "PAW_PBE",
            "W_sv",
            "04Sep2015"
          ],
          [
            "PAW_PBE",
            "O",
            "08Apr2002"
          ]
        ]
      }
    ],
    "EnergyStyle": "electronvolt",
    "ForcesStyle": "electronvoltperangstrom",
    "LatticeStyle": "angstrom",
    "PositionsStyle": "angstrom",
    "StressStyle": "kB"
  }
}