{
  "Dataset": {
    "AtomTypeStyle": "chemicalsymbol",
    "Data": [
      {
        "AtomTypes": [
          "Ni",
          "Ni",
          "Ni",
          "Ni",
          "Ni",
          "Ni",
          "Ni",
          "Ni",
          "Ni",
          "Ni",
          "Ni",
          "Ni",
          "Ni",
          "Ni",
          "Ni",
          "Ni",
          "Ni",
          "Ni",
          "Ni",
          "Ni",
          "Ni",
          "Ni",
          "W",
          "Ni",
          "Ni",
          "Ni",
          "Ni",
          "Ni",
          "Ni",
          "Ni",
          "Ni",
          "O",
          "O",
          "O",
          "O",
          "O",
          "O",
          "O",
          "O",
          "O",
          "O",
          "O",
          "O",
          "O",
          "O",
          "O",
          "O",
          "O",
          "O",
          "O",
          "O",
          "O",
          "O",
          "O",
          "O",
          "O",
          "O",
          "O",
          "O",
          "O",
          "O",
          "O",
          "O"
        ],
        "Energy": -341.10913822,
        "Forces": [
          [
            0.089977,
            0.097489,
            0.252531
          ],
          [
            0.099275,
            -0.067147,
            0.301569
          ],
          [
            -0.060448,
            0.094211,
            0.296415
          ],
          [
            -0.066872,
            -0.063995,
            0.766083
          ],
          [
            0.099756,
            0.107627,
            0.404267
          ],
          [
            0.10006,
            -0.078725,
            0.335641
          ],
          [
            -0.072242,
            0.09619,
            0.336172
          ],
          [
            -0.074403,
            -0.068819,
            -0.053326
          ],
          [
            0.114442,
            0.10772,
            -0.338625
          ],
          [
            0.652802,
            -0.109104,
            -0.724598
          ],
          [
            -0.134911,
            0.812659,
            0.596741
          ],
          [
            -0.643103,
            -0.843649,
            -0.507526
          ],
          [
            0.0914,
            0.124337,
            -0.194084
          ],
          [
            0.827008,
            -0.125282,
            0.554157
          ],
          [
            -0.100272,
            0.664327,
            -0.84476
          ],
          [
            -0.812101,
            -0.642618,
            -0.093883
          ],
          [
            0.569457,
            0.535701,
            -0.231774
          ],
          [
            0.572498,
            -0.472169,
            0.040932
          ],
          [
            -0.450303,
            0.748179,
            -0.430086
          ],
          [
            0.598902,
            0.818249,
            -0.472136
          ],
          [
            0.514471,
            -0.86182,
            -0.216507
          ],
          [
            -0.61461,
            0.788911,
            -0.05429
          ],
          [
            -1.565882,
            -2.108484,
            -0.093547
          ],
          [
            -0.077775,
            0.353824,
            -1.019599
          ],
          [
            0.349227,
            -0.424178,
            -0.009156
          ],
          [
            0.23629,
            1.30568,
            0.59064
          ],
          [
            -0.459307,
            -0.92853,
            -0.783521
          ],
          [
            -0.073716,
            -0.090427,
            -0.338849
          ],
          [
            0.624048,
            0.139069,
            -0.943215
          ],
          [
            0.084755,
            0.451928,
            0.151875
          ],
          [
            -0.637526,
            -0.730053,
            0.070241
          ],
          [
            -0.070705,
            -0.067511,
            -0.155928
          ],
          [
            -0.20939,
            0.0658,
            -0.301212
          ],
          [
            0.069524,
            -0.146886,
            -0.044603
          ],
          [
            0.210654,
            0.142735,
            -0.141938
          ],
          [
            -0.065297,
            -0.073392,
            -0.190297
          ],
          [
            -0.146748,
            0.072583,
            -0.051338
          ],
          [
            0.063881,
            -0.212796,
            -0.30911
          ],
          [
            0.135507,
            0.212343,
            -0.168492
          ],
          [
            -0.167788,
            -0.244378,
            -0.13807
          ],
          [
            -0.218716,
            0.217976,
            0.105628
          ],
          [
            0.123806,
            -0.135937,
            0.036585
          ],
          [
            0.295551,
            0.288609,
            -0.145459
          ],
          [
            -0.212682,
            -0.289757,
            0.212394
          ],
          [
            -0.290544,
            0.274236,
            -0.038504
          ],
          [
            0.194593,
            -0.210609,
            -0.009579
          ],
          [
            0.277498,
            0.176885,
            -1.282133
          ],
          [
            -0.272604,
            -0.312709,
            0.206642
          ],
          [
            -1.309025,
            0.247577,
            0.242469
          ],
          [
            0.338639,
            -0.641789,
            0.136039
          ],
          [
            0.720112,
            1.463679,
            -0.40328
          ],
          [
            -0.159988,
            -0.300726,
            0.714399
          ],
          [
            -0.601605,
            0.41924,
            0.272074
          ],
          [
            0.175095,
            -1.471769,
            -0.550235
          ],
          [
            1.334548,
            0.745117,
            0.921745
          ],
          [
            -0.809206,
            -0.329132,
            0.501597
          ],
          [
            -0.667999,
            0.374444,
            0.312129
          ],
          [
            0.85385,
            -0.855367,
            0.102507
          ],
          [
            0.412873,
            0.928787,
            0.414855
          ],
          [
            -0.121817,
            -0.579343,
            0.299653
          ],
          [
            0.45818,
            0.513768,
            0.33658
          ],
          [
            0.175545,
            -0.826359,
            0.443153
          ],
          [
            -0.296639,
            0.92358,
            1.323946
          ]
        ],
        "Lattice": [
          [
            8.33,
            0.0,
            0.0
          ],
          [
            0.0,
            8.33,
            0.0
          ],
          [
            0.0,
            0.0,
            20.227360776
          ]
        ],
        "NumAtoms": 63,
        "Positions": [
          [
            0.0,
            0.0,
            0.0
          ],
          [
            0.0,
            4.165,
            0.0
          ],
          [
            4.165,
            0.0,
            0.0
          ],
          [
            4.165,
            4.165,
            0.0
          ],
          [
            2.0825,
            2.0825,
            0.0
          ],
          [
            2.0825,
            6.2475,
            0.0
          ],
          [
            6.2475,
            2.0825,
            0.0
          ],
          [
            6.2475,
            6.2475,
            0.0
          ],
          [
            0.0,
            2.0825,
            2.0825
          ],
          [
            0.0,
            6.2475,
            2.0825
          ],
          [
            4.165,
            2.0825,
            2.0825
          ],
          [
            4.165,
            6.2475,
            2.0825
          ],
          [
            2.0825,
            0.0,
            2.0825
          ],
          [
            2.0825,
            4.165,
            2.0825
          ],
          [
            6.2475,
            0.0,
            2.0825
          ],
          [
            6.2475,
            4.165,
            2.0825
          ],
          [
            0.00731,
            0.02332,
            4.18552
          ],
          [
            0.01927,
            4.14694,
            4.1831
          ],
          [
            4.1519,
            8.31574,
            4.18578
          ],
          [
            2.06705,
            2.08434,
            4.18576
          ],
          [
            2.10543,
            6.23796,
            4.18604
          ],
          [
            6.2465,
            2.07755,
            4.17356
          ],
          [
            6.21512,
            6.23379,
            4.18091
          ],
          [
            8.31487,
            2.07196,
            6.37726
          ],
          [
            0.01986,
            6.25839,
            6.27526
          ],
          [
            4.1263,
            2.05492,
            6.27061
          ],
          [
            4.14541,
            6.22246,
            6.3789
          ],
          [
            2.06456,
            8.3118,
            6.23951
          ],
          [
            2.07549,
            4.15155,
            6.23899
          ],
          [
            6.23354,
            8.32134,
            6.25155
          ],
          [
            6.22483,
            4.1622,
            6.24974
          ],
          [
            2.0825,
            0.0,
            0.0
          ],
          [
            2.0825,
            4.165,
            0.0
          ],
          [
            6.2475,
            0.0,
            0.0
          ],
          [
            6.2475,
            4.165,
            0.0
          ],
          [
            0.0,
            2.0825,
            0.0
          ],
          [
            0.0,
            6.2475,
            0.0
          ],
          [
            4.165,
            2.0825,
            0.0
          ],
          [
            4.165,
            6.2475,
            0.0
          ],
          [
            2.0825,
            2.0825,
            2.0825
          ],
          [
            2.0825,
            6.2475,
            2.0825
          ],
          [
            6.2475,
            2.0825,
            2.0825
          ],
          [
            6.2475,
            6.2475,
            2.0825
          ],
          [
            0.0,
            0.0,
            2.0825
          ],
          [
            0.0,
            4.165,
            2.0825
          ],
          [
            4.165,
            0.0,
            2.0825
          ],
          [
            4.165,
            4.165,
            2.0825
          ],
          [
            2.08146,
            -0.00104,
            4.17023
          ],
          [
            2.06834,
            4.16515,
            4.1648
          ],
          [
            6.24858,
            -0.00532,
            4.1633
          ],
          [
            6.25704,
            4.18403,
            4.23046
          ],
          [
            8.3125,
            2.08225,
            4.10642
          ],
          [
            8.32085,
            6.24903,
            4.17396
          ],
          [
            4.17049,
            2.0699,
            4.17008
          ],
          [
            4.18519,
            6.24028,
            4.10842
          ],
          [
            2.02198,
            2.07534,
            6.24166
          ],
          [
            2.10583,
            6.22856,
            6.24227
          ],
          [
            6.26775,
            2.10786,
            6.27173
          ],
          [
            6.21918,
            6.18947,
            6.25956
          ],
          [
            8.30494,
            0.02398,
            6.24157
          ],
          [
            8.26639,
            4.13801,
            6.25856
          ],
          [
            4.16398,
            8.26942,
            6.24078
          ],
          [
            4.19715,
            4.18633,
            6.28411
          ]
        ],
        "Stress": [
          [
            -48.96464,
            -0.16132,
            -0.32462
          ],
          [
            -0.16132,
            -49.43824,
            -0.03171
          ],
          [
            -0.32462,
            -0.03171,
            -20.49349
          ]
        ],
        "computation_code": "VASP",
        "pseudopotential_information": [
          [
            "PAW_PBE",
            "Ni",
            "02Aug2007"
          ],
          [
            "PAW_PBE",
            "W_sv",
            "04Sep2015"
          ],
          [
            "PAW_PBE",
            "O",
            "08Apr2002"
          ]
        ]
      }
    ],
    "EnergyStyle": "electronvolt",
    "ForcesStyle": "electronvoltperangstrom",
    "LatticeStyle": "angstrom",
    "PositionsStyle": "angstrom",
    "StressStyle": "kB"
  }
}