{
  "Dataset": {
    "AtomTypeStyle": "chemicalsymbol",
    "Data": [
      {
        "AtomTypes": [
          "Ni",
          "Ni",
          "Ni",
          "Ni",
          "Ni",
          "Ni",
          "Ni",
          "Ni",
          "Ni",
          "Ni",
          "Ni",
          "Ni",
          "Ni",
          "Ni",
          "Ni",
          "Ni",
          "Ni",
          "Ni",
          "Ni",
          "Ni",
          "Ni",
          "Ni",
          "Ni",
          "W",
          "Ni",
          "Ni",
          "Ni",
          "Ni",
          "Ni",
          "Ni",
          "Ni",
          "O",
          "O",
          "O",
          "O",
          "O",
          "O",
          "O",
          "O",
          "O",
          "O",
          "O",
          "O",
          "O",
          "O",
          "O",
          "O",
          "O",
          "O",
          "O",
          "O",
          "O",
          "O",
          "O",
          "O",
          "O",
          "O",
          "O",
          "O",
          "O",
          "O",
          "O",
          "O"
        ],
        "Energy": -342.74095548,
        "Forces": [
          [
            0.06078,
            0.064756,
            0.340252
          ],
          [
            0.05882,
            -0.032523,
            0.346165
          ],
          [
            -0.026458,
            0.044945,
            0.323396
          ],
          [
            -0.034455,
            -0.023907,
            0.355726
          ],
          [
            0.018897,
            0.024158,
            0.371518
          ],
          [
            0.031267,
            0.004196,
            0.354913
          ],
          [
            0.01237,
            0.019437,
            0.357225
          ],
          [
            -0.026297,
            0.004034,
            0.037957
          ],
          [
            0.023009,
            0.039991,
            -0.01783
          ],
          [
            0.397216,
            -0.018032,
            -0.238205
          ],
          [
            -0.00863,
            0.001282,
            -0.051512
          ],
          [
            -0.474652,
            -0.026317,
            -0.383741
          ],
          [
            0.020772,
            0.029783,
            -0.081913
          ],
          [
            -0.011181,
            -0.039022,
            -0.123265
          ],
          [
            0.020376,
            0.371046,
            -0.462019
          ],
          [
            0.004758,
            -0.409884,
            -0.666704
          ],
          [
            0.004391,
            0.007133,
            -0.000686
          ],
          [
            -0.005626,
            -0.006592,
            -0.001202
          ],
          [
            -0.001884,
            -0.001817,
            0.001546
          ],
          [
            0.009819,
            0.00836,
            -0.004636
          ],
          [
            -0.002837,
            -0.003929,
            -0.0033
          ],
          [
            0.002771,
            0.006952,
            -0.005259
          ],
          [
            0.011223,
            -0.000108,
            0.003603
          ],
          [
            -0.013697,
            -0.033399,
            0.020711
          ],
          [
            -0.002908,
            -0.005504,
            -0.038159
          ],
          [
            -0.003875,
            -0.001961,
            -0.005656
          ],
          [
            0.006485,
            -0.005771,
            0.024218
          ],
          [
            0.002323,
            0.007098,
            -0.006139
          ],
          [
            -0.003396,
            -0.006866,
            -0.003686
          ],
          [
            -0.007572,
            -0.000722,
            0.00116
          ],
          [
            0.003185,
            0.003663,
            0.001504
          ],
          [
            -0.012876,
            -0.029357,
            -0.203361
          ],
          [
            -0.000452,
            0.027827,
            -0.230881
          ],
          [
            0.010823,
            -0.064131,
            -0.117571
          ],
          [
            0.004225,
            0.066691,
            -0.134106
          ],
          [
            -0.027578,
            -0.015011,
            -0.201977
          ],
          [
            -0.077058,
            0.014125,
            -0.103738
          ],
          [
            0.026847,
            -0.002229,
            -0.20186
          ],
          [
            0.084721,
            0.00326,
            -0.159791
          ],
          [
            -0.008086,
            -0.063994,
            0.003729
          ],
          [
            -0.074495,
            0.034973,
            0.070802
          ],
          [
            -0.000242,
            -0.057959,
            0.128867
          ],
          [
            0.024452,
            0.088982,
            0.564289
          ],
          [
            -0.082697,
            -0.143383,
            0.079875
          ],
          [
            -0.133056,
            0.136613,
            0.078773
          ],
          [
            0.095029,
            -0.111537,
            0.053486
          ],
          [
            0.073689,
            0.055192,
            -0.013411
          ],
          [
            0.00289,
            0.000437,
            -0.0028
          ],
          [
            0.00487,
            -0.002081,
            -0.002108
          ],
          [
            0.003262,
            0.002966,
            -0.005049
          ],
          [
            0.003821,
            0.027031,
            -0.001322
          ],
          [
            0.004111,
            0.002853,
            0.014608
          ],
          [
            0.006253,
            0.000882,
            -0.005614
          ],
          [
            0.001122,
            0.002143,
            -0.009966
          ],
          [
            0.00326,
            0.004107,
            -0.001368
          ],
          [
            -0.020521,
            0.003477,
            0.000406
          ],
          [
            -0.00159,
            0.003958,
            -0.007986
          ],
          [
            0.022654,
            -0.003179,
            -0.001762
          ],
          [
            -0.003155,
            -0.004554,
            -0.025651
          ],
          [
            -0.000275,
            0.011022,
            -0.005283
          ],
          [
            0.006083,
            -0.014291,
            -0.004721
          ],
          [
            -0.003136,
            -4.9e-05,
            -0.003532
          ],
          [
            0.002109,
            0.004736,
            0.003039
          ]
        ],
        "Lattice": [
          [
            8.33,
            0.0,
            0.0
          ],
          [
            0.0,
            8.33,
            0.0
          ],
          [
            0.0,
            0.0,
            20.227360776
          ]
        ],
        "NumAtoms": 63,
        "Positions": [
          [
            0.0,
            0.0,
            0.0
          ],
          [
            0.0,
            4.165,
            0.0
          ],
          [
            4.165,
            0.0,
            0.0
          ],
          [
            4.165,
            4.165,
            0.0
          ],
          [
            2.0825,
            2.0825,
            0.0
          ],
          [
            2.0825,
            6.2475,
            0.0
          ],
          [
            6.2475,
            2.0825,
            0.0
          ],
          [
            6.2475,
            6.2475,
            0.0
          ],
          [
            0.0,
            2.0825,
            2.0825
          ],
          [
            0.0,
            6.2475,
            2.0825
          ],
          [
            4.165,
            2.0825,
            2.0825
          ],
          [
            4.165,
            6.2475,
            2.0825
          ],
          [
            2.0825,
            0.0,
            2.0825
          ],
          [
            2.0825,
            4.165,
            2.0825
          ],
          [
            6.2475,
            0.0,
            2.0825
          ],
          [
            6.2475,
            4.165,
            2.0825
          ],
          [
            0.05305,
            0.03662,
            4.22428
          ],
          [
            0.03709,
            4.13637,
            4.2446
          ],
          [
            4.14132,
            0.02452,
            4.21327
          ],
          [
            4.13112,
            4.10804,
            4.22073
          ],
          [
            2.08845,
            2.08258,
            4.20871
          ],
          [
            2.09228,
            6.23966,
            4.21358
          ],
          [
            6.25791,
            2.10488,
            4.23135
          ],
          [
            6.25728,
            6.16287,
            4.3067
          ],
          [
            8.27008,
            2.18016,
            6.333
          ],
          [
            0.07524,
            6.20026,
            6.3566
          ],
          [
            4.25486,
            2.17973,
            6.3231
          ],
          [
            4.14205,
            6.1815,
            6.30854
          ],
          [
            2.10325,
            0.0157,
            6.25753
          ],
          [
            2.09419,
            4.15179,
            6.24772
          ],
          [
            6.26694,
            0.02508,
            6.27817
          ],
          [
            2.0825,
            0.0,
            0.0
          ],
          [
            2.0825,
            4.165,
            0.0
          ],
          [
            6.2475,
            0.0,
            0.0
          ],
          [
            6.2475,
            4.165,
            0.0
          ],
          [
            0.0,
            2.0825,
            0.0
          ],
          [
            0.0,
            6.2475,
            0.0
          ],
          [
            4.165,
            2.0825,
            0.0
          ],
          [
            4.165,
            6.2475,
            0.0
          ],
          [
            2.0825,
            2.0825,
            2.0825
          ],
          [
            2.0825,
            6.2475,
            2.0825
          ],
          [
            6.2475,
            2.0825,
            2.0825
          ],
          [
            6.2475,
            6.2475,
            2.0825
          ],
          [
            0.0,
            0.0,
            2.0825
          ],
          [
            0.0,
            4.165,
            2.0825
          ],
          [
            4.165,
            0.0,
            2.0825
          ],
          [
            4.165,
            4.165,
            2.0825
          ],
          [
            2.09599,
            -0.00996,
            4.15952
          ],
          [
            2.07801,
            4.17262,
            4.12693
          ],
          [
            6.26524,
            -0.09625,
            4.1275
          ],
          [
            6.21628,
            4.19802,
            4.10325
          ],
          [
            8.31803,
            2.08469,
            4.16729
          ],
          [
            0.00943,
            6.26295,
            4.20961
          ],
          [
            4.18853,
            2.06227,
            4.16599
          ],
          [
            4.17136,
            6.24246,
            4.14811
          ],
          [
            2.1,
            2.04252,
            6.26307
          ],
          [
            2.11896,
            6.29801,
            6.26709
          ],
          [
            6.25728,
            1.9399,
            6.23963
          ],
          [
            6.31137,
            6.32233,
            6.22608
          ],
          [
            0.02389,
            -0.03745,
            6.28043
          ],
          [
            0.16238,
            4.1995,
            6.25855
          ],
          [
            4.18878,
            8.2605,
            6.26598
          ],
          [
            4.02735,
            4.19415,
            6.239
          ]
        ],
        "Stress": [
          [
            -41.07757,
            0.62999,
            -0.07984
          ],
          [
            0.62999,
            -45.25624,
            -0.21022
          ],
          [
            -0.07984,
            -0.21022,
            -26.26348
          ]
        ],
        "computation_code": "VASP",
        "pseudopotential_information": [
          [
            "PAW_PBE",
            "Ni",
            "02Aug2007"
          ],
          [
            "PAW_PBE",
            "W_sv",
            "04Sep2015"
          ],
          [
            "PAW_PBE",
            "O",
            "08Apr2002"
          ]
        ]
      }
    ],
    "EnergyStyle": "electronvolt",
    "ForcesStyle": "electronvoltperangstrom",
    "LatticeStyle": "angstrom",
    "PositionsStyle": "angstrom",
    "StressStyle": "kB"
  }
}