{
  "Dataset": {
    "AtomTypeStyle": "chemicalsymbol",
    "Data": [
      {
        "AtomTypes": [
          "Ni",
          "Ni",
          "Ni",
          "Ni",
          "Ni",
          "Ni",
          "Ni",
          "Ni",
          "Ni",
          "Ni",
          "Ni",
          "Ni",
          "Ni",
          "Ni",
          "Ni",
          "Ni",
          "Ni",
          "Ni",
          "Ni",
          "Ni",
          "Ni",
          "Ni",
          "Ni",
          "W",
          "Ni",
          "Ni",
          "Ni",
          "Ni",
          "Ni",
          "Ni",
          "Ni",
          "O",
          "O",
          "O",
          "O",
          "O",
          "O",
          "O",
          "O",
          "O",
          "O",
          "O",
          "O",
          "O",
          "O",
          "O",
          "O",
          "O",
          "O",
          "O",
          "O",
          "O",
          "O",
          "O",
          "O",
          "O",
          "O",
          "O",
          "O",
          "O",
          "O",
          "O",
          "O"
        ],
        "Energy": -342.73811099,
        "Forces": [
          [
            0.05996,
            0.064184,
            0.340193
          ],
          [
            0.058223,
            -0.032669,
            0.343293
          ],
          [
            -0.027265,
            0.045476,
            0.323174
          ],
          [
            -0.035379,
            -0.024776,
            0.35573
          ],
          [
            0.018422,
            0.023438,
            0.371945
          ],
          [
            0.029864,
            0.00429,
            0.354124
          ],
          [
            0.01116,
            0.018448,
            0.356551
          ],
          [
            -0.027375,
            0.003854,
            0.033632
          ],
          [
            0.010844,
            0.03202,
            -0.027105
          ],
          [
            0.386494,
            -0.016736,
            -0.25547
          ],
          [
            -0.024077,
            -0.000494,
            -0.058635
          ],
          [
            -0.493919,
            -0.026287,
            -0.386168
          ],
          [
            0.0072,
            0.029663,
            -0.089847
          ],
          [
            -0.01633,
            -0.045087,
            -0.129761
          ],
          [
            0.007855,
            0.370505,
            -0.466592
          ],
          [
            -0.009668,
            -0.417054,
            -0.680992
          ],
          [
            0.004545,
            0.002411,
            -0.013634
          ],
          [
            0.00589,
            0.004865,
            0.00992
          ],
          [
            0.005005,
            0.004823,
            -0.003334
          ],
          [
            0.005255,
            0.000161,
            0.015498
          ],
          [
            0.006587,
            0.002093,
            -0.007155
          ],
          [
            0.008516,
            0.004198,
            -0.001783
          ],
          [
            -0.000213,
            0.002772,
            0.005497
          ],
          [
            0.014497,
            0.007222,
            0.021036
          ],
          [
            0.007545,
            0.005041,
            0.018684
          ],
          [
            0.008913,
            -0.010247,
            -0.000589
          ],
          [
            -0.003713,
            -0.001634,
            -0.044206
          ],
          [
            0.008328,
            -0.023433,
            0.004722
          ],
          [
            0.016151,
            -0.007779,
            -0.004903
          ],
          [
            0.015468,
            -0.002133,
            0.008353
          ],
          [
            0.003831,
            -0.004238,
            -0.001386
          ],
          [
            -0.012252,
            -0.029988,
            -0.203307
          ],
          [
            -0.000473,
            0.028447,
            -0.230249
          ],
          [
            0.011676,
            -0.063754,
            -0.116536
          ],
          [
            0.005724,
            0.066289,
            -0.131764
          ],
          [
            -0.027326,
            -0.014131,
            -0.201543
          ],
          [
            -0.075816,
            0.013326,
            -0.103287
          ],
          [
            0.027913,
            -0.001882,
            -0.202104
          ],
          [
            0.085569,
            0.002604,
            -0.156784
          ],
          [
            -0.019926,
            -0.065359,
            -0.000654
          ],
          [
            -0.080299,
            0.030869,
            0.063662
          ],
          [
            -0.011033,
            -0.058688,
            0.127191
          ],
          [
            0.018084,
            0.082969,
            0.554306
          ],
          [
            -0.095776,
            -0.144239,
            0.072908
          ],
          [
            -0.145483,
            0.132165,
            0.071807
          ],
          [
            0.084629,
            -0.115494,
            0.05125
          ],
          [
            0.064844,
            0.057094,
            -0.013128
          ],
          [
            0.006159,
            -0.000417,
            0.008174
          ],
          [
            0.00658,
            0.000335,
            -0.003926
          ],
          [
            0.001344,
            0.016601,
            0.003104
          ],
          [
            0.0076,
            -0.006851,
            0.005448
          ],
          [
            0.000488,
            0.003606,
            0.001417
          ],
          [
            0.009253,
            -0.004563,
            0.004735
          ],
          [
            0.009018,
            0.003233,
            0.030933
          ],
          [
            -0.004041,
            -0.004484,
            0.005972
          ],
          [
            0.029241,
            -0.008215,
            0.000301
          ],
          [
            0.014651,
            0.010588,
            -0.000371
          ],
          [
            -0.009469,
            0.015246,
            -0.000567
          ],
          [
            0.004772,
            0.007236,
            -0.01476
          ],
          [
            0.012759,
            0.000564,
            0.002165
          ],
          [
            -0.007225,
            0.014144,
            -0.008136
          ],
          [
            0.001883,
            0.016661,
            0.000387
          ],
          [
            0.024322,
            0.003191,
            -0.007438
          ]
        ],
        "Lattice": [
          [
            8.33,
            0.0,
            0.0
          ],
          [
            0.0,
            8.33,
            0.0
          ],
          [
            0.0,
            0.0,
            20.227360776
          ]
        ],
        "NumAtoms": 63,
        "Positions": [
          [
            0.0,
            0.0,
            0.0
          ],
          [
            0.0,
            4.165,
            0.0
          ],
          [
            4.165,
            0.0,
            0.0
          ],
          [
            4.165,
            4.165,
            0.0
          ],
          [
            2.0825,
            2.0825,
            0.0
          ],
          [
            2.0825,
            6.2475,
            0.0
          ],
          [
            6.2475,
            2.0825,
            0.0
          ],
          [
            6.2475,
            6.2475,
            0.0
          ],
          [
            0.0,
            2.0825,
            2.0825
          ],
          [
            0.0,
            6.2475,
            2.0825
          ],
          [
            4.165,
            2.0825,
            2.0825
          ],
          [
            4.165,
            6.2475,
            2.0825
          ],
          [
            2.0825,
            0.0,
            2.0825
          ],
          [
            2.0825,
            4.165,
            2.0825
          ],
          [
            6.2475,
            0.0,
            2.0825
          ],
          [
            6.2475,
            4.165,
            2.0825
          ],
          [
            0.04198,
            0.03397,
            4.22244
          ],
          [
            0.02795,
            4.13337,
            4.23945
          ],
          [
            4.13032,
            0.02366,
            4.2131
          ],
          [
            4.12236,
            4.10556,
            4.22151
          ],
          [
            2.07835,
            2.07987,
            4.2083
          ],
          [
            2.08072,
            6.23739,
            4.21098
          ],
          [
            6.24665,
            2.10203,
            4.23027
          ],
          [
            6.24516,
            6.15909,
            4.3035
          ],
          [
            8.25007,
            2.17666,
            6.32866
          ],
          [
            0.05449,
            6.19588,
            6.3512
          ],
          [
            4.23673,
            2.17454,
            6.32478
          ],
          [
            4.12186,
            6.181,
            6.30562
          ],
          [
            2.08209,
            0.01287,
            6.25549
          ],
          [
            2.07661,
            4.14798,
            6.2454
          ],
          [
            6.24703,
            0.02049,
            6.27648
          ],
          [
            2.0825,
            0.0,
            0.0
          ],
          [
            2.0825,
            4.165,
            0.0
          ],
          [
            6.2475,
            0.0,
            0.0
          ],
          [
            6.2475,
            4.165,
            0.0
          ],
          [
            0.0,
            2.0825,
            0.0
          ],
          [
            0.0,
            6.2475,
            0.0
          ],
          [
            4.165,
            2.0825,
            0.0
          ],
          [
            4.165,
            6.2475,
            0.0
          ],
          [
            2.0825,
            2.0825,
            2.0825
          ],
          [
            2.0825,
            6.2475,
            2.0825
          ],
          [
            6.2475,
            2.0825,
            2.0825
          ],
          [
            6.2475,
            6.2475,
            2.0825
          ],
          [
            0.0,
            0.0,
            2.0825
          ],
          [
            0.0,
            4.165,
            2.0825
          ],
          [
            4.165,
            0.0,
            2.0825
          ],
          [
            4.165,
            4.165,
            2.0825
          ],
          [
            2.08531,
            -0.01152,
            4.15748
          ],
          [
            2.0695,
            4.16999,
            4.1258
          ],
          [
            6.25519,
            -0.09956,
            4.12614
          ],
          [
            6.20722,
            4.19583,
            4.1021
          ],
          [
            8.30819,
            2.08194,
            4.16543
          ],
          [
            8.32784,
            6.26014,
            4.20411
          ],
          [
            4.17811,
            2.06102,
            4.16366
          ],
          [
            4.15982,
            6.24266,
            4.1483
          ],
          [
            2.08221,
            2.03938,
            6.26231
          ],
          [
            2.09829,
            6.29495,
            6.26278
          ],
          [
            6.23962,
            1.93442,
            6.23832
          ],
          [
            6.28864,
            6.31743,
            6.2231
          ],
          [
            0.00358,
            -0.04382,
            6.27657
          ],
          [
            0.14638,
            4.1949,
            6.25411
          ],
          [
            4.16944,
            8.26037,
            6.26528
          ],
          [
            4.00886,
            4.18976,
            6.24058
          ]
        ],
        "Stress": [
          [
            -40.90169,
            0.63951,
            0.59536
          ],
          [
            0.63951,
            -45.06224,
            -0.05023
          ],
          [
            0.59536,
            -0.05023,
            -25.90399
          ]
        ],
        "computation_code": "VASP",
        "pseudopotential_information": [
          [
            "PAW_PBE",
            "Ni",
            "02Aug2007"
          ],
          [
            "PAW_PBE",
            "W_sv",
            "04Sep2015"
          ],
          [
            "PAW_PBE",
            "O",
            "08Apr2002"
          ]
        ]
      }
    ],
    "EnergyStyle": "electronvolt",
    "ForcesStyle": "electronvoltperangstrom",
    "LatticeStyle": "angstrom",
    "PositionsStyle": "angstrom",
    "StressStyle": "kB"
  }
}