{
  "Dataset": {
    "AtomTypeStyle": "chemicalsymbol",
    "Data": [
      {
        "AtomTypes": [
          "Ni",
          "Ni",
          "Ni",
          "Ni",
          "Ni",
          "Ni",
          "Ni",
          "Ni",
          "Ni",
          "Ni",
          "Ni",
          "Ni",
          "Ni",
          "Ni",
          "Ni",
          "Ni",
          "Ni",
          "Ni",
          "Ni",
          "Ni",
          "Ni",
          "Ni",
          "Ni",
          "W",
          "Ni",
          "Ni",
          "Ni",
          "Ni",
          "Ni",
          "Ni",
          "Ni",
          "Ni",
          "O",
          "O",
          "O",
          "O",
          "O",
          "O",
          "O",
          "O",
          "O",
          "O",
          "O",
          "O",
          "O",
          "O",
          "O",
          "O",
          "O",
          "O",
          "O",
          "O",
          "O",
          "O",
          "O",
          "O",
          "O",
          "O",
          "O",
          "O",
          "O",
          "O",
          "O"
        ],
        "Energy": -336.80631969,
        "Forces": [
          [
            -0.035907,
            0.080915,
            0.321764
          ],
          [
            0.043578,
            -0.050803,
            0.305861
          ],
          [
            0.022222,
            0.07606,
            0.362976
          ],
          [
            -0.01745,
            -0.048202,
            0.311176
          ],
          [
            0.011341,
            -0.036767,
            0.335658
          ],
          [
            0.018081,
            0.064964,
            0.305093
          ],
          [
            0.016535,
            -0.115709,
            0.314642
          ],
          [
            0.014057,
            0.165525,
            0.022847
          ],
          [
            -0.007114,
            -0.099878,
            -0.090544
          ],
          [
            0.360098,
            0.06729,
            -0.505791
          ],
          [
            -0.025533,
            -0.175914,
            -0.086845
          ],
          [
            -0.360183,
            0.065677,
            -0.43714
          ],
          [
            0.065295,
            0.069275,
            -0.023908
          ],
          [
            -0.016389,
            -0.058519,
            -0.063621
          ],
          [
            0.192279,
            0.02107,
            0.525035
          ],
          [
            -0.015816,
            -0.315432,
            -0.169749
          ],
          [
            0.036013,
            0.004515,
            0.007279
          ],
          [
            0.131298,
            -0.029508,
            -0.004318
          ],
          [
            0.025147,
            -0.009593,
            0.024797
          ],
          [
            -0.085277,
            0.015723,
            0.002908
          ],
          [
            0.005025,
            0.052967,
            -0.079604
          ],
          [
            -0.013297,
            -0.031253,
            0.028565
          ],
          [
            0.028605,
            -0.146065,
            -0.020938
          ],
          [
            0.002923,
            0.063242,
            -0.040299
          ],
          [
            -0.06906,
            -0.025252,
            0.001921
          ],
          [
            0.022656,
            -0.003316,
            0.100599
          ],
          [
            0.061484,
            -0.022744,
            0.007428
          ],
          [
            -0.04496,
            0.002518,
            0.015906
          ],
          [
            -0.03257,
            -0.077924,
            0.021128
          ],
          [
            -0.011669,
            0.062684,
            -0.032196
          ],
          [
            -0.014743,
            0.027976,
            0.072722
          ],
          [
            0.007266,
            -0.078418,
            0.003066
          ],
          [
            0.008662,
            -0.044737,
            -0.201219
          ],
          [
            0.000683,
            0.042107,
            -0.169962
          ],
          [
            -0.020486,
            -0.036357,
            -0.445366
          ],
          [
            0.000573,
            0.106126,
            -0.09913
          ],
          [
            0.001812,
            0.078969,
            -0.147908
          ],
          [
            -0.064331,
            -0.081357,
            -0.053425
          ],
          [
            -0.000416,
            0.073646,
            -0.166689
          ],
          [
            0.066728,
            -0.071302,
            -0.079146
          ],
          [
            -0.025531,
            0.061116,
            0.045108
          ],
          [
            -0.0344,
            -0.075074,
            0.186509
          ],
          [
            -0.005153,
            0.120358,
            0.171698
          ],
          [
            -0.174988,
            -0.123187,
            0.605965
          ],
          [
            0.092538,
            -0.12082,
            -0.210544
          ],
          [
            -0.093776,
            0.143458,
            0.082243
          ],
          [
            -0.084807,
            -0.144652,
            -0.157774
          ],
          [
            0.051222,
            0.106409,
            0.038932
          ],
          [
            9.4e-05,
            0.007996,
            0.01377
          ],
          [
            0.027857,
            0.006848,
            0.007227
          ],
          [
            0.006636,
            0.233871,
            -0.064362
          ],
          [
            -0.016862,
            0.076797,
            -0.139196
          ],
          [
            0.091085,
            0.001559,
            -0.114523
          ],
          [
            0.023068,
            0.056794,
            -0.005314
          ],
          [
            -0.086266,
            0.02599,
            -0.105714
          ],
          [
            0.009668,
            0.000481,
            -0.06524
          ],
          [
            -0.035216,
            -0.016103,
            -0.066806
          ],
          [
            -0.012278,
            0.03623,
            -0.187453
          ],
          [
            -0.027968,
            0.001592,
            -0.062917
          ],
          [
            -0.049641,
            -0.051447,
            -0.069465
          ],
          [
            0.001683,
            0.051655,
            0.056619
          ],
          [
            0.058438,
            -0.050147,
            -0.060433
          ],
          [
            -0.022561,
            0.068079,
            -0.0719
          ]
        ],
        "Lattice": [
          [
            8.33,
            0.0,
            0.0
          ],
          [
            0.0,
            8.33,
            0.0
          ],
          [
            0.0,
            0.0,
            20.227360776
          ]
        ],
        "NumAtoms": 63,
        "Positions": [
          [
            0.0,
            0.0,
            0.0
          ],
          [
            0.0,
            4.165,
            0.0
          ],
          [
            4.165,
            0.0,
            0.0
          ],
          [
            4.165,
            4.165,
            0.0
          ],
          [
            2.0825,
            2.0825,
            0.0
          ],
          [
            2.0825,
            6.2475,
            0.0
          ],
          [
            6.2475,
            2.0825,
            0.0
          ],
          [
            6.2475,
            6.2475,
            0.0
          ],
          [
            0.0,
            2.0825,
            2.0825
          ],
          [
            0.0,
            6.2475,
            2.0825
          ],
          [
            4.165,
            2.0825,
            2.0825
          ],
          [
            4.165,
            6.2475,
            2.0825
          ],
          [
            2.0825,
            0.0,
            2.0825
          ],
          [
            2.0825,
            4.165,
            2.0825
          ],
          [
            6.2475,
            0.0,
            2.0825
          ],
          [
            6.2475,
            4.165,
            2.0825
          ],
          [
            -0.04079,
            -0.00083,
            4.17822
          ],
          [
            -0.01423,
            4.1338,
            4.20184
          ],
          [
            4.26519,
            -0.00895,
            4.2282
          ],
          [
            4.16258,
            4.12808,
            4.19508
          ],
          [
            2.08075,
            2.05329,
            4.18469
          ],
          [
            2.0986,
            6.27625,
            4.19372
          ],
          [
            6.23627,
            1.97939,
            4.16643
          ],
          [
            6.28106,
            6.54794,
            4.2284
          ],
          [
            8.31621,
            2.05383,
            6.23742
          ],
          [
            0.05733,
            6.24482,
            6.32444
          ],
          [
            4.14459,
            2.05085,
            6.23857
          ],
          [
            4.1076,
            6.24162,
            6.29414
          ],
          [
            2.06063,
            0.0005,
            6.20653
          ],
          [
            2.06212,
            4.14063,
            6.23252
          ],
          [
            6.22471,
            8.31658,
            6.19833
          ],
          [
            6.23841,
            4.11706,
            6.22371
          ],
          [
            2.0825,
            0.0,
            0.0
          ],
          [
            2.0825,
            4.165,
            0.0
          ],
          [
            6.2475,
            0.0,
            0.0
          ],
          [
            6.2475,
            4.165,
            0.0
          ],
          [
            0.0,
            2.0825,
            0.0
          ],
          [
            0.0,
            6.2475,
            0.0
          ],
          [
            4.165,
            2.0825,
            0.0
          ],
          [
            4.165,
            6.2475,
            0.0
          ],
          [
            2.0825,
            2.0825,
            2.0825
          ],
          [
            2.0825,
            6.2475,
            2.0825
          ],
          [
            6.2475,
            2.0825,
            2.0825
          ],
          [
            6.2475,
            6.2475,
            2.0825
          ],
          [
            0.0,
            0.0,
            2.0825
          ],
          [
            0.0,
            4.165,
            2.0825
          ],
          [
            4.165,
            0.0,
            2.0825
          ],
          [
            4.165,
            4.165,
            2.0825
          ],
          [
            2.07946,
            -0.00974,
            4.15185
          ],
          [
            2.07141,
            4.17817,
            4.16623
          ],
          [
            6.24048,
            4.27845,
            4.1598
          ],
          [
            8.29624,
            2.07609,
            4.17512
          ],
          [
            8.27111,
            6.25227,
            4.17462
          ],
          [
            4.18238,
            2.07412,
            4.171
          ],
          [
            4.22349,
            6.19994,
            4.17915
          ],
          [
            2.07599,
            2.08555,
            6.25735
          ],
          [
            2.12185,
            6.22313,
            6.25848
          ],
          [
            6.2249,
            2.07697,
            6.23054
          ],
          [
            0.00401,
            0.01022,
            6.24748
          ],
          [
            8.31092,
            4.1365,
            6.26448
          ],
          [
            4.10414,
            8.30699,
            6.2886
          ],
          [
            4.15777,
            4.15589,
            6.27806
          ],
          [
            6.17909,
            6.23425,
            6.22501
          ]
        ],
        "Stress": [
          [
            -49.72036,
            0.20699,
            -0.39568
          ],
          [
            0.20699,
            -54.80831,
            -0.07756
          ],
          [
            -0.39568,
            -0.07756,
            -27.53921
          ]
        ],
        "computation_code": "VASP",
        "pseudopotential_information": [
          [
            "PAW_PBE",
            "Ni",
            "02Aug2007"
          ],
          [
            "PAW_PBE",
            "W_sv",
            "04Sep2015"
          ],
          [
            "PAW_PBE",
            "O",
            "08Apr2002"
          ]
        ]
      }
    ],
    "EnergyStyle": "electronvolt",
    "ForcesStyle": "electronvoltperangstrom",
    "LatticeStyle": "angstrom",
    "PositionsStyle": "angstrom",
    "StressStyle": "kB"
  }
}