{
  "Dataset": {
    "AtomTypeStyle": "chemicalsymbol",
    "Data": [
      {
        "AtomTypes": [
          "Ni",
          "Ni",
          "Ni",
          "Ni",
          "Ni",
          "Ni",
          "Ni",
          "Ni",
          "Ni",
          "Ni",
          "Ni",
          "Ni",
          "Ni",
          "Ni",
          "Ni",
          "Ni",
          "Ni",
          "Ni",
          "Ni",
          "Ni",
          "Ni",
          "Ni",
          "Ni",
          "W",
          "Ni",
          "Ni",
          "Ni",
          "Ni",
          "Ni",
          "Ni",
          "Ni",
          "Ni",
          "O",
          "O",
          "O",
          "O",
          "O",
          "O",
          "O",
          "O",
          "O",
          "O",
          "O",
          "O",
          "O",
          "O",
          "O",
          "O",
          "O",
          "O",
          "O",
          "O",
          "O",
          "O",
          "O",
          "O",
          "O",
          "O",
          "O",
          "O",
          "O",
          "O",
          "O",
          "O",
          "O"
        ],
        "Energy": -351.90271776,
        "Forces": [
          [
            0.032919,
            0.056699,
            0.370642
          ],
          [
            0.044453,
            -0.03006,
            0.361753
          ],
          [
            -0.005906,
            0.060547,
            0.388841
          ],
          [
            -0.016847,
            -0.033826,
            0.335937
          ],
          [
            0.017705,
            0.002999,
            0.345031
          ],
          [
            0.017015,
            0.023803,
            0.352713
          ],
          [
            0.011033,
            -0.005805,
            0.388054
          ],
          [
            0.019341,
            0.037938,
            0.117377
          ],
          [
            -0.096555,
            -0.035415,
            -0.011808
          ],
          [
            0.393456,
            0.023854,
            -0.407102
          ],
          [
            0.084612,
            -0.111186,
            -0.093861
          ],
          [
            -0.298459,
            0.071512,
            -0.606329
          ],
          [
            0.026902,
            -0.053552,
            -0.02339
          ],
          [
            -0.050282,
            0.002062,
            -0.117698
          ],
          [
            -8.1e-05,
            0.431684,
            -0.812839
          ],
          [
            0.040623,
            -0.359532,
            -0.547338
          ],
          [
            -0.002514,
            0.009366,
            -0.020947
          ],
          [
            -0.001077,
            -0.006529,
            -0.013002
          ],
          [
            -0.01344,
            1.1e-05,
            -0.007005
          ],
          [
            -0.007489,
            0.003292,
            -0.00325
          ],
          [
            -0.014683,
            0.007603,
            -0.000355
          ],
          [
            0.004157,
            0.002061,
            -0.007176
          ],
          [
            -0.009341,
            0.002508,
            -0.003047
          ],
          [
            -0.053004,
            0.001162,
            -0.079766
          ],
          [
            -0.011553,
            0.00118,
            -0.003463
          ],
          [
            -0.002104,
            -0.018058,
            0.143729
          ],
          [
            -0.012687,
            0.007893,
            -0.002755
          ],
          [
            -0.018625,
            -0.002639,
            0.010023
          ],
          [
            0.003438,
            0.018591,
            -0.005116
          ],
          [
            0.018565,
            -0.016359,
            0.002276
          ],
          [
            -0.016823,
            -0.001867,
            -0.014823
          ],
          [
            -0.026987,
            -0.008671,
            0.017119
          ],
          [
            -0.004071,
            -0.020441,
            -0.217862
          ],
          [
            -0.000249,
            0.020933,
            -0.205204
          ],
          [
            0.002413,
            -0.077274,
            -0.213077
          ],
          [
            -0.001898,
            0.075279,
            -0.155665
          ],
          [
            0.000381,
            0.014725,
            -0.197579
          ],
          [
            -0.062334,
            -0.014681,
            -0.132938
          ],
          [
            -0.001736,
            0.019004,
            -0.208991
          ],
          [
            0.057298,
            -0.018577,
            -0.133355
          ],
          [
            -0.040341,
            -0.021988,
            0.067514
          ],
          [
            0.013172,
            -0.031737,
            0.215376
          ],
          [
            0.020659,
            0.127707,
            0.19784
          ],
          [
            0.129689,
            -0.062236,
            0.696494
          ],
          [
            0.071502,
            -0.070743,
            0.086801
          ],
          [
            -0.0444,
            0.022634,
            0.08788
          ],
          [
            -0.098602,
            -0.088175,
            0.016068
          ],
          [
            0.040666,
            0.061126,
            0.000829
          ],
          [
            -0.002852,
            0.003027,
            -0.008648
          ],
          [
            -0.005759,
            0.000473,
            -0.006589
          ],
          [
            -0.003566,
            -0.001987,
            0.006002
          ],
          [
            -0.005099,
            0.013167,
            0.00368
          ],
          [
            -0.006446,
            -0.0002,
            0.003358
          ],
          [
            -0.013268,
            -0.000436,
            -0.039407
          ],
          [
            -0.012419,
            -0.00441,
            0.011298
          ],
          [
            -0.000443,
            0.000843,
            0.005629
          ],
          [
            -0.012926,
            -0.001155,
            0.012394
          ],
          [
            0.053507,
            0.001673,
            -0.011437
          ],
          [
            -0.009732,
            0.006785,
            0.01383
          ],
          [
            -0.072009,
            -0.013214,
            0.039366
          ],
          [
            -0.016417,
            0.065738,
            -0.013169
          ],
          [
            -0.006602,
            -0.071346,
            -0.004712
          ],
          [
            0.000266,
            -0.000834,
            0.003859
          ],
          [
            -0.003155,
            0.000683,
            0.007395
          ],
          [
            -0.02099,
            -0.015629,
            0.020593
          ]
        ],
        "Lattice": [
          [
            8.33,
            0.0,
            0.0
          ],
          [
            0.0,
            8.33,
            0.0
          ],
          [
            0.0,
            0.0,
            20.227360776
          ]
        ],
        "NumAtoms": 65,
        "Positions": [
          [
            0.0,
            0.0,
            0.0
          ],
          [
            0.0,
            4.165,
            0.0
          ],
          [
            4.165,
            0.0,
            0.0
          ],
          [
            4.165,
            4.165,
            0.0
          ],
          [
            2.0825,
            2.0825,
            0.0
          ],
          [
            2.0825,
            6.2475,
            0.0
          ],
          [
            6.2475,
            2.0825,
            0.0
          ],
          [
            6.2475,
            6.2475,
            0.0
          ],
          [
            0.0,
            2.0825,
            2.0825
          ],
          [
            0.0,
            6.2475,
            2.0825
          ],
          [
            4.165,
            2.0825,
            2.0825
          ],
          [
            4.165,
            6.2475,
            2.0825
          ],
          [
            2.0825,
            0.0,
            2.0825
          ],
          [
            2.0825,
            4.165,
            2.0825
          ],
          [
            6.2475,
            0.0,
            2.0825
          ],
          [
            6.2475,
            4.165,
            2.0825
          ],
          [
            0.02889,
            0.02937,
            4.25396
          ],
          [
            0.02326,
            4.1289,
            4.24424
          ],
          [
            4.16183,
            0.02334,
            4.25883
          ],
          [
            4.14595,
            4.11996,
            4.19752
          ],
          [
            2.08224,
            2.06278,
            4.18133
          ],
          [
            2.14214,
            6.23811,
            4.23202
          ],
          [
            6.24973,
            2.09852,
            4.26561
          ],
          [
            6.23456,
            6.26468,
            4.36029
          ],
          [
            -0.0118,
            2.08779,
            6.29443
          ],
          [
            0.14732,
            6.22839,
            6.48383
          ],
          [
            4.13315,
            2.01254,
            6.25209
          ],
          [
            4.00452,
            5.89235,
            7.05781
          ],
          [
            2.14268,
            -0.00126,
            6.28359
          ],
          [
            2.07134,
            4.07387,
            6.23672
          ],
          [
            6.21868,
            0.1266,
            6.64225
          ],
          [
            5.87787,
            3.94475,
            7.08456
          ],
          [
            2.0825,
            0.0,
            0.0
          ],
          [
            2.0825,
            4.165,
            0.0
          ],
          [
            6.2475,
            0.0,
            0.0
          ],
          [
            6.2475,
            4.165,
            0.0
          ],
          [
            0.0,
            2.0825,
            0.0
          ],
          [
            0.0,
            6.2475,
            0.0
          ],
          [
            4.165,
            2.0825,
            0.0
          ],
          [
            4.165,
            6.2475,
            0.0
          ],
          [
            2.0825,
            2.0825,
            2.0825
          ],
          [
            2.0825,
            6.2475,
            2.0825
          ],
          [
            6.2475,
            2.0825,
            2.0825
          ],
          [
            6.2475,
            6.2475,
            2.0825
          ],
          [
            0.0,
            0.0,
            2.0825
          ],
          [
            0.0,
            4.165,
            2.0825
          ],
          [
            4.165,
            0.0,
            2.0825
          ],
          [
            4.165,
            4.165,
            2.0825
          ],
          [
            2.0903,
            -0.04069,
            4.17169
          ],
          [
            2.08537,
            4.17851,
            4.14832
          ],
          [
            6.24378,
            -0.04545,
            4.03994
          ],
          [
            6.25768,
            4.26378,
            4.11296
          ],
          [
            8.30391,
            2.07912,
            4.18909
          ],
          [
            -0.02854,
            6.23028,
            4.14071
          ],
          [
            4.19195,
            2.07315,
            4.15553
          ],
          [
            4.24856,
            6.24396,
            4.11741
          ],
          [
            2.05162,
            2.04656,
            6.21909
          ],
          [
            2.16556,
            6.21336,
            6.32236
          ],
          [
            6.26226,
            2.17655,
            6.32526
          ],
          [
            6.4263,
            6.46567,
            6.11723
          ],
          [
            0.10325,
            0.00188,
            6.3067
          ],
          [
            0.09461,
            4.16788,
            6.30384
          ],
          [
            4.13465,
            0.0444,
            6.2985
          ],
          [
            4.05962,
            4.0312,
            6.17286
          ],
          [
            5.26471,
            5.23736,
            8.1934
          ]
        ],
        "Stress": [
          [
            -44.84193,
            2.47432,
            -1.26597
          ],
          [
            2.47432,
            -46.83505,
            -0.40605
          ],
          [
            -1.26597,
            -0.40605,
            -26.26429
          ]
        ],
        "computation_code": "VASP",
        "pseudopotential_information": [
          [
            "PAW_PBE",
            "Ni",
            "02Aug2007"
          ],
          [
            "PAW_PBE",
            "W_sv",
            "04Sep2015"
          ],
          [
            "PAW_PBE",
            "O",
            "08Apr2002"
          ]
        ]
      }
    ],
    "EnergyStyle": "electronvolt",
    "ForcesStyle": "electronvoltperangstrom",
    "LatticeStyle": "angstrom",
    "PositionsStyle": "angstrom",
    "StressStyle": "kB"
  }
}