{
  "Dataset": {
    "AtomTypeStyle": "chemicalsymbol",
    "Data": [
      {
        "AtomTypes": [
          "Ni",
          "Ni",
          "Ni",
          "Ni",
          "Ni",
          "Ni",
          "Ni",
          "Ni",
          "Ni",
          "Ni",
          "Ni",
          "Ni",
          "Ni",
          "Ni",
          "Ni",
          "Ni",
          "Ni",
          "Ni",
          "Ni",
          "Ni",
          "Ni",
          "Ni",
          "Ni",
          "W",
          "Ni",
          "Ni",
          "Ni",
          "Ni",
          "Ni",
          "Ni",
          "Ni",
          "Ni",
          "O",
          "O",
          "O",
          "O",
          "O",
          "O",
          "O",
          "O",
          "O",
          "O",
          "O",
          "O",
          "O",
          "O",
          "O",
          "O",
          "O",
          "O",
          "O",
          "O",
          "O",
          "O",
          "O",
          "O",
          "O",
          "O",
          "O",
          "O",
          "O",
          "O",
          "O",
          "O",
          "O"
        ],
        "Energy": -351.89988379,
        "Forces": [
          [
            0.033308,
            0.057068,
            0.370561
          ],
          [
            0.045209,
            -0.030315,
            0.360911
          ],
          [
            -0.006553,
            0.060801,
            0.390247
          ],
          [
            -0.017886,
            -0.033889,
            0.33448
          ],
          [
            0.017831,
            0.002507,
            0.345624
          ],
          [
            0.017137,
            0.024524,
            0.352349
          ],
          [
            0.01074,
            -0.006653,
            0.387911
          ],
          [
            0.018682,
            0.039182,
            0.114942
          ],
          [
            -0.092105,
            -0.038545,
            -0.006733
          ],
          [
            0.398765,
            0.026084,
            -0.411978
          ],
          [
            0.086652,
            -0.117688,
            -0.088255
          ],
          [
            -0.300073,
            0.075823,
            -0.602737
          ],
          [
            0.031989,
            -0.052061,
            -0.02362
          ],
          [
            -0.049127,
            -0.001166,
            -0.125601
          ],
          [
            -0.000256,
            0.434074,
            -0.797538
          ],
          [
            0.043536,
            -0.365195,
            -0.54594
          ],
          [
            -0.008722,
            -0.012952,
            0.015349
          ],
          [
            0.004335,
            0.018936,
            0.031685
          ],
          [
            -0.006958,
            -0.001521,
            0.007656
          ],
          [
            -0.013084,
            0.006215,
            0.017814
          ],
          [
            -0.012995,
            0.003232,
            0.006135
          ],
          [
            -0.016448,
            0.000961,
            0.032399
          ],
          [
            -0.016056,
            -0.002168,
            0.00963
          ],
          [
            -0.022175,
            0.05784,
            0.087669
          ],
          [
            -0.023451,
            0.002119,
            -0.002716
          ],
          [
            -0.018431,
            0.013,
            -0.153638
          ],
          [
            -0.004681,
            -0.025121,
            0.008084
          ],
          [
            0.016814,
            0.001063,
            0.019295
          ],
          [
            -0.021717,
            -0.013241,
            0.008367
          ],
          [
            -0.031163,
            0.027016,
            0.015497
          ],
          [
            -0.009687,
            -0.030058,
            -0.026554
          ],
          [
            -0.015012,
            0.004452,
            0.033241
          ],
          [
            -0.00531,
            -0.020597,
            -0.219015
          ],
          [
            -0.000959,
            0.021675,
            -0.205687
          ],
          [
            0.002638,
            -0.077835,
            -0.213482
          ],
          [
            -0.002132,
            0.076184,
            -0.153896
          ],
          [
            -0.000758,
            0.016057,
            -0.19729
          ],
          [
            -0.063784,
            -0.01544,
            -0.13281
          ],
          [
            -0.00155,
            0.020771,
            -0.209443
          ],
          [
            0.057969,
            -0.019716,
            -0.134072
          ],
          [
            -0.039201,
            -0.023083,
            0.063513
          ],
          [
            0.01089,
            -0.032775,
            0.208564
          ],
          [
            0.025068,
            0.131938,
            0.198545
          ],
          [
            0.131925,
            -0.067897,
            0.689348
          ],
          [
            0.073089,
            -0.070626,
            0.085401
          ],
          [
            -0.048054,
            0.020114,
            0.085612
          ],
          [
            -0.094118,
            -0.087696,
            0.011002
          ],
          [
            0.049778,
            0.0578,
            -0.004506
          ],
          [
            -0.012226,
            0.004523,
            -0.009866
          ],
          [
            -0.010447,
            0.005294,
            0.003207
          ],
          [
            -0.004558,
            0.008406,
            -0.010681
          ],
          [
            -0.009125,
            -0.041388,
            -0.020149
          ],
          [
            -0.011515,
            0.004933,
            -0.017358
          ],
          [
            0.029497,
            -0.00407,
            0.033783
          ],
          [
            -0.012345,
            0.006175,
            -0.009984
          ],
          [
            0.015384,
            -0.005025,
            -0.000202
          ],
          [
            -0.011345,
            0.002694,
            0.004915
          ],
          [
            -0.092778,
            -0.002745,
            0.003305
          ],
          [
            -0.010097,
            0.016597,
            -0.003496
          ],
          [
            0.067444,
            -0.039072,
            -0.00684
          ],
          [
            -0.009035,
            -0.097111,
            -0.006613
          ],
          [
            0.004035,
            0.084159,
            -0.00536
          ],
          [
            -0.028345,
            0.013271,
            -0.004098
          ],
          [
            -0.013869,
            0.010226,
            -0.003326
          ],
          [
            -0.024584,
            -0.020063,
            0.016441
          ]
        ],
        "Lattice": [
          [
            8.33,
            0.0,
            0.0
          ],
          [
            0.0,
            8.33,
            0.0
          ],
          [
            0.0,
            0.0,
            20.227360776
          ]
        ],
        "NumAtoms": 65,
        "Positions": [
          [
            0.0,
            0.0,
            0.0
          ],
          [
            0.0,
            4.165,
            0.0
          ],
          [
            4.165,
            0.0,
            0.0
          ],
          [
            4.165,
            4.165,
            0.0
          ],
          [
            2.0825,
            2.0825,
            0.0
          ],
          [
            2.0825,
            6.2475,
            0.0
          ],
          [
            6.2475,
            2.0825,
            0.0
          ],
          [
            6.2475,
            6.2475,
            0.0
          ],
          [
            0.0,
            2.0825,
            2.0825
          ],
          [
            0.0,
            6.2475,
            2.0825
          ],
          [
            4.165,
            2.0825,
            2.0825
          ],
          [
            4.165,
            6.2475,
            2.0825
          ],
          [
            2.0825,
            0.0,
            2.0825
          ],
          [
            2.0825,
            4.165,
            2.0825
          ],
          [
            6.2475,
            0.0,
            2.0825
          ],
          [
            6.2475,
            4.165,
            2.0825
          ],
          [
            0.03132,
            0.02898,
            4.25389
          ],
          [
            0.02509,
            4.12725,
            4.24303
          ],
          [
            4.16465,
            0.02203,
            4.25923
          ],
          [
            4.14822,
            4.11876,
            4.19486
          ],
          [
            2.08456,
            2.06187,
            4.18113
          ],
          [
            2.14304,
            6.23736,
            4.22937
          ],
          [
            6.25278,
            2.09648,
            4.26581
          ],
          [
            6.2378,
            6.26267,
            4.35687
          ],
          [
            -0.00679,
            2.08732,
            6.29613
          ],
          [
            0.14966,
            6.22938,
            6.4848
          ],
          [
            4.13557,
            2.01369,
            6.25169
          ],
          [
            4.00356,
            5.89112,
            7.05359
          ],
          [
            2.14659,
            -0.00241,
            6.28235
          ],
          [
            2.07378,
            4.07372,
            6.23398
          ],
          [
            6.22378,
            0.13106,
            6.65119
          ],
          [
            5.8828,
            3.94713,
            7.07607
          ],
          [
            2.0825,
            0.0,
            0.0
          ],
          [
            2.0825,
            4.165,
            0.0
          ],
          [
            6.2475,
            0.0,
            0.0
          ],
          [
            6.2475,
            4.165,
            0.0
          ],
          [
            0.0,
            2.0825,
            0.0
          ],
          [
            0.0,
            6.2475,
            0.0
          ],
          [
            4.165,
            2.0825,
            0.0
          ],
          [
            4.165,
            6.2475,
            0.0
          ],
          [
            2.0825,
            2.0825,
            2.0825
          ],
          [
            2.0825,
            6.2475,
            2.0825
          ],
          [
            6.2475,
            2.0825,
            2.0825
          ],
          [
            6.2475,
            6.2475,
            2.0825
          ],
          [
            0.0,
            0.0,
            2.0825
          ],
          [
            0.0,
            4.165,
            2.0825
          ],
          [
            4.165,
            0.0,
            2.0825
          ],
          [
            4.165,
            4.165,
            2.0825
          ],
          [
            2.09303,
            -0.04136,
            4.17111
          ],
          [
            2.08716,
            4.17676,
            4.14603
          ],
          [
            6.24621,
            -0.04659,
            4.04107
          ],
          [
            6.26092,
            4.2645,
            4.11511
          ],
          [
            8.30679,
            2.07789,
            4.19123
          ],
          [
            -0.02808,
            6.2291,
            4.14016
          ],
          [
            4.19452,
            2.07137,
            4.15681
          ],
          [
            4.24946,
            6.24278,
            4.11698
          ],
          [
            2.05502,
            2.0462,
            6.21969
          ],
          [
            2.16812,
            6.21318,
            6.31839
          ],
          [
            6.26618,
            2.17531,
            6.32617
          ],
          [
            6.42805,
            6.4744,
            6.11454
          ],
          [
            0.10813,
            0.00335,
            6.30821
          ],
          [
            0.09586,
            4.16684,
            6.30483
          ],
          [
            4.14035,
            0.0438,
            6.29971
          ],
          [
            4.06222,
            4.02972,
            6.17062
          ],
          [
            5.26974,
            5.24066,
            8.18544
          ]
        ],
        "Stress": [
          [
            -45.81718,
            2.56153,
            -1.49772
          ],
          [
            2.56153,
            -47.62653,
            -0.36226
          ],
          [
            -1.49772,
            -0.36226,
            -26.92877
          ]
        ],
        "computation_code": "VASP",
        "pseudopotential_information": [
          [
            "PAW_PBE",
            "Ni",
            "02Aug2007"
          ],
          [
            "PAW_PBE",
            "W_sv",
            "04Sep2015"
          ],
          [
            "PAW_PBE",
            "O",
            "08Apr2002"
          ]
        ]
      }
    ],
    "EnergyStyle": "electronvolt",
    "ForcesStyle": "electronvoltperangstrom",
    "LatticeStyle": "angstrom",
    "PositionsStyle": "angstrom",
    "StressStyle": "kB"
  }
}