{
  "Dataset": {
    "AtomTypeStyle": "chemicalsymbol",
    "Data": [
      {
        "AtomTypes": [
          "Ni",
          "Ni",
          "Ni",
          "Ni",
          "Ni",
          "Ni",
          "Ni",
          "Ni",
          "Ni",
          "Ni",
          "Ni",
          "Ni",
          "Ni",
          "Ni",
          "Ni",
          "Ni",
          "Ni",
          "Ni",
          "Ni",
          "Ni",
          "Ni",
          "Ni",
          "Ni",
          "Ni",
          "Ni",
          "Ni",
          "Ni",
          "Ni",
          "Ni",
          "Ni",
          "V",
          "O",
          "O",
          "O",
          "O",
          "O",
          "O",
          "O",
          "O",
          "O",
          "O",
          "O",
          "O",
          "O",
          "O",
          "O",
          "O",
          "O",
          "O",
          "O",
          "O",
          "O",
          "O",
          "O",
          "O",
          "O",
          "O",
          "O",
          "O",
          "O",
          "O",
          "O",
          "O"
        ],
        "Energy": -341.33186563,
        "Forces": [
          [
            -0.038013,
            -0.071038,
            0.326045
          ],
          [
            -0.017296,
            0.101167,
            0.272389
          ],
          [
            0.066436,
            -0.070595,
            0.326415
          ],
          [
            0.050415,
            0.101099,
            0.274434
          ],
          [
            0.015708,
            -0.011638,
            0.302809
          ],
          [
            0.017645,
            0.041224,
            0.336497
          ],
          [
            0.012758,
            -0.023537,
            0.273676
          ],
          [
            0.014277,
            0.055421,
            0.718136
          ],
          [
            0.007546,
            -0.09043,
            -0.10991
          ],
          [
            -0.640984,
            0.080912,
            0.211117
          ],
          [
            -0.032152,
            -0.102277,
            -0.145404
          ],
          [
            0.640134,
            0.079811,
            0.219915
          ],
          [
            -0.011164,
            -0.057919,
            -0.125541
          ],
          [
            -0.009702,
            0.044915,
            -0.276794
          ],
          [
            -0.005481,
            -0.754388,
            0.20636
          ],
          [
            -0.014612,
            0.767386,
            -0.324788
          ],
          [
            -0.004561,
            0.042353,
            -0.05381
          ],
          [
            -0.020799,
            -0.035483,
            -0.061813
          ],
          [
            -0.009729,
            0.047958,
            -0.037795
          ],
          [
            0.003113,
            -0.007486,
            -0.0635
          ],
          [
            0.004044,
            0.011014,
            -0.034963
          ],
          [
            -0.014086,
            -0.005487,
            -0.005527
          ],
          [
            0.004909,
            -0.059212,
            -0.06468
          ],
          [
            -0.015907,
            -0.002037,
            0.03963
          ],
          [
            -0.03626,
            -0.069327,
            -0.002126
          ],
          [
            0.062208,
            0.033705,
            -0.023971
          ],
          [
            0.020176,
            -0.046664,
            0.067429
          ],
          [
            0.006109,
            -0.014866,
            0.011679
          ],
          [
            -0.004006,
            0.013077,
            0.034543
          ],
          [
            0.003697,
            -0.106019,
            -0.022744
          ],
          [
            0.012918,
            -0.064688,
            -0.225527
          ],
          [
            -0.001517,
            0.062781,
            -0.14557
          ],
          [
            -0.001264,
            -0.062904,
            -0.102648
          ],
          [
            -0.000562,
            0.190679,
            -0.210841
          ],
          [
            0.002139,
            -0.201766,
            -0.102307
          ],
          [
            0.020959,
            0.0314,
            -0.123491
          ],
          [
            0.143398,
            -0.035501,
            -0.242687
          ],
          [
            -0.021892,
            0.031257,
            -0.127666
          ],
          [
            -0.145498,
            -0.035241,
            -0.248826
          ],
          [
            -0.025939,
            0.052422,
            0.03686
          ],
          [
            -0.015436,
            -0.075692,
            -0.245411
          ],
          [
            0.002892,
            0.212879,
            0.071475
          ],
          [
            -0.014395,
            -0.22466,
            -0.983627
          ],
          [
            0.064362,
            0.14779,
            0.025575
          ],
          [
            -0.033045,
            -0.15568,
            0.120238
          ],
          [
            -0.080874,
            0.13002,
            0.009025
          ],
          [
            0.023231,
            -0.151147,
            0.094436
          ],
          [
            -0.006305,
            0.000958,
            0.083646
          ],
          [
            -0.009478,
            -0.005275,
            0.107343
          ],
          [
            -0.014287,
            0.017109,
            0.101354
          ],
          [
            0.001916,
            0.139173,
            0.032386
          ],
          [
            0.002084,
            -0.003644,
            -0.086407
          ],
          [
            -0.075412,
            -0.001722,
            0.084669
          ],
          [
            0.004015,
            -0.012147,
            0.044572
          ],
          [
            0.060548,
            0.003004,
            0.048431
          ],
          [
            0.015247,
            0.004861,
            -0.003841
          ],
          [
            0.017478,
            -0.002333,
            0.039532
          ],
          [
            0.026208,
            0.09834,
            -0.065104
          ],
          [
            -0.009608,
            0.025343,
            0.104792
          ],
          [
            -0.017874,
            -0.018596,
            -0.109365
          ],
          [
            0.053829,
            -0.003442,
            -0.093631
          ],
          [
            0.02316,
            -0.02049,
            -0.078022
          ],
          [
            -0.055422,
            0.035271,
            -0.07707
          ]
        ],
        "Lattice": [
          [
            8.33,
            0.0,
            0.0
          ],
          [
            0.0,
            8.33,
            0.0
          ],
          [
            0.0,
            0.0,
            20.227360776
          ]
        ],
        "NumAtoms": 63,
        "Positions": [
          [
            0.0,
            0.0,
            0.0
          ],
          [
            0.0,
            4.165,
            0.0
          ],
          [
            4.165,
            0.0,
            0.0
          ],
          [
            4.165,
            4.165,
            0.0
          ],
          [
            2.0825,
            2.0825,
            0.0
          ],
          [
            2.0825,
            6.2475,
            0.0
          ],
          [
            6.2475,
            2.0825,
            0.0
          ],
          [
            6.2475,
            6.2475,
            0.0
          ],
          [
            0.0,
            2.0825,
            2.0825
          ],
          [
            0.0,
            6.2475,
            2.0825
          ],
          [
            4.165,
            2.0825,
            2.0825
          ],
          [
            4.165,
            6.2475,
            2.0825
          ],
          [
            2.0825,
            0.0,
            2.0825
          ],
          [
            2.0825,
            4.165,
            2.0825
          ],
          [
            6.2475,
            0.0,
            2.0825
          ],
          [
            6.2475,
            4.165,
            2.0825
          ],
          [
            -0.05444,
            -0.06848,
            4.15429
          ],
          [
            0.02784,
            4.21705,
            4.14331
          ],
          [
            4.20972,
            8.25911,
            4.15154
          ],
          [
            4.12864,
            4.20907,
            4.13815
          ],
          [
            2.07528,
            2.06321,
            4.17563
          ],
          [
            2.08074,
            6.25993,
            4.17174
          ],
          [
            6.24062,
            2.0482,
            4.17436
          ],
          [
            -0.00983,
            2.04642,
            6.22359
          ],
          [
            -0.02004,
            6.26729,
            6.18009
          ],
          [
            4.13847,
            2.04066,
            6.22102
          ],
          [
            4.16784,
            6.26208,
            6.17201
          ],
          [
            2.06637,
            8.30304,
            6.20728
          ],
          [
            2.06914,
            4.16787,
            6.21568
          ],
          [
            6.23221,
            8.24815,
            6.1623
          ],
          [
            6.23718,
            4.21223,
            6.0141
          ],
          [
            2.0825,
            0.0,
            0.0
          ],
          [
            2.0825,
            4.165,
            0.0
          ],
          [
            6.2475,
            0.0,
            0.0
          ],
          [
            6.2475,
            4.165,
            0.0
          ],
          [
            0.0,
            2.0825,
            0.0
          ],
          [
            0.0,
            6.2475,
            0.0
          ],
          [
            4.165,
            2.0825,
            0.0
          ],
          [
            4.165,
            6.2475,
            0.0
          ],
          [
            2.0825,
            2.0825,
            2.0825
          ],
          [
            2.0825,
            6.2475,
            2.0825
          ],
          [
            6.2475,
            2.0825,
            2.0825
          ],
          [
            6.2475,
            6.2475,
            2.0825
          ],
          [
            0.0,
            0.0,
            2.0825
          ],
          [
            0.0,
            4.165,
            2.0825
          ],
          [
            4.165,
            0.0,
            2.0825
          ],
          [
            4.165,
            4.165,
            2.0825
          ],
          [
            2.08072,
            0.02844,
            4.18206
          ],
          [
            2.07887,
            4.12498,
            4.19262
          ],
          [
            6.24677,
            0.09965,
            4.19113
          ],
          [
            6.24191,
            4.11314,
            4.25055
          ],
          [
            8.3176,
            2.11848,
            4.19836
          ],
          [
            0.11772,
            6.22688,
            4.179
          ],
          [
            4.16728,
            2.11405,
            4.18287
          ],
          [
            4.04538,
            6.2203,
            4.17712
          ],
          [
            2.06861,
            2.10366,
            6.29164
          ],
          [
            2.07241,
            6.21187,
            6.31577
          ],
          [
            6.23185,
            2.21381,
            6.35691
          ],
          [
            6.23528,
            6.06083,
            6.44908
          ],
          [
            8.28872,
            -0.00681,
            6.28417
          ],
          [
            8.20257,
            4.16151,
            6.30459
          ],
          [
            4.18303,
            -0.00942,
            6.27228
          ],
          [
            4.27172,
            4.15121,
            6.29639
          ]
        ],
        "Stress": [
          [
            -54.589,
            -0.15662,
            0.04879
          ],
          [
            -0.15662,
            -56.75901,
            -0.36207
          ],
          [
            0.04879,
            -0.36207,
            -28.29061
          ]
        ],
        "computation_code": "VASP",
        "pseudopotential_information": [
          [
            "PAW_PBE",
            "Ni",
            "02Aug2007"
          ],
          [
            "PAW_PBE",
            "V_sv",
            "02Aug2007"
          ],
          [
            "PAW_PBE",
            "O",
            "08Apr2002"
          ]
        ]
      }
    ],
    "EnergyStyle": "electronvolt",
    "ForcesStyle": "electronvoltperangstrom",
    "LatticeStyle": "angstrom",
    "PositionsStyle": "angstrom",
    "StressStyle": "kB"
  }
}