{
  "Dataset": {
    "AtomTypeStyle": "chemicalsymbol",
    "Data": [
      {
        "AtomTypes": [
          "Ni",
          "Ni",
          "Ni",
          "Ni",
          "Ni",
          "Ni",
          "Ni",
          "Ni",
          "Ni",
          "Ni",
          "Ni",
          "Ni",
          "Ni",
          "Ni",
          "Ni",
          "Ni",
          "Ni",
          "Ni",
          "Ni",
          "Ni",
          "Ni",
          "Ni",
          "V",
          "Ni",
          "Ni",
          "Ni",
          "Ni",
          "Ni",
          "Ni",
          "Ni",
          "Ni",
          "O",
          "O",
          "O",
          "O",
          "O",
          "O",
          "O",
          "O",
          "O",
          "O",
          "O",
          "O",
          "O",
          "O",
          "O",
          "O",
          "O",
          "O",
          "O",
          "O",
          "O",
          "O",
          "O",
          "O",
          "O",
          "O",
          "O",
          "O",
          "O",
          "O",
          "O",
          "O"
        ],
        "Energy": -341.24711933,
        "Forces": [
          [
            0.058529,
            0.071481,
            0.318971
          ],
          [
            0.065,
            -0.040969,
            0.326255
          ],
          [
            -0.029524,
            0.082233,
            0.315667
          ],
          [
            -0.035293,
            -0.049684,
            0.717718
          ],
          [
            0.079207,
            0.084201,
            0.356666
          ],
          [
            0.066151,
            -0.055431,
            0.290411
          ],
          [
            -0.050494,
            0.075874,
            0.314418
          ],
          [
            -0.039063,
            -0.049807,
            0.08533
          ],
          [
            0.056844,
            0.033664,
            -0.108664
          ],
          [
            0.20114,
            -0.010956,
            -0.318743
          ],
          [
            -0.058462,
            0.670516,
            0.281407
          ],
          [
            -0.284289,
            -0.674269,
            -0.425037
          ],
          [
            0.016901,
            0.087914,
            -0.124568
          ],
          [
            0.640598,
            -0.083959,
            0.271294
          ],
          [
            0.011684,
            0.268293,
            -0.262915
          ],
          [
            -0.649852,
            -0.317006,
            -0.156369
          ],
          [
            -0.003767,
            -0.007025,
            -0.012067
          ],
          [
            0.016398,
            0.00164,
            -0.006208
          ],
          [
            0.005539,
            -0.024187,
            -0.01013
          ],
          [
            0.00158,
            0.00332,
            -0.007827
          ],
          [
            0.00882,
            -0.001735,
            -0.002503
          ],
          [
            -0.003278,
            -0.001738,
            -0.006823
          ],
          [
            -0.024066,
            -0.000105,
            -0.007213
          ],
          [
            0.004973,
            -0.000747,
            -0.006008
          ],
          [
            0.007594,
            0.009647,
            -0.008084
          ],
          [
            0.006835,
            0.00456,
            -0.004486
          ],
          [
            0.004208,
            -0.001265,
            -0.00255
          ],
          [
            0.002745,
            -0.002286,
            -0.007901
          ],
          [
            0.005655,
            0.006917,
            -0.007221
          ],
          [
            0.006849,
            -0.000441,
            -0.016991
          ],
          [
            5.1e-05,
            0.002145,
            0.00757
          ],
          [
            -0.039844,
            -0.048165,
            -0.170498
          ],
          [
            -0.157321,
            0.047785,
            -0.266559
          ],
          [
            0.035931,
            -0.085613,
            -0.112909
          ],
          [
            0.160697,
            0.076243,
            -0.170007
          ],
          [
            -0.036484,
            -0.046217,
            -0.172891
          ],
          [
            -0.062679,
            0.042987,
            -0.086376
          ],
          [
            0.035069,
            -0.164455,
            -0.261684
          ],
          [
            0.056618,
            0.170025,
            -0.130473
          ],
          [
            -0.109533,
            -0.118015,
            -0.047348
          ],
          [
            -0.030569,
            0.083989,
            0.152444
          ],
          [
            0.075807,
            -0.037406,
            0.098974
          ],
          [
            0.009614,
            -0.022065,
            0.643518
          ],
          [
            -0.090733,
            -0.111768,
            -0.036531
          ],
          [
            -0.187989,
            0.116372,
            -0.116922
          ],
          [
            0.08256,
            -0.232005,
            -0.080128
          ],
          [
            0.132932,
            0.199826,
            -1.031535
          ],
          [
            0.005149,
            0.002291,
            0.004952
          ],
          [
            -0.002087,
            -0.000764,
            0.008735
          ],
          [
            -0.008164,
            0.003719,
            0.005415
          ],
          [
            -0.000604,
            0.011545,
            0.002137
          ],
          [
            -0.000285,
            0.007222,
            0.001445
          ],
          [
            0.000974,
            -0.009713,
            -0.001637
          ],
          [
            -0.000845,
            0.011225,
            0.004258
          ],
          [
            0.018709,
            0.001433,
            0.005728
          ],
          [
            0.018121,
            0.006871,
            -0.005638
          ],
          [
            0.001028,
            -0.000266,
            -0.001785
          ],
          [
            -0.010788,
            0.003686,
            0.003858
          ],
          [
            0.001125,
            -0.004312,
            -0.001428
          ],
          [
            0.006304,
            0.001606,
            -0.014216
          ],
          [
            0.005701,
            0.001643,
            -0.00224
          ],
          [
            -0.001134,
            0.014269,
            -0.000269
          ],
          [
            0.003511,
            -0.002766,
            -0.003792
          ]
        ],
        "Lattice": [
          [
            8.33,
            0.0,
            0.0
          ],
          [
            0.0,
            8.33,
            0.0
          ],
          [
            0.0,
            0.0,
            20.227360776
          ]
        ],
        "NumAtoms": 63,
        "Positions": [
          [
            0.0,
            0.0,
            0.0
          ],
          [
            0.0,
            4.165,
            0.0
          ],
          [
            4.165,
            0.0,
            0.0
          ],
          [
            4.165,
            4.165,
            0.0
          ],
          [
            2.0825,
            2.0825,
            0.0
          ],
          [
            2.0825,
            6.2475,
            0.0
          ],
          [
            6.2475,
            2.0825,
            0.0
          ],
          [
            6.2475,
            6.2475,
            0.0
          ],
          [
            0.0,
            2.0825,
            2.0825
          ],
          [
            0.0,
            6.2475,
            2.0825
          ],
          [
            4.165,
            2.0825,
            2.0825
          ],
          [
            4.165,
            6.2475,
            2.0825
          ],
          [
            2.0825,
            0.0,
            2.0825
          ],
          [
            2.0825,
            4.165,
            2.0825
          ],
          [
            6.2475,
            0.0,
            2.0825
          ],
          [
            6.2475,
            4.165,
            2.0825
          ],
          [
            0.01399,
            0.02458,
            4.18201
          ],
          [
            0.01219,
            4.14998,
            4.19235
          ],
          [
            4.15235,
            0.03328,
            4.19339
          ],
          [
            2.14094,
            2.14791,
            4.15359
          ],
          [
            2.10934,
            6.19582,
            4.1503
          ],
          [
            6.19319,
            2.12928,
            4.15554
          ],
          [
            6.1315,
            6.16242,
            4.18599
          ],
          [
            0.00524,
            2.09064,
            6.20686
          ],
          [
            0.03207,
            6.22004,
            6.21896
          ],
          [
            4.14819,
            2.16275,
            6.17842
          ],
          [
            4.11716,
            6.16169,
            6.26756
          ],
          [
            2.09296,
            0.00481,
            6.20317
          ],
          [
            2.1533,
            4.14347,
            6.17725
          ],
          [
            6.22624,
            0.0277,
            6.2181
          ],
          [
            6.17464,
            4.10866,
            6.24689
          ],
          [
            2.0825,
            0.0,
            0.0
          ],
          [
            2.0825,
            4.165,
            0.0
          ],
          [
            6.2475,
            0.0,
            0.0
          ],
          [
            6.2475,
            4.165,
            0.0
          ],
          [
            0.0,
            2.0825,
            0.0
          ],
          [
            0.0,
            6.2475,
            0.0
          ],
          [
            4.165,
            2.0825,
            0.0
          ],
          [
            4.165,
            6.2475,
            0.0
          ],
          [
            2.0825,
            2.0825,
            2.0825
          ],
          [
            2.0825,
            6.2475,
            2.0825
          ],
          [
            6.2475,
            2.0825,
            2.0825
          ],
          [
            6.2475,
            6.2475,
            2.0825
          ],
          [
            0.0,
            0.0,
            2.0825
          ],
          [
            0.0,
            4.165,
            2.0825
          ],
          [
            4.165,
            0.0,
            2.0825
          ],
          [
            4.165,
            4.165,
            2.0825
          ],
          [
            2.07478,
            -0.04867,
            4.15778
          ],
          [
            1.97137,
            4.19655,
            4.16581
          ],
          [
            6.27159,
            -0.08951,
            4.16085
          ],
          [
            6.31551,
            4.27719,
            4.19485
          ],
          [
            8.30004,
            2.07314,
            4.16249
          ],
          [
            8.18026,
            6.28325,
            4.15715
          ],
          [
            4.18114,
            1.9825,
            4.17093
          ],
          [
            4.31877,
            6.31142,
            4.16898
          ],
          [
            2.07574,
            2.07117,
            6.22182
          ],
          [
            2.07763,
            6.24085,
            6.20332
          ],
          [
            6.24218,
            2.06623,
            6.21796
          ],
          [
            6.24432,
            6.22669,
            6.13664
          ],
          [
            8.3168,
            -0.02416,
            6.26678
          ],
          [
            8.2985,
            4.17274,
            6.28167
          ],
          [
            4.17106,
            8.26863,
            6.2738
          ],
          [
            4.17233,
            4.18178,
            6.57422
          ]
        ],
        "Stress": [
          [
            -55.94587,
            0.05064,
            0.03157
          ],
          [
            0.05064,
            -55.28812,
            -0.10093
          ],
          [
            0.03157,
            -0.10093,
            -26.91148
          ]
        ],
        "computation_code": "VASP",
        "pseudopotential_information": [
          [
            "PAW_PBE",
            "Ni",
            "02Aug2007"
          ],
          [
            "PAW_PBE",
            "V_sv",
            "02Aug2007"
          ],
          [
            "PAW_PBE",
            "O",
            "08Apr2002"
          ]
        ]
      }
    ],
    "EnergyStyle": "electronvolt",
    "ForcesStyle": "electronvoltperangstrom",
    "LatticeStyle": "angstrom",
    "PositionsStyle": "angstrom",
    "StressStyle": "kB"
  }
}