{
  "Dataset": {
    "AtomTypeStyle": "chemicalsymbol",
    "Data": [
      {
        "AtomTypes": [
          "Ni",
          "Ni",
          "Ni",
          "Ni",
          "Ni",
          "Ni",
          "Ni",
          "Ni",
          "Ni",
          "Ni",
          "Ni",
          "Ni",
          "Ni",
          "Ni",
          "Ni",
          "Ni",
          "Ni",
          "Ni",
          "Ni",
          "Ni",
          "Ni",
          "Ni",
          "Ni",
          "V",
          "Ni",
          "Ni",
          "Ni",
          "Ni",
          "Ni",
          "Ni",
          "Ni",
          "O",
          "O",
          "O",
          "O",
          "O",
          "O",
          "O",
          "O",
          "O",
          "O",
          "O",
          "O",
          "O",
          "O",
          "O",
          "O",
          "O",
          "O",
          "O",
          "O",
          "O",
          "O",
          "O",
          "O",
          "O",
          "O",
          "O",
          "O",
          "O",
          "O",
          "O",
          "O"
        ],
        "Energy": -341.55265893,
        "Forces": [
          [
            0.023957,
            0.049971,
            0.339529
          ],
          [
            0.025533,
            -0.021044,
            0.377931
          ],
          [
            0.005123,
            0.044645,
            0.338671
          ],
          [
            0.003015,
            -0.016889,
            0.379883
          ],
          [
            0.012583,
            0.031433,
            0.357012
          ],
          [
            0.018184,
            -0.003897,
            0.31315
          ],
          [
            0.015846,
            0.030704,
            0.35629
          ],
          [
            0.011312,
            -0.000474,
            0.282685
          ],
          [
            -0.046132,
            0.070653,
            -0.222686
          ],
          [
            -0.003059,
            -0.070521,
            -0.255208
          ],
          [
            0.019958,
            0.067768,
            -0.095189
          ],
          [
            -0.005686,
            -0.08797,
            -0.510803
          ],
          [
            -0.006698,
            0.0415,
            -0.1548
          ],
          [
            -0.00228,
            -0.053733,
            -0.09846
          ],
          [
            -0.003988,
            0.060653,
            -0.202146
          ],
          [
            -0.012149,
            -0.05747,
            -0.466525
          ],
          [
            -0.097296,
            -0.108325,
            0.177934
          ],
          [
            0.070957,
            0.065281,
            -0.210398
          ],
          [
            0.090129,
            0.012425,
            0.09201
          ],
          [
            -0.061311,
            0.014703,
            -0.268911
          ],
          [
            0.013554,
            -0.05606,
            0.23018
          ],
          [
            -0.072474,
            0.041362,
            -0.041946
          ],
          [
            0.033527,
            -0.027982,
            -0.202996
          ],
          [
            0.158326,
            0.245914,
            -1.058791
          ],
          [
            0.192308,
            0.035709,
            -0.859872
          ],
          [
            0.467873,
            0.127827,
            -0.070176
          ],
          [
            -0.074276,
            0.169576,
            0.006491
          ],
          [
            -0.575183,
            0.164858,
            -0.515105
          ],
          [
            -0.032243,
            0.239266,
            0.054294
          ],
          [
            -0.04511,
            -0.160294,
            0.005098
          ],
          [
            0.063144,
            -0.21666,
            -0.187716
          ],
          [
            6.8e-05,
            -0.0284,
            -0.184865
          ],
          [
            -0.002542,
            0.026856,
            -0.217153
          ],
          [
            -0.001176,
            -0.023337,
            -0.175331
          ],
          [
            0.00205,
            0.019047,
            -0.201564
          ],
          [
            -0.00221,
            -0.021195,
            -0.210733
          ],
          [
            -0.001934,
            0.0194,
            -0.144557
          ],
          [
            0.002444,
            -0.023726,
            -0.201431
          ],
          [
            0.001032,
            0.023349,
            -0.154294
          ],
          [
            0.014502,
            -0.066067,
            -0.005026
          ],
          [
            -0.042642,
            0.037891,
            0.205721
          ],
          [
            -0.054395,
            -0.03222,
            0.234741
          ],
          [
            0.050867,
            0.128543,
            0.47264
          ],
          [
            -0.010287,
            -0.123118,
            -0.010997
          ],
          [
            -0.019479,
            0.093718,
            0.044426
          ],
          [
            -0.019417,
            -0.049532,
            -0.000777
          ],
          [
            -0.004125,
            0.015618,
            0.032119
          ],
          [
            -0.002513,
            -0.070536,
            -0.093661
          ],
          [
            -0.013748,
            0.042669,
            -0.078792
          ],
          [
            -0.021285,
            -0.001992,
            -0.089664
          ],
          [
            0.014449,
            -0.24376,
            -0.034837
          ],
          [
            -0.110028,
            0.063019,
            0.649829
          ],
          [
            -0.079353,
            -0.179821,
            0.034391
          ],
          [
            0.11891,
            0.059242,
            0.185313
          ],
          [
            -0.035289,
            -0.105434,
            0.514182
          ],
          [
            -0.235555,
            -0.06025,
            0.012942
          ],
          [
            -0.146568,
            0.102092,
            -0.06355
          ],
          [
            0.273956,
            0.223556,
            0.090925
          ],
          [
            0.138229,
            0.066925,
            0.963668
          ],
          [
            -0.085832,
            0.101165,
            0.0951
          ],
          [
            0.227663,
            -0.382236,
            0.202936
          ],
          [
            0.070113,
            -0.00134,
            0.094411
          ],
          [
            -0.21335,
            -0.243055,
            0.144463
          ]
        ],
        "Lattice": [
          [
            8.33,
            0.0,
            0.0
          ],
          [
            0.0,
            8.33,
            0.0
          ],
          [
            0.0,
            0.0,
            20.227360776
          ]
        ],
        "NumAtoms": 63,
        "Positions": [
          [
            0.0,
            0.0,
            0.0
          ],
          [
            0.0,
            4.165,
            0.0
          ],
          [
            4.165,
            0.0,
            0.0
          ],
          [
            4.165,
            4.165,
            0.0
          ],
          [
            2.0825,
            2.0825,
            0.0
          ],
          [
            2.0825,
            6.2475,
            0.0
          ],
          [
            6.2475,
            2.0825,
            0.0
          ],
          [
            6.2475,
            6.2475,
            0.0
          ],
          [
            0.0,
            2.0825,
            2.0825
          ],
          [
            0.0,
            6.2475,
            2.0825
          ],
          [
            4.165,
            2.0825,
            2.0825
          ],
          [
            4.165,
            6.2475,
            2.0825
          ],
          [
            2.0825,
            0.0,
            2.0825
          ],
          [
            2.0825,
            4.165,
            2.0825
          ],
          [
            6.2475,
            0.0,
            2.0825
          ],
          [
            6.2475,
            4.165,
            2.0825
          ],
          [
            0.01283,
            0.03203,
            4.18276
          ],
          [
            -0.00859,
            4.12751,
            4.24125
          ],
          [
            4.14554,
            0.00963,
            4.18269
          ],
          [
            4.1649,
            4.14045,
            4.24656
          ],
          [
            2.06927,
            2.09035,
            4.18154
          ],
          [
            2.09571,
            6.23331,
            4.18916
          ],
          [
            6.24858,
            2.1252,
            4.24138
          ],
          [
            6.22679,
            6.16345,
            4.36439
          ],
          [
            8.23094,
            2.17204,
            6.38877
          ],
          [
            0.0049,
            6.17591,
            6.27074
          ],
          [
            4.21373,
            2.14518,
            6.30576
          ],
          [
            4.15495,
            6.15746,
            6.3556
          ],
          [
            2.07166,
            8.30816,
            6.22515
          ],
          [
            2.0716,
            4.15996,
            6.23209
          ],
          [
            6.23082,
            0.04006,
            6.23566
          ],
          [
            2.0825,
            0.0,
            0.0
          ],
          [
            2.0825,
            4.165,
            0.0
          ],
          [
            6.2475,
            0.0,
            0.0
          ],
          [
            6.2475,
            4.165,
            0.0
          ],
          [
            0.0,
            2.0825,
            0.0
          ],
          [
            0.0,
            6.2475,
            0.0
          ],
          [
            4.165,
            2.0825,
            0.0
          ],
          [
            4.165,
            6.2475,
            0.0
          ],
          [
            2.0825,
            2.0825,
            2.0825
          ],
          [
            2.0825,
            6.2475,
            2.0825
          ],
          [
            6.2475,
            2.0825,
            2.0825
          ],
          [
            6.2475,
            6.2475,
            2.0825
          ],
          [
            0.0,
            0.0,
            2.0825
          ],
          [
            0.0,
            4.165,
            2.0825
          ],
          [
            4.165,
            0.0,
            2.0825
          ],
          [
            4.165,
            4.165,
            2.0825
          ],
          [
            2.08033,
            -0.0215,
            4.1635
          ],
          [
            2.08438,
            4.18026,
            4.14334
          ],
          [
            6.2431,
            -0.10584,
            4.14415
          ],
          [
            6.24951,
            4.28403,
            4.09802
          ],
          [
            8.31336,
            2.07459,
            4.12334
          ],
          [
            8.24311,
            6.25607,
            4.17454
          ],
          [
            4.16883,
            2.0718,
            4.15959
          ],
          [
            4.25706,
            6.24795,
            4.1128
          ],
          [
            2.07063,
            2.04385,
            6.25906
          ],
          [
            2.09842,
            6.2645,
            6.25016
          ],
          [
            6.22376,
            1.93423,
            6.24529
          ],
          [
            6.21661,
            6.30632,
            6.07891
          ],
          [
            -0.01267,
            -0.06882,
            6.26016
          ],
          [
            0.10501,
            4.21213,
            6.24556
          ],
          [
            4.15768,
            8.2384,
            6.25722
          ],
          [
            4.03627,
            4.20962,
            6.2517
          ]
        ],
        "Stress": [
          [
            -50.29934,
            -0.35852,
            -0.09548
          ],
          [
            -0.35852,
            -51.13205,
            0.13369
          ],
          [
            -0.09548,
            0.13369,
            -27.52342
          ]
        ],
        "computation_code": "VASP",
        "pseudopotential_information": [
          [
            "PAW_PBE",
            "Ni",
            "02Aug2007"
          ],
          [
            "PAW_PBE",
            "V_sv",
            "02Aug2007"
          ],
          [
            "PAW_PBE",
            "O",
            "08Apr2002"
          ]
        ]
      }
    ],
    "EnergyStyle": "electronvolt",
    "ForcesStyle": "electronvoltperangstrom",
    "LatticeStyle": "angstrom",
    "PositionsStyle": "angstrom",
    "StressStyle": "kB"
  }
}