{
  "Dataset": {
    "AtomTypeStyle": "chemicalsymbol",
    "Data": [
      {
        "AtomTypes": [
          "Ni",
          "Ni",
          "Ni",
          "Ni",
          "Ni",
          "Ni",
          "Ni",
          "Ni",
          "Ni",
          "Ni",
          "Ni",
          "Ni",
          "Ni",
          "Ni",
          "Ni",
          "Ni",
          "Ni",
          "Ni",
          "Ni",
          "Ni",
          "Ni",
          "Ni",
          "Ni",
          "V",
          "Ni",
          "Ni",
          "Ni",
          "Ni",
          "Ni",
          "Ni",
          "Ni",
          "Ni",
          "O",
          "O",
          "O",
          "O",
          "O",
          "O",
          "O",
          "O",
          "O",
          "O",
          "O",
          "O",
          "O",
          "O",
          "O",
          "O",
          "O",
          "O",
          "O",
          "O",
          "O",
          "O",
          "O",
          "O",
          "O",
          "O",
          "O",
          "O",
          "O",
          "O",
          "O",
          "O",
          "O"
        ],
        "Energy": -350.87395974,
        "Forces": [
          [
            0.03765,
            0.0384,
            0.341988
          ],
          [
            0.037039,
            -0.010874,
            0.371973
          ],
          [
            -0.010025,
            0.037255,
            0.371491
          ],
          [
            -0.012837,
            -0.012995,
            0.342561
          ],
          [
            0.017645,
            0.01876,
            0.350113
          ],
          [
            0.01972,
            0.008237,
            0.352258
          ],
          [
            0.009185,
            0.020233,
            0.352233
          ],
          [
            0.014897,
            0.014479,
            0.210385
          ],
          [
            -0.028829,
            0.043995,
            -0.12422
          ],
          [
            0.268837,
            -0.047644,
            -0.292127
          ],
          [
            -0.006341,
            -0.106239,
            -0.150911
          ],
          [
            -0.174459,
            0.025993,
            -0.491111
          ],
          [
            0.043951,
            -0.029196,
            -0.085894
          ],
          [
            -0.106423,
            -0.006046,
            -0.152843
          ],
          [
            -0.046531,
            0.268245,
            -0.290692
          ],
          [
            0.026248,
            -0.174505,
            -0.492525
          ],
          [
            0.013471,
            0.004825,
            0.093404
          ],
          [
            0.003208,
            0.007502,
            0.010286
          ],
          [
            -0.010997,
            0.034296,
            0.041394
          ],
          [
            0.029251,
            0.017295,
            0.02326
          ],
          [
            -0.006344,
            -0.016907,
            0.061707
          ],
          [
            -0.015638,
            0.007648,
            0.027544
          ],
          [
            -0.004876,
            -0.002139,
            0.007794
          ],
          [
            -0.042061,
            -0.057611,
            -0.129441
          ],
          [
            0.033492,
            -0.049582,
            -0.093355
          ],
          [
            0.081076,
            -0.005497,
            0.061635
          ],
          [
            -0.049285,
            -0.094812,
            0.037295
          ],
          [
            -0.083493,
            -0.058102,
            0.287713
          ],
          [
            -0.007509,
            0.009292,
            -0.016338
          ],
          [
            -0.059528,
            -0.027023,
            0.041011
          ],
          [
            -0.021806,
            0.070682,
            0.066776
          ],
          [
            -0.141869,
            0.00315,
            0.340356
          ],
          [
            -0.011547,
            -0.011641,
            -0.193967
          ],
          [
            0.006742,
            0.011446,
            -0.207615
          ],
          [
            0.009572,
            -0.0489,
            -0.168402
          ],
          [
            -0.004842,
            0.040458,
            -0.178159
          ],
          [
            -0.011488,
            -0.011952,
            -0.198404
          ],
          [
            -0.048896,
            0.010016,
            -0.169909
          ],
          [
            0.011277,
            0.006363,
            -0.20855
          ],
          [
            0.040437,
            -0.004554,
            -0.178605
          ],
          [
            -0.042984,
            -0.054424,
            -0.026659
          ],
          [
            -0.007095,
            0.010025,
            0.061929
          ],
          [
            -0.002717,
            -0.00943,
            0.059397
          ],
          [
            0.15038,
            0.154804,
            0.410319
          ],
          [
            -0.022709,
            -0.034112,
            -0.045435
          ],
          [
            -0.039326,
            0.000379,
            -0.070459
          ],
          [
            -0.009667,
            -0.040887,
            -0.066884
          ],
          [
            -0.021849,
            -0.020212,
            -0.170992
          ],
          [
            0.014713,
            0.00026,
            -0.061501
          ],
          [
            0.053198,
            -0.016238,
            -0.002592
          ],
          [
            -0.008911,
            -0.031098,
            -0.042184
          ],
          [
            0.000336,
            0.054331,
            0.061405
          ],
          [
            -0.006831,
            0.021686,
            0.092918
          ],
          [
            -0.038076,
            -0.01253,
            -0.020091
          ],
          [
            -0.005992,
            0.058671,
            0.015714
          ],
          [
            0.078917,
            -0.011558,
            0.040102
          ],
          [
            -0.004945,
            0.017576,
            -0.044284
          ],
          [
            -0.081839,
            -0.012095,
            -0.024398
          ],
          [
            0.006355,
            -0.023879,
            0.00568
          ],
          [
            0.076544,
            0.045401,
            0.014884
          ],
          [
            -0.003343,
            0.025635,
            -0.048431
          ],
          [
            0.051992,
            -0.047635,
            -0.021432
          ],
          [
            -0.040269,
            0.115314,
            -0.058093
          ],
          [
            -0.079621,
            -0.147595,
            0.048653
          ],
          [
            0.185664,
            0.035262,
            -0.077675
          ]
        ],
        "Lattice": [
          [
            8.33,
            0.0,
            0.0
          ],
          [
            0.0,
            8.33,
            0.0
          ],
          [
            0.0,
            0.0,
            20.227360776
          ]
        ],
        "NumAtoms": 65,
        "Positions": [
          [
            0.0,
            0.0,
            0.0
          ],
          [
            0.0,
            4.165,
            0.0
          ],
          [
            4.165,
            0.0,
            0.0
          ],
          [
            4.165,
            4.165,
            0.0
          ],
          [
            2.0825,
            2.0825,
            0.0
          ],
          [
            2.0825,
            6.2475,
            0.0
          ],
          [
            6.2475,
            2.0825,
            0.0
          ],
          [
            6.2475,
            6.2475,
            0.0
          ],
          [
            0.0,
            2.0825,
            2.0825
          ],
          [
            0.0,
            6.2475,
            2.0825
          ],
          [
            4.165,
            2.0825,
            2.0825
          ],
          [
            4.165,
            6.2475,
            2.0825
          ],
          [
            2.0825,
            0.0,
            2.0825
          ],
          [
            2.0825,
            4.165,
            2.0825
          ],
          [
            6.2475,
            0.0,
            2.0825
          ],
          [
            6.2475,
            4.165,
            2.0825
          ],
          [
            0.0105,
            0.01069,
            4.18
          ],
          [
            -0.01936,
            4.15016,
            4.20841
          ],
          [
            4.15135,
            -0.02204,
            4.20955
          ],
          [
            4.13676,
            4.13852,
            4.15429
          ],
          [
            2.07131,
            2.07157,
            4.17235
          ],
          [
            2.12579,
            6.23445,
            4.19542
          ],
          [
            6.2351,
            2.12383,
            4.19432
          ],
          [
            6.21085,
            6.21223,
            4.23506
          ],
          [
            8.30617,
            2.10575,
            6.25119
          ],
          [
            0.06684,
            6.23087,
            6.23234
          ],
          [
            4.12121,
            2.04644,
            6.21647
          ],
          [
            4.10648,
            6.01896,
            6.74145
          ],
          [
            2.10315,
            8.30813,
            6.24774
          ],
          [
            2.04386,
            4.11994,
            6.21646
          ],
          [
            6.2306,
            0.06529,
            6.23376
          ],
          [
            6.02181,
            4.11019,
            6.7343
          ],
          [
            2.0825,
            0.0,
            0.0
          ],
          [
            2.0825,
            4.165,
            0.0
          ],
          [
            6.2475,
            0.0,
            0.0
          ],
          [
            6.2475,
            4.165,
            0.0
          ],
          [
            0.0,
            2.0825,
            0.0
          ],
          [
            0.0,
            6.2475,
            0.0
          ],
          [
            4.165,
            2.0825,
            0.0
          ],
          [
            4.165,
            6.2475,
            0.0
          ],
          [
            2.0825,
            2.0825,
            2.0825
          ],
          [
            2.0825,
            6.2475,
            2.0825
          ],
          [
            6.2475,
            2.0825,
            2.0825
          ],
          [
            6.2475,
            6.2475,
            2.0825
          ],
          [
            0.0,
            0.0,
            2.0825
          ],
          [
            0.0,
            4.165,
            2.0825
          ],
          [
            4.165,
            0.0,
            2.0825
          ],
          [
            4.165,
            4.165,
            2.0825
          ],
          [
            2.08085,
            -0.02679,
            4.17482
          ],
          [
            2.04689,
            4.16904,
            4.14433
          ],
          [
            6.24429,
            -0.02327,
            4.13308
          ],
          [
            6.24346,
            4.24602,
            4.10026
          ],
          [
            8.30419,
            2.07974,
            4.16055
          ],
          [
            8.30759,
            6.24457,
            4.13151
          ],
          [
            4.16804,
            2.04623,
            4.14371
          ],
          [
            4.24373,
            6.24472,
            4.10092
          ],
          [
            2.03673,
            2.03681,
            6.23649
          ],
          [
            2.11076,
            6.23822,
            6.26238
          ],
          [
            6.2374,
            2.10757,
            6.25829
          ],
          [
            6.38422,
            6.38466,
            5.95089
          ],
          [
            -0.00713,
            -0.00817,
            6.24961
          ],
          [
            -0.00293,
            4.18517,
            6.27912
          ],
          [
            4.18569,
            -0.00671,
            6.28438
          ],
          [
            4.04702,
            4.0525,
            6.10683
          ],
          [
            5.30813,
            5.31981,
            7.97675
          ]
        ],
        "Stress": [
          [
            -52.04686,
            2.58464,
            -0.49896
          ],
          [
            2.58464,
            -52.12155,
            -0.65466
          ],
          [
            -0.49896,
            -0.65466,
            -24.25472
          ]
        ],
        "computation_code": "VASP",
        "pseudopotential_information": [
          [
            "PAW_PBE",
            "Ni",
            "02Aug2007"
          ],
          [
            "PAW_PBE",
            "V_sv",
            "02Aug2007"
          ],
          [
            "PAW_PBE",
            "O",
            "08Apr2002"
          ]
        ]
      }
    ],
    "EnergyStyle": "electronvolt",
    "ForcesStyle": "electronvoltperangstrom",
    "LatticeStyle": "angstrom",
    "PositionsStyle": "angstrom",
    "StressStyle": "kB"
  }
}