{
  "Dataset": {
    "AtomTypeStyle": "chemicalsymbol",
    "Data": [
      {
        "AtomTypes": [
          "Ni",
          "Ni",
          "Ni",
          "Ni",
          "Ni",
          "Ni",
          "Ni",
          "Ni",
          "Ni",
          "Ni",
          "Ni",
          "Ni",
          "Ni",
          "Ni",
          "Ni",
          "Ni",
          "Ni",
          "Ni",
          "Ni",
          "Ni",
          "Ni",
          "Ni",
          "Ni",
          "V",
          "Ni",
          "Ni",
          "Ni",
          "Ni",
          "Ni",
          "Ni",
          "Ni",
          "Ni",
          "O",
          "O",
          "O",
          "O",
          "O",
          "O",
          "O",
          "O",
          "O",
          "O",
          "O",
          "O",
          "O",
          "O",
          "O",
          "O",
          "O",
          "O",
          "O",
          "O",
          "O",
          "O",
          "O",
          "O",
          "O",
          "O",
          "O",
          "O",
          "O",
          "O",
          "O"
        ],
        "Energy": -335.2811139,
        "Forces": [
          [
            -0.00904,
            0.053126,
            0.318237
          ],
          [
            0.038364,
            -0.023662,
            0.32033
          ],
          [
            0.026347,
            0.042339,
            0.327736
          ],
          [
            -0.010598,
            -0.017159,
            0.314495
          ],
          [
            0.00385,
            -0.00337,
            0.3467
          ],
          [
            0.011783,
            0.031465,
            0.32124
          ],
          [
            0.02287,
            -0.053726,
            0.318877
          ],
          [
            0.017765,
            0.071475,
            0.216302
          ],
          [
            0.002441,
            -0.041998,
            -0.306764
          ],
          [
            0.184972,
            0.050575,
            -0.266351
          ],
          [
            -0.031015,
            -0.079574,
            -0.03947
          ],
          [
            -0.172144,
            0.059767,
            -0.501727
          ],
          [
            0.002277,
            0.040344,
            -0.101937
          ],
          [
            -0.013996,
            -0.052195,
            -0.160672
          ],
          [
            -0.049812,
            -0.102424,
            0.359087
          ],
          [
            0.001746,
            -0.236095,
            -0.072944
          ],
          [
            -0.570902,
            0.205035,
            -0.007686
          ],
          [
            -0.069946,
            -0.140438,
            0.076464
          ],
          [
            0.565708,
            -0.030178,
            -0.164615
          ],
          [
            0.058232,
            -0.342894,
            0.136603
          ],
          [
            0.102292,
            0.012657,
            -0.247747
          ],
          [
            -0.071548,
            0.014878,
            -0.178837
          ],
          [
            0.032063,
            -0.469882,
            0.389996
          ],
          [
            -0.399029,
            0.851154,
            -0.227699
          ],
          [
            -0.348254,
            0.08497,
            -1.008324
          ],
          [
            -0.184555,
            -0.128703,
            -0.327043
          ],
          [
            0.451687,
            0.13128,
            -0.479543
          ],
          [
            0.091902,
            -0.01637,
            -0.740501
          ],
          [
            0.092901,
            0.035696,
            -0.340221
          ],
          [
            -0.004386,
            0.002569,
            -0.379833
          ],
          [
            0.029556,
            0.35222,
            -0.570437
          ],
          [
            -0.118693,
            -0.099779,
            0.264457
          ],
          [
            0.008196,
            -0.026232,
            -0.169304
          ],
          [
            0.002757,
            0.025083,
            -0.165526
          ],
          [
            0.003006,
            -0.019935,
            -0.301042
          ],
          [
            -0.002687,
            0.061612,
            -0.113528
          ],
          [
            -0.004856,
            0.030104,
            -0.193983
          ],
          [
            -0.042236,
            -0.03041,
            -0.140098
          ],
          [
            0.004907,
            0.023795,
            -0.176084
          ],
          [
            0.042898,
            -0.02299,
            -0.15474
          ],
          [
            0.060488,
            0.005167,
            -0.01327
          ],
          [
            -0.061014,
            -0.02477,
            0.04897
          ],
          [
            -0.096854,
            0.021774,
            0.073908
          ],
          [
            0.147486,
            0.089386,
            0.148062
          ],
          [
            -0.065345,
            -0.147085,
            0.040658
          ],
          [
            -0.098097,
            0.13898,
            -0.001357
          ],
          [
            0.057939,
            -0.017583,
            0.032183
          ],
          [
            0.086755,
            -0.011981,
            -0.039501
          ],
          [
            -0.187198,
            -0.101441,
            0.122653
          ],
          [
            -0.062104,
            0.058808,
            0.189469
          ],
          [
            0.019796,
            0.283922,
            -0.724364
          ],
          [
            0.003166,
            -0.104975,
            0.678914
          ],
          [
            -0.088442,
            -0.092485,
            0.24702
          ],
          [
            0.015569,
            -0.113865,
            0.224523
          ],
          [
            0.42594,
            0.197035,
            0.757449
          ],
          [
            0.321907,
            -0.026961,
            0.453276
          ],
          [
            -0.53857,
            0.042774,
            0.347292
          ],
          [
            -0.298408,
            -0.395966,
            0.002265
          ],
          [
            0.440105,
            -0.398039,
            0.290707
          ],
          [
            0.773604,
            0.376871,
            0.260024
          ],
          [
            -0.36685,
            0.34674,
            0.297102
          ],
          [
            -0.331293,
            -0.137702,
            0.332641
          ],
          [
            0.146593,
            -0.230734,
            0.057509
          ]
        ],
        "Lattice": [
          [
            8.33,
            0.0,
            0.0
          ],
          [
            0.0,
            8.33,
            0.0
          ],
          [
            0.0,
            0.0,
            20.227360776
          ]
        ],
        "NumAtoms": 63,
        "Positions": [
          [
            0.0,
            0.0,
            0.0
          ],
          [
            0.0,
            4.165,
            0.0
          ],
          [
            4.165,
            0.0,
            0.0
          ],
          [
            4.165,
            4.165,
            0.0
          ],
          [
            2.0825,
            2.0825,
            0.0
          ],
          [
            2.0825,
            6.2475,
            0.0
          ],
          [
            6.2475,
            2.0825,
            0.0
          ],
          [
            6.2475,
            6.2475,
            0.0
          ],
          [
            0.0,
            2.0825,
            2.0825
          ],
          [
            0.0,
            6.2475,
            2.0825
          ],
          [
            4.165,
            2.0825,
            2.0825
          ],
          [
            4.165,
            6.2475,
            2.0825
          ],
          [
            2.0825,
            0.0,
            2.0825
          ],
          [
            2.0825,
            4.165,
            2.0825
          ],
          [
            6.2475,
            0.0,
            2.0825
          ],
          [
            6.2475,
            4.165,
            2.0825
          ],
          [
            0.00024,
            0.01656,
            4.18877
          ],
          [
            0.01322,
            4.15283,
            4.18313
          ],
          [
            4.15754,
            8.30721,
            4.19065
          ],
          [
            4.1503,
            4.17159,
            4.17344
          ],
          [
            2.05971,
            2.07504,
            4.19065
          ],
          [
            2.09906,
            6.24774,
            4.18877
          ],
          [
            6.25409,
            2.0678,
            4.17344
          ],
          [
            6.23533,
            6.26072,
            4.18313
          ],
          [
            8.31608,
            2.06769,
            6.38751
          ],
          [
            0.01561,
            6.26311,
            6.27509
          ],
          [
            4.12343,
            2.04093,
            6.26973
          ],
          [
            4.15019,
            6.23358,
            6.38751
          ],
          [
            2.06456,
            8.31206,
            6.2434
          ],
          [
            2.06758,
            4.15099,
            6.24947
          ],
          [
            6.23349,
            8.31508,
            6.24947
          ],
          [
            6.23198,
            4.14948,
            6.23535
          ],
          [
            2.0825,
            0.0,
            0.0
          ],
          [
            2.0825,
            4.165,
            0.0
          ],
          [
            6.2475,
            0.0,
            0.0
          ],
          [
            6.2475,
            4.165,
            0.0
          ],
          [
            0.0,
            2.0825,
            0.0
          ],
          [
            0.0,
            6.2475,
            0.0
          ],
          [
            4.165,
            2.0825,
            0.0
          ],
          [
            4.165,
            6.2475,
            0.0
          ],
          [
            2.0825,
            2.0825,
            2.0825
          ],
          [
            2.0825,
            6.2475,
            2.0825
          ],
          [
            6.2475,
            2.0825,
            2.0825
          ],
          [
            6.2475,
            6.2475,
            2.0825
          ],
          [
            0.0,
            0.0,
            2.0825
          ],
          [
            0.0,
            4.165,
            2.0825
          ],
          [
            4.165,
            0.0,
            2.0825
          ],
          [
            4.165,
            4.165,
            2.0825
          ],
          [
            2.08485,
            0.00235,
            4.16742
          ],
          [
            2.08289,
            4.16238,
            4.16179
          ],
          [
            6.24873,
            4.16623,
            4.23555
          ],
          [
            8.31414,
            2.08619,
            4.09883
          ],
          [
            8.32679,
            6.24429,
            4.17061
          ],
          [
            4.16861,
            2.08611,
            4.17305
          ],
          [
            4.16869,
            6.23164,
            4.09883
          ],
          [
            2.02813,
            2.07933,
            6.23569
          ],
          [
            2.11319,
            6.22405,
            6.23839
          ],
          [
            6.26115,
            2.11777,
            6.27027
          ],
          [
            8.30655,
            0.03069,
            6.23839
          ],
          [
            8.26107,
            4.13214,
            6.25466
          ],
          [
            4.16183,
            8.27563,
            6.23569
          ],
          [
            4.165,
            4.165,
            6.23569
          ],
          [
            6.24488,
            6.24488,
            6.23569
          ]
        ],
        "Stress": [
          [
            -54.90488,
            -0.07555,
            -0.0958
          ],
          [
            -0.07555,
            -55.33135,
            -0.0412
          ],
          [
            -0.0958,
            -0.0412,
            -29.75525
          ]
        ],
        "computation_code": "VASP",
        "pseudopotential_information": [
          [
            "PAW_PBE",
            "Ni",
            "02Aug2007"
          ],
          [
            "PAW_PBE",
            "V_sv",
            "02Aug2007"
          ],
          [
            "PAW_PBE",
            "O",
            "08Apr2002"
          ]
        ]
      }
    ],
    "EnergyStyle": "electronvolt",
    "ForcesStyle": "electronvoltperangstrom",
    "LatticeStyle": "angstrom",
    "PositionsStyle": "angstrom",
    "StressStyle": "kB"
  }
}