{
  "Dataset": {
    "AtomTypeStyle": "chemicalsymbol",
    "Data": [
      {
        "AtomTypes": [
          "Ni",
          "Ni",
          "Ni",
          "Ni",
          "Ni",
          "Ni",
          "Ni",
          "Ni",
          "Ni",
          "Ni",
          "Ni",
          "Ni",
          "Ni",
          "Ni",
          "Ni",
          "Ni",
          "Ni",
          "Ni",
          "Ni",
          "Ni",
          "Ni",
          "Ni",
          "Ni",
          "V",
          "Ni",
          "Ni",
          "Ni",
          "Ni",
          "Ni",
          "Ni",
          "Ni",
          "Ni",
          "O",
          "O",
          "O",
          "O",
          "O",
          "O",
          "O",
          "O",
          "O",
          "O",
          "O",
          "O",
          "O",
          "O",
          "O",
          "O",
          "O",
          "O",
          "O",
          "O",
          "O",
          "O",
          "O",
          "O",
          "O",
          "O",
          "O",
          "O",
          "O",
          "O",
          "O"
        ],
        "Energy": -335.51297837,
        "Forces": [
          [
            0.012577,
            0.013741,
            0.315781
          ],
          [
            0.02397,
            0.011131,
            0.319651
          ],
          [
            0.011756,
            0.022836,
            0.31082
          ],
          [
            0.002857,
            0.003682,
            0.292791
          ],
          [
            0.005475,
            0.011659,
            0.307164
          ],
          [
            -0.001556,
            0.01542,
            0.30841
          ],
          [
            0.020925,
            0.002676,
            0.31396
          ],
          [
            0.02778,
            0.024846,
            0.25374
          ],
          [
            -0.04085,
            0.004654,
            -0.182449
          ],
          [
            0.074081,
            0.001319,
            -0.104264
          ],
          [
            0.015564,
            -0.021559,
            -0.075934
          ],
          [
            -0.035096,
            -0.006225,
            -0.313397
          ],
          [
            -0.021266,
            -0.01782,
            -0.135755
          ],
          [
            -0.03356,
            0.007748,
            -0.116922
          ],
          [
            0.011969,
            0.086758,
            -0.152611
          ],
          [
            0.016386,
            -0.056637,
            -0.315483
          ],
          [
            -0.142755,
            -0.369243,
            0.297062
          ],
          [
            0.081556,
            0.294066,
            0.115039
          ],
          [
            0.076594,
            0.023933,
            0.186968
          ],
          [
            -0.169769,
            -0.027682,
            0.00058
          ],
          [
            0.061022,
            -0.035787,
            0.34072
          ],
          [
            -0.292632,
            -0.002353,
            0.374245
          ],
          [
            -0.04306,
            -0.19184,
            0.035252
          ],
          [
            0.623647,
            0.512244,
            0.294685
          ],
          [
            0.17325,
            -0.122743,
            -0.287815
          ],
          [
            0.076769,
            0.042158,
            -0.60764
          ],
          [
            -0.078891,
            -0.061755,
            0.264325
          ],
          [
            -0.025113,
            0.173371,
            -0.585308
          ],
          [
            -0.071893,
            -0.051204,
            0.217942
          ],
          [
            -0.085899,
            0.076163,
            0.219506
          ],
          [
            0.090541,
            -0.11427,
            -0.072111
          ],
          [
            0.201856,
            0.096594,
            -0.146933
          ],
          [
            0.011815,
            -0.000752,
            -0.157752
          ],
          [
            0.005945,
            0.00013,
            -0.15539
          ],
          [
            -0.0119,
            -0.016107,
            -0.185382
          ],
          [
            -0.006518,
            0.010565,
            -0.138181
          ],
          [
            0.0009,
            0.006871,
            -0.168898
          ],
          [
            -0.014334,
            -0.007429,
            -0.197445
          ],
          [
            -0.001316,
            0.001146,
            -0.151303
          ],
          [
            0.008386,
            -0.001585,
            -0.14168
          ],
          [
            0.023787,
            -0.01021,
            -0.003969
          ],
          [
            0.081078,
            -0.012145,
            0.007199
          ],
          [
            -0.055484,
            0.071753,
            0.094284
          ],
          [
            -0.043638,
            -0.020824,
            0.282226
          ],
          [
            0.021008,
            0.025818,
            -0.064775
          ],
          [
            -0.039607,
            -0.046761,
            0.009813
          ],
          [
            -0.049485,
            -0.011481,
            -0.010648
          ],
          [
            0.012019,
            -0.020582,
            0.081437
          ],
          [
            0.033932,
            0.03753,
            -0.26535
          ],
          [
            0.093279,
            -0.032838,
            -0.233907
          ],
          [
            -0.018799,
            -0.10587,
            0.039262
          ],
          [
            -0.01939,
            -0.337271,
            0.106613
          ],
          [
            -0.032839,
            0.08116,
            0.114338
          ],
          [
            -0.098836,
            -0.066761,
            0.257543
          ],
          [
            0.023481,
            0.120063,
            -0.322242
          ],
          [
            -0.284882,
            -0.059329,
            0.23525
          ],
          [
            0.071779,
            0.026602,
            -0.204747
          ],
          [
            -0.314451,
            0.051412,
            -0.090242
          ],
          [
            -0.006275,
            -0.039165,
            -0.132092
          ],
          [
            -0.086043,
            -0.317299,
            -0.042549
          ],
          [
            -0.136543,
            0.332884,
            -0.074589
          ],
          [
            0.161149,
            -0.026555,
            -0.089098
          ],
          [
            0.105548,
            0.021151,
            -0.06975
          ]
        ],
        "Lattice": [
          [
            8.33,
            0.0,
            0.0
          ],
          [
            0.0,
            8.33,
            0.0
          ],
          [
            0.0,
            0.0,
            20.227360776
          ]
        ],
        "NumAtoms": 63,
        "Positions": [
          [
            0.0,
            0.0,
            0.0
          ],
          [
            0.0,
            4.165,
            0.0
          ],
          [
            4.165,
            0.0,
            0.0
          ],
          [
            4.165,
            4.165,
            0.0
          ],
          [
            2.0825,
            2.0825,
            0.0
          ],
          [
            2.0825,
            6.2475,
            0.0
          ],
          [
            6.2475,
            2.0825,
            0.0
          ],
          [
            6.2475,
            6.2475,
            0.0
          ],
          [
            0.0,
            2.0825,
            2.0825
          ],
          [
            0.0,
            6.2475,
            2.0825
          ],
          [
            4.165,
            2.0825,
            2.0825
          ],
          [
            4.165,
            6.2475,
            2.0825
          ],
          [
            2.0825,
            0.0,
            2.0825
          ],
          [
            2.0825,
            4.165,
            2.0825
          ],
          [
            6.2475,
            0.0,
            2.0825
          ],
          [
            6.2475,
            4.165,
            2.0825
          ],
          [
            0.01145,
            0.03153,
            4.16784
          ],
          [
            0.00228,
            4.13526,
            4.18801
          ],
          [
            4.14748,
            0.00171,
            4.17671
          ],
          [
            4.15443,
            4.14668,
            4.19155
          ],
          [
            2.06745,
            2.08192,
            4.16742
          ],
          [
            2.09756,
            6.24294,
            4.17182
          ],
          [
            6.24826,
            2.08983,
            4.19988
          ],
          [
            6.20321,
            6.20476,
            4.27587
          ],
          [
            8.29219,
            2.09146,
            6.29562
          ],
          [
            -0.0485,
            6.25585,
            6.31043
          ],
          [
            4.16013,
            2.06667,
            6.22699
          ],
          [
            4.19614,
            6.21728,
            6.29222
          ],
          [
            2.08232,
            8.31552,
            6.21739
          ],
          [
            2.07244,
            4.15427,
            6.21718
          ],
          [
            6.23999,
            8.30014,
            6.23948
          ],
          [
            6.21014,
            4.17549,
            6.22292
          ],
          [
            2.0825,
            0.0,
            0.0
          ],
          [
            2.0825,
            4.165,
            0.0
          ],
          [
            6.2475,
            0.0,
            0.0
          ],
          [
            6.2475,
            4.165,
            0.0
          ],
          [
            0.0,
            2.0825,
            0.0
          ],
          [
            0.0,
            6.2475,
            0.0
          ],
          [
            4.165,
            2.0825,
            0.0
          ],
          [
            4.165,
            6.2475,
            0.0
          ],
          [
            2.0825,
            2.0825,
            2.0825
          ],
          [
            2.0825,
            6.2475,
            2.0825
          ],
          [
            6.2475,
            2.0825,
            2.0825
          ],
          [
            6.2475,
            6.2475,
            2.0825
          ],
          [
            0.0,
            0.0,
            2.0825
          ],
          [
            0.0,
            4.165,
            2.0825
          ],
          [
            4.165,
            0.0,
            2.0825
          ],
          [
            4.165,
            4.165,
            2.0825
          ],
          [
            2.07925,
            -0.00728,
            4.18151
          ],
          [
            2.07704,
            4.16632,
            4.17776
          ],
          [
            6.24155,
            -0.00467,
            4.1471
          ],
          [
            6.24646,
            4.19601,
            4.16976
          ],
          [
            8.3203,
            2.07915,
            4.16318
          ],
          [
            8.32182,
            6.25008,
            4.14071
          ],
          [
            4.16304,
            2.07354,
            4.19475
          ],
          [
            4.194,
            6.24701,
            4.16386
          ],
          [
            2.05924,
            2.06976,
            6.27793
          ],
          [
            2.08728,
            6.23217,
            6.26771
          ],
          [
            6.22968,
            2.05696,
            6.28233
          ],
          [
            8.31892,
            0.02624,
            6.27217
          ],
          [
            8.3257,
            4.13412,
            6.27811
          ],
          [
            4.15164,
            8.3171,
            6.26886
          ],
          [
            4.14421,
            4.14813,
            6.26593
          ]
        ],
        "Stress": [
          [
            -52.87081,
            -0.03799,
            -0.0622
          ],
          [
            -0.03799,
            -52.93047,
            -0.09682
          ],
          [
            -0.0622,
            -0.09682,
            -29.53107
          ]
        ],
        "computation_code": "VASP",
        "pseudopotential_information": [
          [
            "PAW_PBE",
            "Ni",
            "02Aug2007"
          ],
          [
            "PAW_PBE",
            "V_sv",
            "02Aug2007"
          ],
          [
            "PAW_PBE",
            "O",
            "08Apr2002"
          ]
        ]
      }
    ],
    "EnergyStyle": "electronvolt",
    "ForcesStyle": "electronvoltperangstrom",
    "LatticeStyle": "angstrom",
    "PositionsStyle": "angstrom",
    "StressStyle": "kB"
  }
}