{
  "Dataset": {
    "AtomTypeStyle": "chemicalsymbol",
    "Data": [
      {
        "AtomTypes": [
          "Ni",
          "Ni",
          "Ni",
          "Ni",
          "Ni",
          "Ni",
          "Ni",
          "Ni",
          "Ni",
          "Ni",
          "Ni",
          "Ni",
          "Ni",
          "Ni",
          "Ni",
          "Ni",
          "Ni",
          "Ni",
          "Ni",
          "Ni",
          "Ni",
          "Ni",
          "Ni",
          "V",
          "Ni",
          "Ni",
          "Ni",
          "Ni",
          "Ni",
          "Ni",
          "Ni",
          "Ni",
          "O",
          "O",
          "O",
          "O",
          "O",
          "O",
          "O",
          "O",
          "O",
          "O",
          "O",
          "O",
          "O",
          "O",
          "O",
          "O",
          "O",
          "O",
          "O",
          "O",
          "O",
          "O",
          "O",
          "O",
          "O",
          "O",
          "O",
          "O",
          "O",
          "O",
          "O",
          "O",
          "O",
          "O"
        ],
        "Energy": -356.69824664,
        "Forces": [
          [
            0.034236,
            0.048322,
            0.36091
          ],
          [
            0.040216,
            -0.021364,
            0.346003
          ],
          [
            -0.00917,
            0.049981,
            0.353069
          ],
          [
            -0.012087,
            -0.02036,
            0.359735
          ],
          [
            0.016631,
            0.009659,
            0.360986
          ],
          [
            0.017439,
            0.019267,
            0.347389
          ],
          [
            0.010878,
            0.004125,
            0.365338
          ],
          [
            0.01326,
            0.022556,
            0.20643
          ],
          [
            -0.019751,
            -0.038309,
            -0.085402
          ],
          [
            0.23537,
            0.02324,
            -0.273766
          ],
          [
            -0.004544,
            0.039112,
            -0.098265
          ],
          [
            -0.217139,
            -0.015206,
            -0.32032
          ],
          [
            -0.05282,
            0.01639,
            -0.106575
          ],
          [
            0.025393,
            -0.011431,
            -0.097808
          ],
          [
            0.010133,
            0.257813,
            -0.163567
          ],
          [
            -0.032237,
            -0.297018,
            -0.198046
          ],
          [
            0.005301,
            0.019048,
            0.008367
          ],
          [
            0.002276,
            -0.002004,
            0.017461
          ],
          [
            0.005308,
            -0.003952,
            -0.004174
          ],
          [
            -0.008576,
            0.00462,
            0.01093
          ],
          [
            -0.005978,
            -0.000223,
            0.0179
          ],
          [
            0.005385,
            -0.001625,
            0.010811
          ],
          [
            0.007557,
            -0.005597,
            8e-05
          ],
          [
            -0.005081,
            0.008388,
            -0.002468
          ],
          [
            0.010495,
            0.001396,
            0.015883
          ],
          [
            0.005195,
            -0.007063,
            -0.000112
          ],
          [
            -0.007674,
            -0.012583,
            -0.002484
          ],
          [
            0.0052,
            -0.003718,
            -0.012135
          ],
          [
            0.003746,
            -0.001861,
            0.003438
          ],
          [
            0.000614,
            -0.000893,
            0.019833
          ],
          [
            0.00242,
            -0.012558,
            0.001034
          ],
          [
            0.000624,
            0.015869,
            0.000526
          ],
          [
            0.003717,
            -0.022329,
            -0.206775
          ],
          [
            -0.00819,
            0.020063,
            -0.198209
          ],
          [
            -0.002406,
            -0.06342,
            -0.190715
          ],
          [
            0.006708,
            0.064441,
            -0.164258
          ],
          [
            -0.011655,
            0.009625,
            -0.199155
          ],
          [
            -0.046182,
            -0.009939,
            -0.150338
          ],
          [
            0.01078,
            -0.001511,
            -0.205794
          ],
          [
            0.045092,
            -0.001354,
            -0.157318
          ],
          [
            -0.031599,
            0.009697,
            -0.05476
          ],
          [
            -0.021146,
            -0.026259,
            0.04816
          ],
          [
            -0.007459,
            0.016956,
            -0.01112
          ],
          [
            0.05739,
            -0.023294,
            0.239877
          ],
          [
            -0.062831,
            -0.073883,
            -0.061519
          ],
          [
            -0.054302,
            0.036246,
            -0.039855
          ],
          [
            0.010541,
            -0.05225,
            -0.104332
          ],
          [
            0.03282,
            0.04794,
            -0.049535
          ],
          [
            -0.006446,
            0.001162,
            -0.00289
          ],
          [
            0.003802,
            0.000593,
            0.011882
          ],
          [
            -0.000553,
            -0.005602,
            0.012795
          ],
          [
            -0.000291,
            0.003869,
            0.003857
          ],
          [
            -0.001893,
            0.002208,
            0.001576
          ],
          [
            0.003,
            0.000676,
            0.007213
          ],
          [
            0.008509,
            0.00314,
            0.005719
          ],
          [
            -0.003577,
            -0.007729,
            -0.001021
          ],
          [
            -0.000373,
            -0.001421,
            0.006003
          ],
          [
            0.00199,
            0.003184,
            0.000472
          ],
          [
            -0.006048,
            -0.01021,
            0.008658
          ],
          [
            -0.015069,
            0.013664,
            0.014381
          ],
          [
            -0.013752,
            0.00325,
            0.006419
          ],
          [
            -0.009254,
            0.003469,
            0.003188
          ],
          [
            0.012188,
            0.004024,
            0.001837
          ],
          [
            0.002982,
            0.005358,
            0.001996
          ],
          [
            0.027125,
            0.009408,
            -0.015165
          ],
          [
            -0.006239,
            -0.043793,
            -0.002272
          ]
        ],
        "Lattice": [
          [
            8.33,
            0.0,
            0.0
          ],
          [
            0.0,
            8.33,
            0.0
          ],
          [
            0.0,
            0.0,
            20.227360776
          ]
        ],
        "NumAtoms": 66,
        "Positions": [
          [
            0.0,
            0.0,
            0.0
          ],
          [
            0.0,
            4.165,
            0.0
          ],
          [
            4.165,
            0.0,
            0.0
          ],
          [
            4.165,
            4.165,
            0.0
          ],
          [
            2.0825,
            2.0825,
            0.0
          ],
          [
            2.0825,
            6.2475,
            0.0
          ],
          [
            6.2475,
            2.0825,
            0.0
          ],
          [
            6.2475,
            6.2475,
            0.0
          ],
          [
            0.0,
            2.0825,
            2.0825
          ],
          [
            0.0,
            6.2475,
            2.0825
          ],
          [
            4.165,
            2.0825,
            2.0825
          ],
          [
            4.165,
            6.2475,
            2.0825
          ],
          [
            2.0825,
            0.0,
            2.0825
          ],
          [
            2.0825,
            4.165,
            2.0825
          ],
          [
            6.2475,
            0.0,
            2.0825
          ],
          [
            6.2475,
            4.165,
            2.0825
          ],
          [
            -0.01255,
            0.00895,
            4.19887
          ],
          [
            0.01047,
            4.14252,
            4.18724
          ],
          [
            4.14615,
            0.0178,
            4.17591
          ],
          [
            4.15446,
            4.161,
            4.20194
          ],
          [
            2.07683,
            2.08281,
            4.17832
          ],
          [
            2.10289,
            6.25196,
            4.19266
          ],
          [
            6.23713,
            2.05866,
            4.19741
          ],
          [
            6.21739,
            6.24867,
            4.19375
          ],
          [
            8.31291,
            2.05999,
            6.23646
          ],
          [
            0.03316,
            6.24294,
            6.24476
          ],
          [
            4.14712,
            2.08265,
            6.23404
          ],
          [
            4.18007,
            6.30969,
            6.50469
          ],
          [
            2.06544,
            0.00465,
            6.22689
          ],
          [
            2.08833,
            4.16283,
            6.23577
          ],
          [
            6.17914,
            8.30569,
            6.44651
          ],
          [
            6.23475,
            4.11705,
            6.2512
          ],
          [
            2.0825,
            0.0,
            0.0
          ],
          [
            2.0825,
            4.165,
            0.0
          ],
          [
            6.2475,
            0.0,
            0.0
          ],
          [
            6.2475,
            4.165,
            0.0
          ],
          [
            0.0,
            2.0825,
            0.0
          ],
          [
            0.0,
            6.2475,
            0.0
          ],
          [
            4.165,
            2.0825,
            0.0
          ],
          [
            4.165,
            6.2475,
            0.0
          ],
          [
            2.0825,
            2.0825,
            2.0825
          ],
          [
            2.0825,
            6.2475,
            2.0825
          ],
          [
            6.2475,
            2.0825,
            2.0825
          ],
          [
            6.2475,
            6.2475,
            2.0825
          ],
          [
            0.0,
            0.0,
            2.0825
          ],
          [
            0.0,
            4.165,
            2.0825
          ],
          [
            4.165,
            0.0,
            2.0825
          ],
          [
            4.165,
            4.165,
            2.0825
          ],
          [
            2.05923,
            -0.01298,
            4.15037
          ],
          [
            2.08197,
            4.18278,
            4.16083
          ],
          [
            6.24084,
            -0.02088,
            4.15769
          ],
          [
            6.24929,
            4.16872,
            4.16052
          ],
          [
            8.32061,
            2.07826,
            4.16381
          ],
          [
            8.27713,
            6.23561,
            4.14732
          ],
          [
            4.1595,
            2.10065,
            4.15518
          ],
          [
            4.22102,
            6.24701,
            4.13962
          ],
          [
            2.05821,
            2.09292,
            6.23737
          ],
          [
            2.07335,
            6.24072,
            6.24489
          ],
          [
            6.24175,
            2.0762,
            6.25465
          ],
          [
            6.29637,
            6.18325,
            6.10089
          ],
          [
            -0.00061,
            -0.02044,
            6.25674
          ],
          [
            8.3278,
            4.16012,
            6.24885
          ],
          [
            4.09894,
            0.04419,
            6.16325
          ],
          [
            4.16483,
            4.16043,
            6.26428
          ],
          [
            4.77346,
            6.78348,
            8.35217
          ],
          [
            5.72051,
            7.7401,
            8.34104
          ]
        ],
        "Stress": [
          [
            -53.9625,
            -1.0156,
            -0.16551
          ],
          [
            -1.0156,
            -53.07153,
            -0.28474
          ],
          [
            -0.16551,
            -0.28474,
            -27.37446
          ]
        ],
        "computation_code": "VASP",
        "pseudopotential_information": [
          [
            "PAW_PBE",
            "Ni",
            "02Aug2007"
          ],
          [
            "PAW_PBE",
            "V_sv",
            "02Aug2007"
          ],
          [
            "PAW_PBE",
            "O",
            "08Apr2002"
          ]
        ]
      }
    ],
    "EnergyStyle": "electronvolt",
    "ForcesStyle": "electronvoltperangstrom",
    "LatticeStyle": "angstrom",
    "PositionsStyle": "angstrom",
    "StressStyle": "kB"
  }
}