{
  "Dataset": {
    "AtomTypeStyle": "chemicalsymbol",
    "Data": [
      {
        "AtomTypes": [
          "Ni",
          "Ni",
          "Ni",
          "Ni",
          "Ni",
          "Ni",
          "Ni",
          "Ni",
          "Ni",
          "Ni",
          "Ni",
          "Ni",
          "Ni",
          "Ni",
          "Ni",
          "Ni",
          "Ni",
          "Ni",
          "Ni",
          "Ni",
          "Ni",
          "Ni",
          "Ni",
          "Ni",
          "Ni",
          "Ni",
          "Ni",
          "Ni",
          "Ni",
          "Ni",
          "V",
          "O",
          "O",
          "O",
          "O",
          "O",
          "O",
          "O",
          "O",
          "O",
          "O",
          "O",
          "O",
          "O",
          "O",
          "O",
          "O",
          "O",
          "O",
          "O",
          "O",
          "O",
          "O",
          "O",
          "O",
          "O",
          "O",
          "O",
          "O",
          "O",
          "O",
          "O",
          "O"
        ],
        "Energy": -341.77899932,
        "Forces": [
          [
            0.037942,
            0.003163,
            0.354323
          ],
          [
            0.052076,
            0.026491,
            0.318067
          ],
          [
            -0.009128,
            -0.012433,
            0.387818
          ],
          [
            -0.021895,
            0.039512,
            0.321402
          ],
          [
            0.024871,
            -0.009532,
            0.352993
          ],
          [
            0.039093,
            0.039257,
            0.386119
          ],
          [
            0.002956,
            -0.022427,
            0.317509
          ],
          [
            -0.011453,
            0.053541,
            0.32224
          ],
          [
            0.049356,
            -0.060623,
            -0.082083
          ],
          [
            0.102014,
            0.050621,
            -0.064724
          ],
          [
            -0.065563,
            -0.115111,
            -0.072284
          ],
          [
            -0.105337,
            0.102263,
            -0.309522
          ],
          [
            0.042911,
            -0.057972,
            -0.04694
          ],
          [
            -0.013741,
            0.049375,
            -0.117682
          ],
          [
            -0.060909,
            0.000826,
            -0.13259
          ],
          [
            -0.024314,
            -0.001331,
            -0.400613
          ],
          [
            -0.010943,
            -0.028638,
            0.008597
          ],
          [
            -0.167867,
            -0.00958,
            -0.17245
          ],
          [
            0.02433,
            0.004513,
            0.048064
          ],
          [
            0.159959,
            0.038081,
            -0.170466
          ],
          [
            0.021169,
            -0.157913,
            -0.129175
          ],
          [
            -0.00126,
            0.207655,
            -0.163061
          ],
          [
            0.011265,
            -0.035108,
            -0.032728
          ],
          [
            -0.033819,
            0.020228,
            0.014297
          ],
          [
            -0.080196,
            -0.124571,
            -0.037919
          ],
          [
            -0.169525,
            0.128636,
            0.000631
          ],
          [
            0.153347,
            -0.213274,
            -0.005382
          ],
          [
            0.034588,
            -0.062074,
            0.044831
          ],
          [
            0.144077,
            0.203749,
            1.260532
          ],
          [
            0.040805,
            0.053743,
            -0.060818
          ],
          [
            0.003635,
            0.084888,
            0.048051
          ],
          [
            -0.019603,
            0.01867,
            -0.197305
          ],
          [
            -0.009519,
            -0.019557,
            -0.156567
          ],
          [
            0.018295,
            0.010104,
            -0.159337
          ],
          [
            0.009564,
            -0.010209,
            -0.064845
          ],
          [
            -0.027783,
            0.026365,
            -0.187262
          ],
          [
            -0.034437,
            -0.027444,
            -0.210715
          ],
          [
            0.025842,
            0.035046,
            -0.20751
          ],
          [
            0.0345,
            -0.037253,
            -0.285762
          ],
          [
            -0.04804,
            0.051414,
            0.020782
          ],
          [
            -0.175003,
            -0.077552,
            -0.029385
          ],
          [
            0.018039,
            0.142479,
            0.10374
          ],
          [
            0.156506,
            -0.147404,
            -0.093591
          ],
          [
            -0.064606,
            0.025016,
            0.013025
          ],
          [
            -0.144991,
            -0.047574,
            0.098206
          ],
          [
            0.036201,
            0.14765,
            -0.038082
          ],
          [
            0.123544,
            -0.186328,
            -0.071395
          ],
          [
            -0.000528,
            -0.00023,
            0.064698
          ],
          [
            -0.000554,
            -0.008207,
            -0.592965
          ],
          [
            -0.014634,
            0.004631,
            0.084526
          ],
          [
            -0.02468,
            0.021206,
            -0.046014
          ],
          [
            0.023413,
            -0.014109,
            -0.044257
          ],
          [
            -0.018079,
            -0.020459,
            -0.047229
          ],
          [
            0.000297,
            0.012116,
            -0.03781
          ],
          [
            0.004059,
            -0.02073,
            0.018578
          ],
          [
            -0.000775,
            -0.53305,
            -0.01518
          ],
          [
            -0.046054,
            0.474963,
            -0.00831
          ],
          [
            0.036011,
            -0.039853,
            -0.098483
          ],
          [
            -0.050222,
            -0.033586,
            0.067632
          ],
          [
            -0.067344,
            0.012735,
            -0.013438
          ],
          [
            -0.492584,
            -0.063474,
            -0.105838
          ],
          [
            0.033513,
            0.096473,
            -0.000617
          ],
          [
            0.551208,
            0.012198,
            0.053674
          ]
        ],
        "Lattice": [
          [
            8.33,
            0.0,
            0.0
          ],
          [
            0.0,
            8.33,
            0.0
          ],
          [
            0.0,
            0.0,
            20.227360776
          ]
        ],
        "NumAtoms": 63,
        "Positions": [
          [
            0.0,
            0.0,
            0.0
          ],
          [
            0.0,
            4.165,
            0.0
          ],
          [
            4.165,
            0.0,
            0.0
          ],
          [
            4.165,
            4.165,
            0.0
          ],
          [
            2.0825,
            2.0825,
            0.0
          ],
          [
            2.0825,
            6.2475,
            0.0
          ],
          [
            6.2475,
            2.0825,
            0.0
          ],
          [
            6.2475,
            6.2475,
            0.0
          ],
          [
            0.0,
            2.0825,
            2.0825
          ],
          [
            0.0,
            6.2475,
            2.0825
          ],
          [
            4.165,
            2.0825,
            2.0825
          ],
          [
            4.165,
            6.2475,
            2.0825
          ],
          [
            2.0825,
            0.0,
            2.0825
          ],
          [
            2.0825,
            4.165,
            2.0825
          ],
          [
            6.2475,
            0.0,
            2.0825
          ],
          [
            6.2475,
            4.165,
            2.0825
          ],
          [
            0.00463,
            -0.00397,
            4.19517
          ],
          [
            0.02423,
            4.16289,
            4.18882
          ],
          [
            4.15041,
            8.28025,
            4.20989
          ],
          [
            4.1289,
            4.19856,
            4.15005
          ],
          [
            2.08007,
            2.07205,
            4.19693
          ],
          [
            2.12808,
            6.25496,
            4.21374
          ],
          [
            6.24051,
            2.05286,
            4.18624
          ],
          [
            6.20888,
            6.27338,
            4.14695
          ],
          [
            -0.00317,
            2.05748,
            6.24463
          ],
          [
            0.02891,
            6.25523,
            6.22231
          ],
          [
            4.13404,
            2.03196,
            6.2203
          ],
          [
            2.15237,
            8.23397,
            6.24814
          ],
          [
            2.10254,
            4.22495,
            6.25345
          ],
          [
            6.15871,
            8.28231,
            6.26277
          ],
          [
            6.10487,
            4.28746,
            6.16495
          ],
          [
            2.0825,
            0.0,
            0.0
          ],
          [
            2.0825,
            4.165,
            0.0
          ],
          [
            6.2475,
            0.0,
            0.0
          ],
          [
            6.2475,
            4.165,
            0.0
          ],
          [
            0.0,
            2.0825,
            0.0
          ],
          [
            0.0,
            6.2475,
            0.0
          ],
          [
            4.165,
            2.0825,
            0.0
          ],
          [
            4.165,
            6.2475,
            0.0
          ],
          [
            2.0825,
            2.0825,
            2.0825
          ],
          [
            2.0825,
            6.2475,
            2.0825
          ],
          [
            6.2475,
            2.0825,
            2.0825
          ],
          [
            6.2475,
            6.2475,
            2.0825
          ],
          [
            0.0,
            0.0,
            2.0825
          ],
          [
            0.0,
            4.165,
            2.0825
          ],
          [
            4.165,
            0.0,
            2.0825
          ],
          [
            4.165,
            4.165,
            2.0825
          ],
          [
            2.07525,
            0.00151,
            4.17721
          ],
          [
            2.08612,
            4.15865,
            4.19627
          ],
          [
            6.24802,
            -0.00773,
            4.18442
          ],
          [
            6.24304,
            4.16124,
            4.24871
          ],
          [
            8.31516,
            2.09368,
            4.16874
          ],
          [
            8.29367,
            6.23221,
            4.1556
          ],
          [
            4.17325,
            2.11386,
            4.15544
          ],
          [
            4.18299,
            6.22364,
            4.06493
          ],
          [
            2.0603,
            2.11083,
            6.27018
          ],
          [
            1.94531,
            6.2077,
            6.2528
          ],
          [
            6.27083,
            2.18002,
            6.27716
          ],
          [
            6.36235,
            6.07523,
            6.30105
          ],
          [
            8.28677,
            -0.00088,
            6.26934
          ],
          [
            8.20275,
            4.11923,
            6.28194
          ],
          [
            4.1747,
            0.10924,
            6.25205
          ],
          [
            4.32397,
            4.02663,
            6.31024
          ]
        ],
        "Stress": [
          [
            -47.43655,
            -0.96316,
            0.08737
          ],
          [
            -0.96316,
            -47.86964,
            -0.16562
          ],
          [
            0.08737,
            -0.16562,
            -24.34478
          ]
        ],
        "computation_code": "VASP",
        "pseudopotential_information": [
          [
            "PAW_PBE",
            "Ni",
            "02Aug2007"
          ],
          [
            "PAW_PBE",
            "V_sv",
            "02Aug2007"
          ],
          [
            "PAW_PBE",
            "O",
            "08Apr2002"
          ]
        ]
      }
    ],
    "EnergyStyle": "electronvolt",
    "ForcesStyle": "electronvoltperangstrom",
    "LatticeStyle": "angstrom",
    "PositionsStyle": "angstrom",
    "StressStyle": "kB"
  }
}