{
  "Dataset": {
    "AtomTypeStyle": "chemicalsymbol",
    "Data": [
      {
        "AtomTypes": [
          "Ni",
          "Ni",
          "Ni",
          "Ni",
          "Ni",
          "Ni",
          "Ni",
          "Ni",
          "Ni",
          "Ni",
          "Ni",
          "Ni",
          "Ni",
          "Ni",
          "Ni",
          "Ni",
          "Ni",
          "Ni",
          "Ni",
          "Ni",
          "Ni",
          "Ni",
          "Ni",
          "Ni",
          "Ni",
          "Ni",
          "Ni",
          "Ni",
          "Ni",
          "Ni",
          "V",
          "O",
          "O",
          "O",
          "O",
          "O",
          "O",
          "O",
          "O",
          "O",
          "O",
          "O",
          "O",
          "O",
          "O",
          "O",
          "O",
          "O",
          "O",
          "O",
          "O",
          "O",
          "O",
          "O",
          "O",
          "O",
          "O",
          "O",
          "O",
          "O",
          "O",
          "O",
          "O"
        ],
        "Energy": -340.81019028,
        "Forces": [
          [
            -0.039265,
            -0.073868,
            0.341152
          ],
          [
            -0.018886,
            0.104128,
            0.271624
          ],
          [
            0.067817,
            -0.081499,
            0.338893
          ],
          [
            0.052711,
            0.111796,
            0.269502
          ],
          [
            0.008649,
            -0.017137,
            0.290653
          ],
          [
            0.018252,
            0.046179,
            0.329621
          ],
          [
            0.018812,
            -0.031871,
            0.249502
          ],
          [
            0.013588,
            0.062477,
            0.734881
          ],
          [
            0.028155,
            -0.107387,
            -0.305637
          ],
          [
            -0.704959,
            0.113394,
            0.390253
          ],
          [
            -0.058631,
            -0.130475,
            -0.165951
          ],
          [
            0.717675,
            0.111175,
            0.241216
          ],
          [
            -0.011577,
            -0.090844,
            -0.12976
          ],
          [
            -0.013928,
            0.078051,
            -0.243912
          ],
          [
            -0.000969,
            -0.860155,
            0.326412
          ],
          [
            -0.006776,
            0.853061,
            -0.343256
          ],
          [
            -0.297824,
            -0.491979,
            -0.121366
          ],
          [
            0.212949,
            0.421084,
            -0.186649
          ],
          [
            0.289321,
            -0.297464,
            -0.144178
          ],
          [
            -0.243456,
            0.28149,
            -0.183429
          ],
          [
            0.068433,
            -0.076087,
            -0.043695
          ],
          [
            -0.144706,
            0.062909,
            -0.024181
          ],
          [
            -0.060102,
            -0.395321,
            0.149421
          ],
          [
            -0.06431,
            -0.117281,
            -0.929451
          ],
          [
            0.004897,
            0.105554,
            -0.667485
          ],
          [
            0.12587,
            -0.073775,
            -0.237738
          ],
          [
            0.041583,
            0.123247,
            -0.760565
          ],
          [
            0.014096,
            -0.08367,
            -0.217029
          ],
          [
            -0.011133,
            0.123209,
            -0.239323
          ],
          [
            -0.012142,
            -0.141553,
            -0.59285
          ],
          [
            0.100701,
            0.009534,
            -1.796114
          ],
          [
            0.000573,
            0.071123,
            -0.145899
          ],
          [
            0.00181,
            -0.072461,
            -0.096635
          ],
          [
            -0.003165,
            0.211837,
            -0.21586
          ],
          [
            -0.000469,
            -0.222736,
            -0.086122
          ],
          [
            0.018648,
            0.042038,
            -0.134671
          ],
          [
            0.160258,
            -0.046008,
            -0.250217
          ],
          [
            -0.019751,
            0.043095,
            -0.115529
          ],
          [
            -0.16283,
            -0.045955,
            -0.266364
          ],
          [
            0.045073,
            0.059974,
            0.057268
          ],
          [
            -0.063154,
            -0.076547,
            -0.213876
          ],
          [
            -0.071258,
            0.278752,
            0.06456
          ],
          [
            0.027703,
            -0.300214,
            -1.093568
          ],
          [
            0.094612,
            0.127081,
            -0.014843
          ],
          [
            -0.087679,
            -0.132315,
            0.175551
          ],
          [
            -0.107794,
            0.218978,
            -0.015885
          ],
          [
            0.08751,
            -0.249415,
            0.167448
          ],
          [
            -0.012867,
            0.18631,
            0.031215
          ],
          [
            -0.006819,
            -0.232217,
            0.124164
          ],
          [
            0.010351,
            0.668696,
            0.182109
          ],
          [
            -0.082312,
            -0.220482,
            0.62624
          ],
          [
            -0.0021,
            0.212815,
            0.592892
          ],
          [
            0.670802,
            -0.159782,
            0.127224
          ],
          [
            0.00839,
            0.211911,
            0.020483
          ],
          [
            -0.627702,
            -0.157144,
            0.555734
          ],
          [
            0.219375,
            0.139464,
            0.290555
          ],
          [
            -0.20272,
            -0.07878,
            0.418633
          ],
          [
            -0.162366,
            0.448187,
            0.427466
          ],
          [
            0.080487,
            -0.553698,
            1.029787
          ],
          [
            -0.107971,
            -0.244785,
            0.295732
          ],
          [
            -0.504662,
            0.219599,
            0.393526
          ],
          [
            0.126098,
            0.194865,
            0.231809
          ],
          [
            0.579086,
            -0.079112,
            0.236513
          ]
        ],
        "Lattice": [
          [
            8.33,
            0.0,
            0.0
          ],
          [
            0.0,
            8.33,
            0.0
          ],
          [
            0.0,
            0.0,
            20.227360776
          ]
        ],
        "NumAtoms": 63,
        "Positions": [
          [
            0.0,
            0.0,
            0.0
          ],
          [
            0.0,
            4.165,
            0.0
          ],
          [
            4.165,
            0.0,
            0.0
          ],
          [
            4.165,
            4.165,
            0.0
          ],
          [
            2.0825,
            2.0825,
            0.0
          ],
          [
            2.0825,
            6.2475,
            0.0
          ],
          [
            6.2475,
            2.0825,
            0.0
          ],
          [
            6.2475,
            6.2475,
            0.0
          ],
          [
            0.0,
            2.0825,
            2.0825
          ],
          [
            0.0,
            6.2475,
            2.0825
          ],
          [
            4.165,
            2.0825,
            2.0825
          ],
          [
            4.165,
            6.2475,
            2.0825
          ],
          [
            2.0825,
            0.0,
            2.0825
          ],
          [
            2.0825,
            4.165,
            2.0825
          ],
          [
            6.2475,
            0.0,
            2.0825
          ],
          [
            6.2475,
            4.165,
            2.0825
          ],
          [
            -0.03021,
            -0.01744,
            4.1643
          ],
          [
            -0.00143,
            4.18489,
            4.15497
          ],
          [
            4.19031,
            8.28287,
            4.16196
          ],
          [
            4.16486,
            4.19645,
            4.1491
          ],
          [
            2.06242,
            2.07379,
            4.16556
          ],
          [
            2.09074,
            6.24882,
            4.16118
          ],
          [
            6.25115,
            2.0486,
            4.14952
          ],
          [
            8.32824,
            2.05552,
            6.33469
          ],
          [
            -0.00064,
            6.26945,
            6.2167
          ],
          [
            4.11662,
            2.03378,
            6.23609
          ],
          [
            4.14752,
            6.25888,
            6.21707
          ],
          [
            2.06388,
            8.31047,
            6.21939
          ],
          [
            2.06911,
            4.15534,
            6.22052
          ],
          [
            6.23349,
            8.28798,
            6.19207
          ],
          [
            6.22797,
            4.22412,
            6.11154
          ],
          [
            2.0825,
            0.0,
            0.0
          ],
          [
            2.0825,
            4.165,
            0.0
          ],
          [
            6.2475,
            0.0,
            0.0
          ],
          [
            6.2475,
            4.165,
            0.0
          ],
          [
            0.0,
            2.0825,
            0.0
          ],
          [
            0.0,
            6.2475,
            0.0
          ],
          [
            4.165,
            2.0825,
            0.0
          ],
          [
            4.165,
            6.2475,
            0.0
          ],
          [
            2.0825,
            2.0825,
            2.0825
          ],
          [
            2.0825,
            6.2475,
            2.0825
          ],
          [
            6.2475,
            2.0825,
            2.0825
          ],
          [
            6.2475,
            6.2475,
            2.0825
          ],
          [
            0.0,
            0.0,
            2.0825
          ],
          [
            0.0,
            4.165,
            2.0825
          ],
          [
            4.165,
            0.0,
            2.0825
          ],
          [
            4.165,
            4.165,
            2.0825
          ],
          [
            2.08366,
            0.00997,
            4.18964
          ],
          [
            2.08281,
            4.15254,
            4.19045
          ],
          [
            6.24493,
            0.05309,
            4.19406
          ],
          [
            6.2477,
            4.13181,
            4.31345
          ],
          [
            8.31934,
            2.09278,
            4.14594
          ],
          [
            0.04904,
            6.23916,
            4.20397
          ],
          [
            4.16396,
            2.09057,
            4.20414
          ],
          [
            4.11963,
            6.22842,
            4.14528
          ],
          [
            2.04105,
            2.08567,
            6.2653
          ],
          [
            2.09438,
            6.21945,
            6.26975
          ],
          [
            6.24797,
            2.15408,
            6.31236
          ],
          [
            6.2256,
            6.1064,
            6.31512
          ],
          [
            8.30941,
            0.02687,
            6.27273
          ],
          [
            8.25643,
            4.1329,
            6.28327
          ],
          [
            4.15944,
            8.3034,
            6.26644
          ],
          [
            4.20817,
            4.15577,
            6.29235
          ]
        ],
        "Stress": [
          [
            -57.28389,
            -0.05479,
            0.25557
          ],
          [
            -0.05479,
            -59.39839,
            -0.24859
          ],
          [
            0.25557,
            -0.24859,
            -31.7176
          ]
        ],
        "computation_code": "VASP",
        "pseudopotential_information": [
          [
            "PAW_PBE",
            "Ni",
            "02Aug2007"
          ],
          [
            "PAW_PBE",
            "V_sv",
            "02Aug2007"
          ],
          [
            "PAW_PBE",
            "O",
            "08Apr2002"
          ]
        ]
      }
    ],
    "EnergyStyle": "electronvolt",
    "ForcesStyle": "electronvoltperangstrom",
    "LatticeStyle": "angstrom",
    "PositionsStyle": "angstrom",
    "StressStyle": "kB"
  }
}