{
  "Dataset": {
    "AtomTypeStyle": "chemicalsymbol",
    "Data": [
      {
        "AtomTypes": [
          "Ni",
          "Ni",
          "Ni",
          "Ni",
          "Ni",
          "Ni",
          "Ni",
          "Ni",
          "Ni",
          "Ni",
          "Ni",
          "Ni",
          "Ni",
          "Ni",
          "Ni",
          "Ni",
          "Ni",
          "Ni",
          "Ni",
          "Ni",
          "Ni",
          "Ni",
          "Ni",
          "Ni",
          "Ni",
          "Ni",
          "Ni",
          "Ni",
          "Ni",
          "Ni",
          "V",
          "O",
          "O",
          "O",
          "O",
          "O",
          "O",
          "O",
          "O",
          "O",
          "O",
          "O",
          "O",
          "O",
          "O",
          "O",
          "O",
          "O",
          "O",
          "O",
          "O",
          "O",
          "O",
          "O",
          "O",
          "O",
          "O",
          "O",
          "O",
          "O",
          "O",
          "O",
          "O"
        ],
        "Energy": -341.77824649,
        "Forces": [
          [
            0.037705,
            0.003009,
            0.352545
          ],
          [
            0.05199,
            0.026714,
            0.31728
          ],
          [
            -0.008955,
            -0.013101,
            0.38777
          ],
          [
            -0.021838,
            0.040158,
            0.321942
          ],
          [
            0.025163,
            -0.009018,
            0.351422
          ],
          [
            0.039951,
            0.038675,
            0.385619
          ],
          [
            0.002512,
            -0.022033,
            0.317401
          ],
          [
            -0.01224,
            0.053077,
            0.32329
          ],
          [
            0.044828,
            -0.057101,
            -0.089574
          ],
          [
            0.099591,
            0.048771,
            -0.052661
          ],
          [
            -0.062617,
            -0.114989,
            -0.05736
          ],
          [
            -0.101557,
            0.101103,
            -0.32882
          ],
          [
            0.046588,
            -0.059809,
            -0.058085
          ],
          [
            -0.011692,
            0.051984,
            -0.124337
          ],
          [
            -0.064377,
            -0.001034,
            -0.137008
          ],
          [
            -0.026019,
            0.001326,
            -0.403065
          ],
          [
            0.068622,
            -0.039925,
            -0.040982
          ],
          [
            0.012767,
            0.013035,
            -0.020406
          ],
          [
            -0.103226,
            0.025735,
            -0.10595
          ],
          [
            -0.001619,
            0.01774,
            0.002878
          ],
          [
            0.039961,
            -0.005644,
            0.04191
          ],
          [
            -0.025021,
            -0.014411,
            0.022156
          ],
          [
            -0.003393,
            0.064912,
            -0.138649
          ],
          [
            -0.013466,
            -0.1089,
            -0.119062
          ],
          [
            0.139358,
            0.008535,
            -0.07357
          ],
          [
            0.073098,
            -0.094021,
            -0.005697
          ],
          [
            -0.099728,
            0.084254,
            -0.006387
          ],
          [
            0.026526,
            -0.032716,
            0.06109
          ],
          [
            -0.036758,
            -0.076968,
            -0.005352
          ],
          [
            -0.102896,
            -0.074117,
            0.752358
          ],
          [
            -0.121216,
            0.143871,
            -0.054235
          ],
          [
            -0.020427,
            0.019043,
            -0.198115
          ],
          [
            -0.010458,
            -0.019882,
            -0.159185
          ],
          [
            0.018984,
            0.010634,
            -0.160066
          ],
          [
            0.010239,
            -0.010765,
            -0.066644
          ],
          [
            -0.027235,
            0.025718,
            -0.186692
          ],
          [
            -0.033944,
            -0.026942,
            -0.210069
          ],
          [
            0.025297,
            0.034526,
            -0.207204
          ],
          [
            0.033866,
            -0.036652,
            -0.286808
          ],
          [
            -0.047619,
            0.044696,
            0.010467
          ],
          [
            -0.179018,
            -0.070783,
            -0.030763
          ],
          [
            0.016406,
            0.139428,
            0.105002
          ],
          [
            0.161927,
            -0.145405,
            -0.083636
          ],
          [
            -0.064924,
            0.024799,
            0.01005
          ],
          [
            -0.149209,
            -0.045104,
            0.096091
          ],
          [
            0.036782,
            0.151374,
            -0.033262
          ],
          [
            0.128749,
            -0.191651,
            -0.074425
          ],
          [
            0.007443,
            -0.013055,
            0.066157
          ],
          [
            -0.012844,
            0.034621,
            0.062783
          ],
          [
            -0.01263,
            0.018147,
            -0.288074
          ],
          [
            -0.043754,
            0.040049,
            0.059629
          ],
          [
            0.023811,
            -0.013004,
            -0.023679
          ],
          [
            -0.019841,
            -0.03339,
            -0.081657
          ],
          [
            0.006068,
            0.00807,
            -0.080092
          ],
          [
            0.00172,
            -0.014874,
            0.047549
          ],
          [
            -0.012016,
            0.119536,
            -0.026582
          ],
          [
            0.000147,
            -0.025972,
            0.001908
          ],
          [
            0.068938,
            0.316575,
            -0.097094
          ],
          [
            -0.035916,
            -0.487579,
            0.08183
          ],
          [
            0.303604,
            0.040397,
            -0.025179
          ],
          [
            0.015816,
            -0.046976,
            -0.094484
          ],
          [
            -0.247445,
            0.082624,
            0.00046
          ],
          [
            0.165442,
            0.072687,
            0.055321
          ]
        ],
        "Lattice": [
          [
            8.33,
            0.0,
            0.0
          ],
          [
            0.0,
            8.33,
            0.0
          ],
          [
            0.0,
            0.0,
            20.227360776
          ]
        ],
        "NumAtoms": 63,
        "Positions": [
          [
            0.0,
            0.0,
            0.0
          ],
          [
            0.0,
            4.165,
            0.0
          ],
          [
            4.165,
            0.0,
            0.0
          ],
          [
            4.165,
            4.165,
            0.0
          ],
          [
            2.0825,
            2.0825,
            0.0
          ],
          [
            2.0825,
            6.2475,
            0.0
          ],
          [
            6.2475,
            2.0825,
            0.0
          ],
          [
            6.2475,
            6.2475,
            0.0
          ],
          [
            0.0,
            2.0825,
            2.0825
          ],
          [
            0.0,
            6.2475,
            2.0825
          ],
          [
            4.165,
            2.0825,
            2.0825
          ],
          [
            4.165,
            6.2475,
            2.0825
          ],
          [
            2.0825,
            0.0,
            2.0825
          ],
          [
            2.0825,
            4.165,
            2.0825
          ],
          [
            6.2475,
            0.0,
            2.0825
          ],
          [
            6.2475,
            4.165,
            2.0825
          ],
          [
            0.00469,
            -0.00243,
            4.19345
          ],
          [
            0.02286,
            4.16224,
            4.18774
          ],
          [
            4.15036,
            8.27856,
            4.21163
          ],
          [
            4.12973,
            4.19939,
            4.15
          ],
          [
            2.07836,
            2.07076,
            4.19346
          ],
          [
            2.12964,
            6.25724,
            4.21303
          ],
          [
            6.2412,
            2.05259,
            4.18727
          ],
          [
            6.20828,
            6.2748,
            4.15016
          ],
          [
            -0.00649,
            2.0586,
            6.24948
          ],
          [
            0.0291,
            6.25702,
            6.22328
          ],
          [
            4.13513,
            2.02786,
            6.22106
          ],
          [
            2.15186,
            8.23407,
            6.24528
          ],
          [
            2.10392,
            4.22843,
            6.25975
          ],
          [
            6.15843,
            8.28167,
            6.25574
          ],
          [
            6.10987,
            4.285,
            6.16941
          ],
          [
            2.0825,
            0.0,
            0.0
          ],
          [
            2.0825,
            4.165,
            0.0
          ],
          [
            6.2475,
            0.0,
            0.0
          ],
          [
            6.2475,
            4.165,
            0.0
          ],
          [
            0.0,
            2.0825,
            0.0
          ],
          [
            0.0,
            6.2475,
            0.0
          ],
          [
            4.165,
            2.0825,
            0.0
          ],
          [
            4.165,
            6.2475,
            0.0
          ],
          [
            2.0825,
            2.0825,
            2.0825
          ],
          [
            2.0825,
            6.2475,
            2.0825
          ],
          [
            6.2475,
            2.0825,
            2.0825
          ],
          [
            6.2475,
            6.2475,
            2.0825
          ],
          [
            0.0,
            0.0,
            2.0825
          ],
          [
            0.0,
            4.165,
            2.0825
          ],
          [
            4.165,
            0.0,
            2.0825
          ],
          [
            4.165,
            4.165,
            2.0825
          ],
          [
            2.07457,
            0.00257,
            4.17555
          ],
          [
            2.08634,
            4.15664,
            4.1895
          ],
          [
            6.24945,
            -0.00745,
            4.18424
          ],
          [
            6.24494,
            4.15936,
            4.24609
          ],
          [
            8.31424,
            2.09425,
            4.16865
          ],
          [
            8.29479,
            6.23328,
            4.1591
          ],
          [
            4.17308,
            2.11357,
            4.15929
          ],
          [
            4.18301,
            6.22343,
            4.06246
          ],
          [
            2.06017,
            2.10376,
            6.2709
          ],
          [
            1.94521,
            6.21182,
            6.25209
          ],
          [
            6.26915,
            2.17733,
            6.28005
          ],
          [
            6.36251,
            6.08114,
            6.29737
          ],
          [
            8.2863,
            -0.00114,
            6.2702
          ],
          [
            8.19989,
            4.12022,
            6.28421
          ],
          [
            4.17529,
            0.10847,
            6.25143
          ],
          [
            4.3208,
            4.02608,
            6.30741
          ]
        ],
        "Stress": [
          [
            -49.21362,
            -0.86227,
            0.16853
          ],
          [
            -0.86227,
            -49.19308,
            -0.10658
          ],
          [
            0.16853,
            -0.10658,
            -25.41336
          ]
        ],
        "computation_code": "VASP",
        "pseudopotential_information": [
          [
            "PAW_PBE",
            "Ni",
            "02Aug2007"
          ],
          [
            "PAW_PBE",
            "V_sv",
            "02Aug2007"
          ],
          [
            "PAW_PBE",
            "O",
            "08Apr2002"
          ]
        ]
      }
    ],
    "EnergyStyle": "electronvolt",
    "ForcesStyle": "electronvoltperangstrom",
    "LatticeStyle": "angstrom",
    "PositionsStyle": "angstrom",
    "StressStyle": "kB"
  }
}