{
  "Dataset": {
    "AtomTypeStyle": "chemicalsymbol",
    "Data": [
      {
        "AtomTypes": [
          "Ni",
          "Ni",
          "Ni",
          "Ni",
          "Ni",
          "Ni",
          "Ni",
          "Ni",
          "Ni",
          "Ni",
          "Ni",
          "Ni",
          "Ni",
          "Ni",
          "Ni",
          "Ni",
          "Ni",
          "Ni",
          "Ni",
          "Ni",
          "Ni",
          "Ni",
          "Ni",
          "V",
          "Ni",
          "Ni",
          "Ni",
          "Ni",
          "Ni",
          "Ni",
          "Ni",
          "Ni",
          "O",
          "O",
          "O",
          "O",
          "O",
          "O",
          "O",
          "O",
          "O",
          "O",
          "O",
          "O",
          "O",
          "O",
          "O",
          "O",
          "O",
          "O",
          "O",
          "O",
          "O",
          "O",
          "O",
          "O",
          "O",
          "O",
          "O",
          "O",
          "O",
          "O",
          "O"
        ],
        "Energy": -335.59633889,
        "Forces": [
          [
            0.01297,
            0.013646,
            0.319241
          ],
          [
            0.024476,
            0.011355,
            0.32489
          ],
          [
            0.011574,
            0.024046,
            0.319328
          ],
          [
            0.002759,
            0.002927,
            0.305328
          ],
          [
            0.008205,
            0.011796,
            0.318537
          ],
          [
            -0.000101,
            0.015545,
            0.316795
          ],
          [
            0.018839,
            0.002665,
            0.322162
          ],
          [
            0.027123,
            0.02486,
            0.265825
          ],
          [
            -0.032721,
            0.002766,
            -0.142888
          ],
          [
            0.07433,
            -0.001867,
            -0.127429
          ],
          [
            0.009285,
            -0.018753,
            -0.087583
          ],
          [
            -0.031474,
            -0.008614,
            -0.243229
          ],
          [
            -0.016195,
            -0.013242,
            -0.134559
          ],
          [
            -0.026837,
            0.002133,
            -0.128563
          ],
          [
            0.003052,
            0.082609,
            -0.16435
          ],
          [
            0.006628,
            -0.050227,
            -0.275788
          ],
          [
            -0.071824,
            -0.08382,
            0.056511
          ],
          [
            0.065166,
            0.052336,
            -0.0864
          ],
          [
            0.049905,
            0.005745,
            0.115132
          ],
          [
            -0.08165,
            0.025756,
            -0.02193
          ],
          [
            0.040652,
            -0.037058,
            0.207647
          ],
          [
            -0.05589,
            0.009976,
            0.132305
          ],
          [
            -0.034652,
            -0.135218,
            -0.006534
          ],
          [
            -0.09515,
            0.240597,
            -0.109921
          ],
          [
            0.111404,
            -0.089641,
            -0.22694
          ],
          [
            -0.311871,
            0.016731,
            0.858768
          ],
          [
            -0.036471,
            -0.04058,
            0.184505
          ],
          [
            -0.044546,
            0.141039,
            -0.532206
          ],
          [
            0.097142,
            0.080248,
            0.150155
          ],
          [
            0.08165,
            -0.039412,
            0.167
          ],
          [
            -0.122257,
            0.080201,
            -0.020687
          ],
          [
            0.007016,
            -0.076984,
            -0.146189
          ],
          [
            0.00966,
            -0.002016,
            -0.16469
          ],
          [
            0.003722,
            0.001287,
            -0.163116
          ],
          [
            -0.009545,
            -0.015064,
            -0.190587
          ],
          [
            -0.004506,
            0.011148,
            -0.14585
          ],
          [
            -0.000211,
            0.006546,
            -0.169194
          ],
          [
            -0.01347,
            -0.007037,
            -0.196578
          ],
          [
            -1e-05,
            0.000805,
            -0.159354
          ],
          [
            0.009541,
            -0.001518,
            -0.146254
          ],
          [
            0.005458,
            -0.009738,
            0.012302
          ],
          [
            0.061529,
            -0.014843,
            0.035739
          ],
          [
            -0.03748,
            0.055772,
            0.092462
          ],
          [
            -0.027385,
            -0.015167,
            0.30612
          ],
          [
            0.008733,
            0.015405,
            -0.023673
          ],
          [
            -0.038704,
            -0.036451,
            0.027423
          ],
          [
            -0.038164,
            -0.02395,
            0.001309
          ],
          [
            0.011785,
            -0.006435,
            0.066784
          ],
          [
            -0.002761,
            0.023643,
            -0.133021
          ],
          [
            0.032365,
            -0.019562,
            -0.117531
          ],
          [
            -0.000815,
            -0.067227,
            0.030798
          ],
          [
            -0.00647,
            -0.180099,
            0.106369
          ],
          [
            -0.012826,
            0.031682,
            0.073627
          ],
          [
            -0.023099,
            -0.056391,
            -0.42612
          ],
          [
            0.012727,
            0.06603,
            -0.209105
          ],
          [
            -0.12535,
            -0.044832,
            0.170747
          ],
          [
            0.0353,
            0.019006,
            -0.148896
          ],
          [
            0.377751,
            0.035256,
            -0.076881
          ],
          [
            0.038829,
            -0.01977,
            -0.104991
          ],
          [
            -0.029906,
            0.360466,
            -0.055215
          ],
          [
            -0.102908,
            -0.36522,
            -0.074204
          ],
          [
            0.097541,
            -0.052251,
            -0.072179
          ],
          [
            0.07813,
            0.058964,
            -0.055175
          ]
        ],
        "Lattice": [
          [
            8.33,
            0.0,
            0.0
          ],
          [
            0.0,
            8.33,
            0.0
          ],
          [
            0.0,
            0.0,
            20.227360776
          ]
        ],
        "NumAtoms": 63,
        "Positions": [
          [
            0.0,
            0.0,
            0.0
          ],
          [
            0.0,
            4.165,
            0.0
          ],
          [
            4.165,
            0.0,
            0.0
          ],
          [
            4.165,
            4.165,
            0.0
          ],
          [
            2.0825,
            2.0825,
            0.0
          ],
          [
            2.0825,
            6.2475,
            0.0
          ],
          [
            6.2475,
            2.0825,
            0.0
          ],
          [
            6.2475,
            6.2475,
            0.0
          ],
          [
            0.0,
            2.0825,
            2.0825
          ],
          [
            0.0,
            6.2475,
            2.0825
          ],
          [
            4.165,
            2.0825,
            2.0825
          ],
          [
            4.165,
            6.2475,
            2.0825
          ],
          [
            2.0825,
            0.0,
            2.0825
          ],
          [
            2.0825,
            4.165,
            2.0825
          ],
          [
            6.2475,
            0.0,
            2.0825
          ],
          [
            6.2475,
            4.165,
            2.0825
          ],
          [
            0.00781,
            0.02115,
            4.1758
          ],
          [
            0.00407,
            4.14324,
            4.19196
          ],
          [
            4.14919,
            0.00419,
            4.1812
          ],
          [
            4.14962,
            4.14411,
            4.19227
          ],
          [
            2.06975,
            2.08127,
            4.17632
          ],
          [
            2.08821,
            6.24256,
            4.18194
          ],
          [
            6.24665,
            2.08542,
            4.20252
          ],
          [
            6.22088,
            6.21639,
            4.28985
          ],
          [
            8.29604,
            2.08926,
            6.2809
          ],
          [
            -0.04933,
            6.25673,
            6.2922
          ],
          [
            4.16015,
            2.06647,
            6.23212
          ],
          [
            4.19906,
            6.22161,
            6.27173
          ],
          [
            2.0806,
            8.3143,
            6.22221
          ],
          [
            2.06946,
            4.15658,
            6.22172
          ],
          [
            6.24374,
            8.29608,
            6.23663
          ],
          [
            6.21575,
            4.17981,
            6.21759
          ],
          [
            2.0825,
            0.0,
            0.0
          ],
          [
            2.0825,
            4.165,
            0.0
          ],
          [
            6.2475,
            0.0,
            0.0
          ],
          [
            6.2475,
            4.165,
            0.0
          ],
          [
            0.0,
            2.0825,
            0.0
          ],
          [
            0.0,
            6.2475,
            0.0
          ],
          [
            4.165,
            2.0825,
            0.0
          ],
          [
            4.165,
            6.2475,
            0.0
          ],
          [
            2.0825,
            2.0825,
            2.0825
          ],
          [
            2.0825,
            6.2475,
            2.0825
          ],
          [
            6.2475,
            2.0825,
            2.0825
          ],
          [
            6.2475,
            6.2475,
            2.0825
          ],
          [
            0.0,
            0.0,
            2.0825
          ],
          [
            0.0,
            4.165,
            2.0825
          ],
          [
            4.165,
            0.0,
            2.0825
          ],
          [
            4.165,
            4.165,
            2.0825
          ],
          [
            2.07996,
            -0.00661,
            4.17443
          ],
          [
            2.07957,
            4.16552,
            4.17172
          ],
          [
            6.24084,
            -0.00814,
            4.14753
          ],
          [
            6.24581,
            4.18733,
            4.16958
          ],
          [
            8.31966,
            2.08117,
            4.17041
          ],
          [
            8.31874,
            6.24842,
            4.14771
          ],
          [
            4.16343,
            2.07645,
            4.1864
          ],
          [
            4.18661,
            6.24603,
            4.17316
          ],
          [
            2.06293,
            2.07001,
            6.2739
          ],
          [
            2.07422,
            6.23419,
            6.26657
          ],
          [
            6.22772,
            2.05258,
            6.27901
          ],
          [
            8.31702,
            0.01571,
            6.27263
          ],
          [
            8.32493,
            4.14497,
            6.27707
          ],
          [
            4.15591,
            8.31981,
            6.26792
          ],
          [
            4.1462,
            4.14651,
            6.26536
          ]
        ],
        "Stress": [
          [
            -49.8348,
            -0.07897,
            0.26046
          ],
          [
            -0.07897,
            -49.08972,
            -0.09011
          ],
          [
            0.26046,
            -0.09011,
            -26.8062
          ]
        ],
        "computation_code": "VASP",
        "pseudopotential_information": [
          [
            "PAW_PBE",
            "Ni",
            "02Aug2007"
          ],
          [
            "PAW_PBE",
            "V_sv",
            "02Aug2007"
          ],
          [
            "PAW_PBE",
            "O",
            "08Apr2002"
          ]
        ]
      }
    ],
    "EnergyStyle": "electronvolt",
    "ForcesStyle": "electronvoltperangstrom",
    "LatticeStyle": "angstrom",
    "PositionsStyle": "angstrom",
    "StressStyle": "kB"
  }
}