{
  "Dataset": {
    "AtomTypeStyle": "chemicalsymbol",
    "Data": [
      {
        "AtomTypes": [
          "Ni",
          "Ni",
          "Ni",
          "Ni",
          "Ni",
          "Ni",
          "Ni",
          "Ni",
          "Ni",
          "Ni",
          "Ni",
          "Ni",
          "Ni",
          "Ni",
          "Ni",
          "Ni",
          "Ni",
          "Ni",
          "Ni",
          "Ni",
          "Ni",
          "Ni",
          "Ni",
          "V",
          "Ni",
          "Ni",
          "Ni",
          "Ni",
          "Ni",
          "Ni",
          "Ni",
          "Ni",
          "O",
          "O",
          "O",
          "O",
          "O",
          "O",
          "O",
          "O",
          "O",
          "O",
          "O",
          "O",
          "O",
          "O",
          "O",
          "O",
          "O",
          "O",
          "O",
          "O",
          "O",
          "O",
          "O",
          "O",
          "O",
          "O",
          "O",
          "O",
          "O",
          "O",
          "O",
          "O",
          "O",
          "O"
        ],
        "Energy": -356.69558107,
        "Forces": [
          [
            0.034191,
            0.049036,
            0.359523
          ],
          [
            0.040171,
            -0.022294,
            0.345796
          ],
          [
            -0.00917,
            0.050333,
            0.350793
          ],
          [
            -0.011927,
            -0.02086,
            0.359069
          ],
          [
            0.016557,
            0.009743,
            0.360717
          ],
          [
            0.01775,
            0.019355,
            0.346221
          ],
          [
            0.01085,
            0.004061,
            0.363957
          ],
          [
            0.012951,
            0.022566,
            0.204104
          ],
          [
            -0.017271,
            -0.03828,
            -0.093112
          ],
          [
            0.2367,
            0.015934,
            -0.27107
          ],
          [
            -0.009026,
            0.043357,
            -0.106787
          ],
          [
            -0.221123,
            -0.019826,
            -0.342429
          ],
          [
            -0.055696,
            0.018385,
            -0.122161
          ],
          [
            0.024761,
            -0.012534,
            -0.091378
          ],
          [
            0.011873,
            0.258693,
            -0.179098
          ],
          [
            -0.029982,
            -0.299327,
            -0.198859
          ],
          [
            0.002104,
            -0.005552,
            0.002494
          ],
          [
            -0.001847,
            0.023928,
            -0.006249
          ],
          [
            -0.004732,
            -0.001619,
            0.008695
          ],
          [
            0.000523,
            0.001829,
            0.009561
          ],
          [
            0.01425,
            -0.00073,
            -0.016549
          ],
          [
            0.001017,
            -0.000774,
            -0.005067
          ],
          [
            -0.005841,
            0.007814,
            0.019224
          ],
          [
            0.007277,
            -0.009869,
            0.038627
          ],
          [
            -0.014451,
            0.00616,
            0.011742
          ],
          [
            -0.018837,
            0.013845,
            0.004871
          ],
          [
            0.005248,
            0.00663,
            0.015997
          ],
          [
            -0.005656,
            -0.003797,
            0.000993
          ],
          [
            -0.001718,
            -0.002231,
            -0.001918
          ],
          [
            -0.003918,
            0.002115,
            -0.012338
          ],
          [
            -0.000446,
            -0.000986,
            -0.000632
          ],
          [
            -0.005158,
            -0.001488,
            -0.005099
          ],
          [
            0.004165,
            -0.022825,
            -0.207756
          ],
          [
            -0.00829,
            0.020744,
            -0.197825
          ],
          [
            -0.002676,
            -0.064045,
            -0.19198
          ],
          [
            0.006837,
            0.065506,
            -0.165208
          ],
          [
            -0.011785,
            0.009466,
            -0.19934
          ],
          [
            -0.046378,
            -0.00942,
            -0.148874
          ],
          [
            0.011016,
            -0.002242,
            -0.206224
          ],
          [
            0.045579,
            -0.000514,
            -0.157383
          ],
          [
            -0.0343,
            0.01522,
            -0.051998
          ],
          [
            -0.025329,
            -0.031669,
            0.045434
          ],
          [
            -0.006186,
            0.015109,
            -0.027635
          ],
          [
            0.061143,
            -0.020789,
            0.22133
          ],
          [
            -0.065662,
            -0.07807,
            -0.070409
          ],
          [
            -0.049186,
            0.034757,
            -0.038208
          ],
          [
            0.010919,
            -0.05284,
            -0.119994
          ],
          [
            0.028859,
            0.047038,
            -0.057992
          ],
          [
            0.005197,
            0.003131,
            0.02446
          ],
          [
            -0.009578,
            -0.014619,
            -0.007753
          ],
          [
            0.006395,
            0.011099,
            0.011452
          ],
          [
            0.00356,
            0.011963,
            0.004757
          ],
          [
            0.020563,
            0.020516,
            -0.005714
          ],
          [
            0.022775,
            0.01198,
            -0.013921
          ],
          [
            -0.007987,
            0.000833,
            -0.000527
          ],
          [
            -0.017238,
            0.008652,
            0.02502
          ],
          [
            0.021276,
            -0.011102,
            0.031829
          ],
          [
            0.009231,
            -0.000598,
            0.027145
          ],
          [
            -0.005132,
            0.001677,
            0.036538
          ],
          [
            0.018063,
            -0.007111,
            -0.02358
          ],
          [
            0.011739,
            0.004252,
            0.03655
          ],
          [
            0.000714,
            0.015626,
            0.025121
          ],
          [
            -0.003504,
            -0.015213,
            0.006912
          ],
          [
            -0.013999,
            -0.017332,
            0.016823
          ],
          [
            -0.112199,
            -0.13385,
            0.019754
          ],
          [
            0.111972,
            0.071054,
            0.009559
          ]
        ],
        "Lattice": [
          [
            8.33,
            0.0,
            0.0
          ],
          [
            0.0,
            8.33,
            0.0
          ],
          [
            0.0,
            0.0,
            20.227360776
          ]
        ],
        "NumAtoms": 66,
        "Positions": [
          [
            0.0,
            0.0,
            0.0
          ],
          [
            0.0,
            4.165,
            0.0
          ],
          [
            4.165,
            0.0,
            0.0
          ],
          [
            4.165,
            4.165,
            0.0
          ],
          [
            2.0825,
            2.0825,
            0.0
          ],
          [
            2.0825,
            6.2475,
            0.0
          ],
          [
            6.2475,
            2.0825,
            0.0
          ],
          [
            6.2475,
            6.2475,
            0.0
          ],
          [
            0.0,
            2.0825,
            2.0825
          ],
          [
            0.0,
            6.2475,
            2.0825
          ],
          [
            4.165,
            2.0825,
            2.0825
          ],
          [
            4.165,
            6.2475,
            2.0825
          ],
          [
            2.0825,
            0.0,
            2.0825
          ],
          [
            2.0825,
            4.165,
            2.0825
          ],
          [
            6.2475,
            0.0,
            2.0825
          ],
          [
            6.2475,
            4.165,
            2.0825
          ],
          [
            -0.01297,
            0.00929,
            4.19683
          ],
          [
            0.0107,
            4.13884,
            4.18834
          ],
          [
            4.14623,
            0.01772,
            4.17108
          ],
          [
            4.15381,
            4.16036,
            4.20075
          ],
          [
            2.07475,
            2.0831,
            4.17955
          ],
          [
            2.10269,
            6.25132,
            4.19196
          ],
          [
            6.2378,
            2.05693,
            4.19326
          ],
          [
            6.21757,
            6.24681,
            4.18948
          ],
          [
            8.31334,
            2.05777,
            6.23628
          ],
          [
            0.03366,
            6.23955,
            6.24169
          ],
          [
            4.14651,
            2.08163,
            6.22847
          ],
          [
            4.18293,
            6.31205,
            6.49585
          ],
          [
            2.06525,
            0.00408,
            6.22352
          ],
          [
            2.0899,
            4.16313,
            6.23932
          ],
          [
            6.18032,
            8.30505,
            6.43678
          ],
          [
            6.23501,
            4.11764,
            6.24926
          ],
          [
            2.0825,
            0.0,
            0.0
          ],
          [
            2.0825,
            4.165,
            0.0
          ],
          [
            6.2475,
            0.0,
            0.0
          ],
          [
            6.2475,
            4.165,
            0.0
          ],
          [
            0.0,
            2.0825,
            0.0
          ],
          [
            0.0,
            6.2475,
            0.0
          ],
          [
            4.165,
            2.0825,
            0.0
          ],
          [
            4.165,
            6.2475,
            0.0
          ],
          [
            2.0825,
            2.0825,
            2.0825
          ],
          [
            2.0825,
            6.2475,
            2.0825
          ],
          [
            6.2475,
            2.0825,
            2.0825
          ],
          [
            6.2475,
            6.2475,
            2.0825
          ],
          [
            0.0,
            0.0,
            2.0825
          ],
          [
            0.0,
            4.165,
            2.0825
          ],
          [
            4.165,
            0.0,
            2.0825
          ],
          [
            4.165,
            4.165,
            2.0825
          ],
          [
            2.05766,
            -0.01338,
            4.14621
          ],
          [
            2.08275,
            4.1838,
            4.16362
          ],
          [
            6.23989,
            -0.02222,
            4.15543
          ],
          [
            6.24913,
            4.16588,
            4.1593
          ],
          [
            8.31892,
            2.07557,
            4.16357
          ],
          [
            8.27469,
            6.23289,
            4.1484
          ],
          [
            4.15951,
            2.10084,
            4.15344
          ],
          [
            4.22209,
            6.24533,
            4.13513
          ],
          [
            2.05547,
            2.09341,
            6.23437
          ],
          [
            2.07309,
            6.24134,
            6.24053
          ],
          [
            6.24183,
            2.07486,
            6.24748
          ],
          [
            6.29265,
            6.18457,
            6.10046
          ],
          [
            -0.00235,
            -0.02258,
            6.25058
          ],
          [
            8.32754,
            4.15724,
            6.24686
          ],
          [
            4.09836,
            0.04688,
            6.1571
          ],
          [
            4.16643,
            4.16305,
            6.26154
          ],
          [
            4.77533,
            6.79617,
            8.34282
          ],
          [
            5.71834,
            7.74905,
            8.3314
          ]
        ],
        "Stress": [
          [
            -53.85566,
            -1.20581,
            -0.18226
          ],
          [
            -1.20581,
            -52.56644,
            -0.42375
          ],
          [
            -0.18226,
            -0.42375,
            -26.82615
          ]
        ],
        "computation_code": "VASP",
        "pseudopotential_information": [
          [
            "PAW_PBE",
            "Ni",
            "02Aug2007"
          ],
          [
            "PAW_PBE",
            "V_sv",
            "02Aug2007"
          ],
          [
            "PAW_PBE",
            "O",
            "08Apr2002"
          ]
        ]
      }
    ],
    "EnergyStyle": "electronvolt",
    "ForcesStyle": "electronvoltperangstrom",
    "LatticeStyle": "angstrom",
    "PositionsStyle": "angstrom",
    "StressStyle": "kB"
  }
}