{
  "Dataset": {
    "AtomTypeStyle": "chemicalsymbol",
    "Data": [
      {
        "AtomTypes": [
          "Ni",
          "Ni",
          "Ni",
          "Ni",
          "Ni",
          "Ni",
          "Ni",
          "Ni",
          "Ni",
          "Ni",
          "Ni",
          "Ni",
          "Ni",
          "Ni",
          "Ni",
          "Ni",
          "Ni",
          "Ni",
          "Ni",
          "Ni",
          "Ni",
          "Ni",
          "Ni",
          "Ni",
          "Ni",
          "Ni",
          "Ni",
          "Ni",
          "Ni",
          "Ni",
          "V",
          "O",
          "O",
          "O",
          "O",
          "O",
          "O",
          "O",
          "O",
          "O",
          "O",
          "O",
          "O",
          "O",
          "O",
          "O",
          "O",
          "O",
          "O",
          "O",
          "O",
          "O",
          "O",
          "O",
          "O",
          "O",
          "O",
          "O",
          "O",
          "O",
          "O",
          "O",
          "O"
        ],
        "Energy": -341.36054338,
        "Forces": [
          [
            -0.039296,
            -0.070048,
            0.324665
          ],
          [
            -0.019154,
            0.099739,
            0.271273
          ],
          [
            0.06716,
            -0.069904,
            0.326683
          ],
          [
            0.05131,
            0.10081,
            0.272336
          ],
          [
            0.014755,
            -0.011481,
            0.302198
          ],
          [
            0.017052,
            0.04095,
            0.334823
          ],
          [
            0.01345,
            -0.022973,
            0.268995
          ],
          [
            0.014378,
            0.054783,
            0.720661
          ],
          [
            0.018122,
            -0.094634,
            -0.165623
          ],
          [
            -0.647496,
            0.084627,
            0.227701
          ],
          [
            -0.035049,
            -0.102859,
            -0.171164
          ],
          [
            0.640985,
            0.095461,
            0.247183
          ],
          [
            -0.009237,
            -0.062179,
            -0.112523
          ],
          [
            -0.010044,
            0.046202,
            -0.276929
          ],
          [
            -0.013934,
            -0.771208,
            0.202659
          ],
          [
            -0.015519,
            0.788594,
            -0.372385
          ],
          [
            -0.001827,
            0.004809,
            0.004484
          ],
          [
            -0.019921,
            -0.004489,
            0.004043
          ],
          [
            0.005261,
            -0.001288,
            0.001278
          ],
          [
            0.024034,
            -0.011333,
            0.001732
          ],
          [
            5e-06,
            0.002724,
            0.001436
          ],
          [
            0.002836,
            -0.000735,
            0.001448
          ],
          [
            0.000707,
            0.034798,
            0.00565
          ],
          [
            -0.011629,
            0.009876,
            -0.003809
          ],
          [
            0.006069,
            -0.003993,
            -0.010772
          ],
          [
            0.011951,
            0.003467,
            -0.001967
          ],
          [
            -0.005338,
            -0.005911,
            -0.013678
          ],
          [
            0.003196,
            -0.001421,
            -0.005535
          ],
          [
            0.000886,
            -0.004473,
            0.000338
          ],
          [
            -0.000354,
            -0.006356,
            0.000664
          ],
          [
            0.005835,
            -0.033884,
            -0.105028
          ],
          [
            -0.001793,
            0.062145,
            -0.14285
          ],
          [
            -0.000871,
            -0.062256,
            -0.099942
          ],
          [
            -0.000485,
            0.192703,
            -0.210189
          ],
          [
            0.001266,
            -0.206061,
            -0.104656
          ],
          [
            0.020716,
            0.031043,
            -0.127531
          ],
          [
            0.146514,
            -0.035181,
            -0.241069
          ],
          [
            -0.022257,
            0.031533,
            -0.128104
          ],
          [
            -0.148442,
            -0.03563,
            -0.246924
          ],
          [
            -0.011818,
            0.054803,
            0.028474
          ],
          [
            -0.018598,
            -0.077851,
            -0.206943
          ],
          [
            -0.008759,
            0.189329,
            0.039349
          ],
          [
            -0.016758,
            -0.1956,
            -1.004481
          ],
          [
            0.070139,
            0.128912,
            -0.013551
          ],
          [
            -0.002761,
            -0.136925,
            0.048875
          ],
          [
            -0.090185,
            0.126684,
            -0.015249
          ],
          [
            -0.009941,
            -0.139683,
            0.039769
          ],
          [
            -0.001858,
            -0.011451,
            0.007722
          ],
          [
            -0.000228,
            0.00523,
            -0.002135
          ],
          [
            0.00448,
            -0.020012,
            0.004026
          ],
          [
            0.002644,
            -0.018784,
            0.063977
          ],
          [
            -0.004969,
            0.001271,
            0.013611
          ],
          [
            0.008432,
            0.007695,
            0.005326
          ],
          [
            0.006821,
            -0.002321,
            0.015694
          ],
          [
            0.000373,
            0.005488,
            0.008664
          ],
          [
            -0.000693,
            0.004658,
            -0.010848
          ],
          [
            0.009137,
            -0.000319,
            -0.016732
          ],
          [
            0.004375,
            0.006806,
            0.021194
          ],
          [
            -0.003954,
            0.01025,
            -0.010528
          ],
          [
            0.007213,
            -0.00293,
            -0.00662
          ],
          [
            -0.001588,
            -0.002334,
            0.018478
          ],
          [
            -0.006046,
            -0.007552,
            -0.017545
          ],
          [
            0.000699,
            0.008668,
            0.009902
          ]
        ],
        "Lattice": [
          [
            8.33,
            0.0,
            0.0
          ],
          [
            0.0,
            8.33,
            0.0
          ],
          [
            0.0,
            0.0,
            20.227360776
          ]
        ],
        "NumAtoms": 63,
        "Positions": [
          [
            0.0,
            0.0,
            0.0
          ],
          [
            0.0,
            4.165,
            0.0
          ],
          [
            4.165,
            0.0,
            0.0
          ],
          [
            4.165,
            4.165,
            0.0
          ],
          [
            2.0825,
            2.0825,
            0.0
          ],
          [
            2.0825,
            6.2475,
            0.0
          ],
          [
            6.2475,
            2.0825,
            0.0
          ],
          [
            6.2475,
            6.2475,
            0.0
          ],
          [
            0.0,
            2.0825,
            2.0825
          ],
          [
            0.0,
            6.2475,
            2.0825
          ],
          [
            4.165,
            2.0825,
            2.0825
          ],
          [
            4.165,
            6.2475,
            2.0825
          ],
          [
            2.0825,
            0.0,
            2.0825
          ],
          [
            2.0825,
            4.165,
            2.0825
          ],
          [
            6.2475,
            0.0,
            2.0825
          ],
          [
            6.2475,
            4.165,
            2.0825
          ],
          [
            -0.05401,
            -0.0655,
            4.1461
          ],
          [
            0.03179,
            4.21506,
            4.12993
          ],
          [
            4.2053,
            8.26453,
            4.14821
          ],
          [
            4.12207,
            4.21412,
            4.12738
          ],
          [
            2.07741,
            2.06328,
            4.17341
          ],
          [
            2.07769,
            6.26057,
            4.17818
          ],
          [
            6.24191,
            2.04862,
            4.16257
          ],
          [
            -0.01241,
            2.04106,
            6.21051
          ],
          [
            -0.01604,
            6.25239,
            6.18678
          ],
          [
            4.15599,
            2.04313,
            6.20922
          ],
          [
            4.16327,
            6.25137,
            6.18857
          ],
          [
            2.06953,
            8.29887,
            6.21078
          ],
          [
            2.07065,
            4.16335,
            6.21892
          ],
          [
            6.23318,
            8.16254,
            6.1419
          ],
          [
            6.23994,
            4.2219,
            5.97538
          ],
          [
            2.0825,
            0.0,
            0.0
          ],
          [
            2.0825,
            4.165,
            0.0
          ],
          [
            6.2475,
            0.0,
            0.0
          ],
          [
            6.2475,
            4.165,
            0.0
          ],
          [
            0.0,
            2.0825,
            0.0
          ],
          [
            0.0,
            6.2475,
            0.0
          ],
          [
            4.165,
            2.0825,
            0.0
          ],
          [
            4.165,
            6.2475,
            0.0
          ],
          [
            2.0825,
            2.0825,
            2.0825
          ],
          [
            2.0825,
            6.2475,
            2.0825
          ],
          [
            6.2475,
            2.0825,
            2.0825
          ],
          [
            6.2475,
            6.2475,
            2.0825
          ],
          [
            0.0,
            0.0,
            2.0825
          ],
          [
            0.0,
            4.165,
            2.0825
          ],
          [
            4.165,
            0.0,
            2.0825
          ],
          [
            4.165,
            4.165,
            2.0825
          ],
          [
            2.08067,
            0.02852,
            4.18849
          ],
          [
            2.07802,
            4.12473,
            4.20067
          ],
          [
            6.24348,
            0.10197,
            4.19373
          ],
          [
            6.24025,
            4.15124,
            4.21696
          ],
          [
            8.31805,
            2.11563,
            4.17897
          ],
          [
            0.11002,
            6.22765,
            4.18765
          ],
          [
            4.16972,
            2.11447,
            4.1776
          ],
          [
            4.0471,
            6.22516,
            4.18695
          ],
          [
            2.07492,
            2.0952,
            6.28956
          ],
          [
            2.0743,
            6.20954,
            6.33509
          ],
          [
            6.24141,
            2.27021,
            6.32525
          ],
          [
            6.23884,
            6.06446,
            6.49051
          ],
          [
            8.28228,
            -0.01326,
            6.26048
          ],
          [
            8.21457,
            4.16124,
            6.26409
          ],
          [
            4.19455,
            -0.0136,
            6.26155
          ],
          [
            4.2671,
            4.1575,
            6.26403
          ]
        ],
        "Stress": [
          [
            -54.31541,
            -0.14669,
            -0.09607
          ],
          [
            -0.14669,
            -56.0118,
            -0.31932
          ],
          [
            -0.09607,
            -0.31932,
            -27.17534
          ]
        ],
        "computation_code": "VASP",
        "pseudopotential_information": [
          [
            "PAW_PBE",
            "Ni",
            "02Aug2007"
          ],
          [
            "PAW_PBE",
            "V_sv",
            "02Aug2007"
          ],
          [
            "PAW_PBE",
            "O",
            "08Apr2002"
          ]
        ]
      }
    ],
    "EnergyStyle": "electronvolt",
    "ForcesStyle": "electronvoltperangstrom",
    "LatticeStyle": "angstrom",
    "PositionsStyle": "angstrom",
    "StressStyle": "kB"
  }
}