{
  "Dataset": {
    "AtomTypeStyle": "chemicalsymbol",
    "Data": [
      {
        "AtomTypes": [
          "Ni",
          "Ni",
          "Ni",
          "Ni",
          "Ni",
          "Ni",
          "Ni",
          "Ni",
          "Ni",
          "Ni",
          "Ni",
          "Ni",
          "Ni",
          "Ni",
          "Ni",
          "Ni",
          "Ni",
          "Ni",
          "Ni",
          "Ni",
          "Ni",
          "Ni",
          "Ni",
          "V",
          "Ni",
          "Ni",
          "Ni",
          "Ni",
          "Ni",
          "Ni",
          "Ni",
          "Ni",
          "O",
          "O",
          "O",
          "O",
          "O",
          "O",
          "O",
          "O",
          "O",
          "O",
          "O",
          "O",
          "O",
          "O",
          "O",
          "O",
          "O",
          "O",
          "O",
          "O",
          "O",
          "O",
          "O",
          "O",
          "O",
          "O",
          "O",
          "O",
          "O",
          "O",
          "O"
        ],
        "Energy": -335.85585446,
        "Forces": [
          [
            -0.007345,
            0.050013,
            0.325474
          ],
          [
            0.034393,
            -0.017099,
            0.329445
          ],
          [
            0.025119,
            0.04961,
            0.318623
          ],
          [
            -0.005447,
            -0.021746,
            0.323092
          ],
          [
            0.00922,
            -0.000326,
            0.338926
          ],
          [
            0.003705,
            0.029796,
            0.320735
          ],
          [
            0.02135,
            -0.044804,
            0.324465
          ],
          [
            0.02549,
            0.067644,
            0.211612
          ],
          [
            0.010449,
            -0.019611,
            -0.147259
          ],
          [
            0.172614,
            0.026838,
            -0.267896
          ],
          [
            0.006568,
            -0.045548,
            -0.1286
          ],
          [
            -0.229369,
            0.012667,
            -0.308811
          ],
          [
            -0.05502,
            0.028937,
            -0.049545
          ],
          [
            -0.007167,
            -0.03362,
            -0.129931
          ],
          [
            0.00299,
            -0.10108,
            0.202582
          ],
          [
            0.008545,
            -0.224778,
            -0.088976
          ],
          [
            -0.002452,
            0.006196,
            -0.005035
          ],
          [
            0.009512,
            0.00215,
            -0.005623
          ],
          [
            0.003597,
            0.004934,
            0.001581
          ],
          [
            -0.005043,
            -0.007858,
            -0.004575
          ],
          [
            0.00382,
            -0.004094,
            -0.007721
          ],
          [
            -0.003132,
            0.004196,
            -0.00217
          ],
          [
            -0.000481,
            -0.002287,
            -0.008687
          ],
          [
            0.007265,
            -0.003711,
            -0.018785
          ],
          [
            -0.000324,
            -0.002497,
            0.00344
          ],
          [
            0.012613,
            0.002194,
            0.008185
          ],
          [
            -0.000398,
            0.001624,
            0.007909
          ],
          [
            -0.006555,
            0.000603,
            0.000789
          ],
          [
            -0.000706,
            -0.000393,
            0.001579
          ],
          [
            -0.004065,
            0.008725,
            0.007499
          ],
          [
            0.00248,
            0.006948,
            0.005273
          ],
          [
            -0.003144,
            -0.002698,
            0.007206
          ],
          [
            0.016823,
            -0.023525,
            -0.187553
          ],
          [
            0.004534,
            0.023062,
            -0.184134
          ],
          [
            -0.007754,
            -0.010318,
            -0.312156
          ],
          [
            -0.005474,
            0.057592,
            -0.151241
          ],
          [
            -0.002049,
            0.027588,
            -0.171636
          ],
          [
            -0.041858,
            -0.025961,
            -0.142314
          ],
          [
            0.001212,
            0.019613,
            -0.174398
          ],
          [
            0.043141,
            -0.021185,
            -0.12705
          ],
          [
            -0.002382,
            0.017461,
            -0.043424
          ],
          [
            0.018114,
            -0.038393,
            0.014976
          ],
          [
            -0.002555,
            -0.06802,
            0.087632
          ],
          [
            -0.002934,
            0.242064,
            0.01934
          ],
          [
            -0.140244,
            -0.050174,
            -0.034452
          ],
          [
            -0.035089,
            0.045154,
            -0.036316
          ],
          [
            0.083817,
            -0.085887,
            -0.035078
          ],
          [
            0.020792,
            0.068835,
            -0.015728
          ],
          [
            0.00717,
            -0.001753,
            0.000761
          ],
          [
            0.007077,
            0.004907,
            0.013401
          ],
          [
            -0.001468,
            0.000473,
            -0.004875
          ],
          [
            -0.007169,
            0.005496,
            -0.010272
          ],
          [
            0.006966,
            0.004349,
            -5.7e-05
          ],
          [
            0.002132,
            0.00658,
            0.002474
          ],
          [
            0.002242,
            0.000283,
            -0.020457
          ],
          [
            0.003232,
            0.008196,
            -0.008648
          ],
          [
            -0.000271,
            0.00315,
            -0.008683
          ],
          [
            -0.012036,
            -0.000362,
            0.001239
          ],
          [
            9.7e-05,
            -0.00409,
            -0.00785
          ],
          [
            0.003351,
            0.013497,
            -0.011231
          ],
          [
            0.00756,
            0.004841,
            -0.004827
          ],
          [
            -0.009111,
            -0.003313,
            -0.012595
          ],
          [
            0.013051,
            0.008918,
            0.000351
          ]
        ],
        "Lattice": [
          [
            8.33,
            0.0,
            0.0
          ],
          [
            0.0,
            8.33,
            0.0
          ],
          [
            0.0,
            0.0,
            20.227360776
          ]
        ],
        "NumAtoms": 63,
        "Positions": [
          [
            0.0,
            0.0,
            0.0
          ],
          [
            0.0,
            4.165,
            0.0
          ],
          [
            4.165,
            0.0,
            0.0
          ],
          [
            4.165,
            4.165,
            0.0
          ],
          [
            2.0825,
            2.0825,
            0.0
          ],
          [
            2.0825,
            6.2475,
            0.0
          ],
          [
            6.2475,
            2.0825,
            0.0
          ],
          [
            6.2475,
            6.2475,
            0.0
          ],
          [
            0.0,
            2.0825,
            2.0825
          ],
          [
            0.0,
            6.2475,
            2.0825
          ],
          [
            4.165,
            2.0825,
            2.0825
          ],
          [
            4.165,
            6.2475,
            2.0825
          ],
          [
            2.0825,
            0.0,
            2.0825
          ],
          [
            2.0825,
            4.165,
            2.0825
          ],
          [
            6.2475,
            0.0,
            2.0825
          ],
          [
            6.2475,
            4.165,
            2.0825
          ],
          [
            -0.08035,
            0.02326,
            4.18854
          ],
          [
            -0.00332,
            4.15732,
            4.18075
          ],
          [
            4.20447,
            8.31812,
            4.17453
          ],
          [
            4.17026,
            4.14438,
            4.1803
          ],
          [
            2.08441,
            2.06733,
            4.17348
          ],
          [
            2.06717,
            6.25908,
            4.17535
          ],
          [
            6.2566,
            1.98929,
            4.17354
          ],
          [
            6.21804,
            6.36725,
            4.15597
          ],
          [
            8.31836,
            2.06671,
            6.22509
          ],
          [
            -0.00717,
            6.24989,
            6.23314
          ],
          [
            4.16471,
            2.0585,
            6.21767
          ],
          [
            4.14126,
            6.2483,
            6.24253
          ],
          [
            2.07343,
            8.32605,
            6.19537
          ],
          [
            2.07393,
            4.15044,
            6.21576
          ],
          [
            6.24572,
            0.01483,
            6.0965
          ],
          [
            6.23805,
            4.14636,
            6.20182
          ],
          [
            2.0825,
            0.0,
            0.0
          ],
          [
            2.0825,
            4.165,
            0.0
          ],
          [
            6.2475,
            0.0,
            0.0
          ],
          [
            6.2475,
            4.165,
            0.0
          ],
          [
            0.0,
            2.0825,
            0.0
          ],
          [
            0.0,
            6.2475,
            0.0
          ],
          [
            4.165,
            2.0825,
            0.0
          ],
          [
            4.165,
            6.2475,
            0.0
          ],
          [
            2.0825,
            2.0825,
            2.0825
          ],
          [
            2.0825,
            6.2475,
            2.0825
          ],
          [
            6.2475,
            2.0825,
            2.0825
          ],
          [
            6.2475,
            6.2475,
            2.0825
          ],
          [
            0.0,
            0.0,
            2.0825
          ],
          [
            0.0,
            4.165,
            2.0825
          ],
          [
            4.165,
            0.0,
            2.0825
          ],
          [
            4.165,
            4.165,
            2.0825
          ],
          [
            2.04455,
            -0.00632,
            4.14448
          ],
          [
            2.08755,
            4.16968,
            4.15668
          ],
          [
            6.24613,
            4.23107,
            4.14996
          ],
          [
            8.3215,
            2.08339,
            4.16172
          ],
          [
            8.29446,
            6.24048,
            4.15898
          ],
          [
            4.18323,
            2.07128,
            4.15736
          ],
          [
            4.18368,
            6.26431,
            4.16814
          ],
          [
            2.07843,
            2.08257,
            6.24532
          ],
          [
            2.0643,
            6.23236,
            6.24242
          ],
          [
            6.24509,
            2.09394,
            6.21546
          ],
          [
            0.01669,
            -0.00704,
            6.24281
          ],
          [
            -0.00526,
            4.16293,
            6.25412
          ],
          [
            4.13171,
            8.31695,
            6.22997
          ],
          [
            4.15727,
            4.16149,
            6.24979
          ],
          [
            6.23666,
            6.21932,
            6.19267
          ]
        ],
        "Stress": [
          [
            -53.46985,
            0.04463,
            -0.12013
          ],
          [
            0.04463,
            -54.54466,
            5e-05
          ],
          [
            -0.12013,
            5e-05,
            -25.42509
          ]
        ],
        "computation_code": "VASP",
        "pseudopotential_information": [
          [
            "PAW_PBE",
            "Ni",
            "02Aug2007"
          ],
          [
            "PAW_PBE",
            "V_sv",
            "02Aug2007"
          ],
          [
            "PAW_PBE",
            "O",
            "08Apr2002"
          ]
        ]
      }
    ],
    "EnergyStyle": "electronvolt",
    "ForcesStyle": "electronvoltperangstrom",
    "LatticeStyle": "angstrom",
    "PositionsStyle": "angstrom",
    "StressStyle": "kB"
  }
}