{
  "Dataset": {
    "AtomTypeStyle": "chemicalsymbol",
    "Data": [
      {
        "AtomTypes": [
          "Ni",
          "Ni",
          "Ni",
          "Ni",
          "Ni",
          "Ni",
          "Ni",
          "Ni",
          "Ni",
          "Ni",
          "Ni",
          "Ni",
          "Ni",
          "Ni",
          "Ni",
          "Ni",
          "Ni",
          "Ni",
          "Ni",
          "Ni",
          "Ni",
          "Ni",
          "Ni",
          "Ni",
          "Ni",
          "Ni",
          "Ni",
          "Ni",
          "Ni",
          "Ni",
          "V",
          "O",
          "O",
          "O",
          "O",
          "O",
          "O",
          "O",
          "O",
          "O",
          "O",
          "O",
          "O",
          "O",
          "O",
          "O",
          "O",
          "O",
          "O",
          "O",
          "O",
          "O",
          "O",
          "O",
          "O",
          "O",
          "O",
          "O",
          "O",
          "O",
          "O",
          "O",
          "O"
        ],
        "Energy": -341.84490587,
        "Forces": [
          [
            0.03902,
            0.002952,
            0.354799
          ],
          [
            0.053302,
            0.025341,
            0.312835
          ],
          [
            -0.010024,
            -0.011438,
            0.389415
          ],
          [
            -0.023724,
            0.039233,
            0.324711
          ],
          [
            0.025133,
            -0.008318,
            0.354809
          ],
          [
            0.038395,
            0.038107,
            0.387469
          ],
          [
            0.003311,
            -0.021785,
            0.30982
          ],
          [
            -0.011842,
            0.053051,
            0.323784
          ],
          [
            0.083183,
            -0.08886,
            -0.155386
          ],
          [
            0.091212,
            0.054908,
            -0.083262
          ],
          [
            -0.073955,
            -0.105778,
            -0.097602
          ],
          [
            -0.114711,
            0.110721,
            -0.279063
          ],
          [
            0.049286,
            -0.06242,
            0.001202
          ],
          [
            0.003748,
            0.052612,
            -0.123875
          ],
          [
            -0.065499,
            -0.018188,
            -0.123479
          ],
          [
            -0.045983,
            0.021912,
            -0.411866
          ],
          [
            0.027877,
            0.002685,
            -0.001786
          ],
          [
            0.009972,
            0.020644,
            0.029348
          ],
          [
            -0.01416,
            0.016871,
            -0.020336
          ],
          [
            0.013139,
            0.006796,
            0.007768
          ],
          [
            0.002741,
            -0.0123,
            0.028878
          ],
          [
            -0.018979,
            -0.000967,
            0.003321
          ],
          [
            -0.011787,
            0.005565,
            0.000856
          ],
          [
            0.001416,
            -0.021003,
            -0.014389
          ],
          [
            0.017313,
            0.024616,
            0.014695
          ],
          [
            0.054778,
            -0.013129,
            0.028788
          ],
          [
            -0.025538,
            -0.033934,
            0.026667
          ],
          [
            0.033411,
            -0.016072,
            0.062145
          ],
          [
            0.01049,
            -0.02384,
            -0.071111
          ],
          [
            -0.011793,
            -0.037551,
            0.099247
          ],
          [
            0.005651,
            -0.013729,
            0.016912
          ],
          [
            -0.020319,
            0.018746,
            -0.194446
          ],
          [
            -0.012072,
            -0.019942,
            -0.159823
          ],
          [
            0.019166,
            0.012466,
            -0.15657
          ],
          [
            0.012159,
            -0.012969,
            -0.065057
          ],
          [
            -0.032184,
            0.028149,
            -0.190962
          ],
          [
            -0.034348,
            -0.028279,
            -0.210745
          ],
          [
            0.028921,
            0.033502,
            -0.208852
          ],
          [
            0.035618,
            -0.036808,
            -0.283671
          ],
          [
            -0.029629,
            0.031516,
            -0.003554
          ],
          [
            -0.17302,
            -0.059208,
            -0.024511
          ],
          [
            0.01585,
            0.131955,
            0.061672
          ],
          [
            0.137238,
            -0.131597,
            -0.09942
          ],
          [
            -0.062484,
            0.001836,
            0.001619
          ],
          [
            -0.150521,
            -0.042516,
            0.042339
          ],
          [
            0.035393,
            0.140734,
            -0.02477
          ],
          [
            0.125174,
            -0.165052,
            -0.087291
          ],
          [
            0.004796,
            -0.001169,
            -0.033872
          ],
          [
            -0.010047,
            -0.010495,
            0.012813
          ],
          [
            0.00963,
            0.018661,
            -0.082665
          ],
          [
            0.009241,
            0.000907,
            0.007827
          ],
          [
            -0.015137,
            0.01664,
            0.021105
          ],
          [
            0.01734,
            -0.001936,
            -0.01547
          ],
          [
            0.004453,
            -0.003749,
            -0.009651
          ],
          [
            0.009838,
            -0.018299,
            -0.001431
          ],
          [
            -0.03343,
            0.025344,
            -0.004291
          ],
          [
            -0.008535,
            -0.010332,
            -0.002723
          ],
          [
            0.00873,
            0.083323,
            0.044394
          ],
          [
            -0.025249,
            -0.068141,
            -0.034319
          ],
          [
            0.03027,
            0.039461,
            0.006092
          ],
          [
            -0.012489,
            -0.012998,
            0.03402
          ],
          [
            -0.022972,
            0.019777,
            -0.001652
          ],
          [
            0.003237,
            0.033769,
            -0.031452
          ]
        ],
        "Lattice": [
          [
            8.33,
            0.0,
            0.0
          ],
          [
            0.0,
            8.33,
            0.0
          ],
          [
            0.0,
            0.0,
            20.227360776
          ]
        ],
        "NumAtoms": 63,
        "Positions": [
          [
            0.0,
            0.0,
            0.0
          ],
          [
            0.0,
            4.165,
            0.0
          ],
          [
            4.165,
            0.0,
            0.0
          ],
          [
            4.165,
            4.165,
            0.0
          ],
          [
            2.0825,
            2.0825,
            0.0
          ],
          [
            2.0825,
            6.2475,
            0.0
          ],
          [
            6.2475,
            2.0825,
            0.0
          ],
          [
            6.2475,
            6.2475,
            0.0
          ],
          [
            0.0,
            2.0825,
            2.0825
          ],
          [
            0.0,
            6.2475,
            2.0825
          ],
          [
            4.165,
            2.0825,
            2.0825
          ],
          [
            4.165,
            6.2475,
            2.0825
          ],
          [
            2.0825,
            0.0,
            2.0825
          ],
          [
            2.0825,
            4.165,
            2.0825
          ],
          [
            6.2475,
            0.0,
            2.0825
          ],
          [
            6.2475,
            4.165,
            2.0825
          ],
          [
            0.00283,
            -0.01348,
            4.19294
          ],
          [
            0.02283,
            4.15705,
            4.16975
          ],
          [
            4.15408,
            8.28281,
            4.21624
          ],
          [
            4.12533,
            4.2048,
            4.15008
          ],
          [
            2.08876,
            2.07204,
            4.19195
          ],
          [
            2.12605,
            6.25239,
            4.21608
          ],
          [
            6.24628,
            2.05203,
            4.1679
          ],
          [
            6.20053,
            6.27619,
            4.14792
          ],
          [
            0.00564,
            2.05204,
            6.21585
          ],
          [
            0.01699,
            6.24241,
            6.21341
          ],
          [
            4.14991,
            2.04647,
            6.20958
          ],
          [
            2.17077,
            8.21578,
            6.28915
          ],
          [
            2.08481,
            4.21763,
            6.28057
          ],
          [
            6.1708,
            8.30603,
            6.2776
          ],
          [
            6.10343,
            4.29921,
            6.16226
          ],
          [
            2.0825,
            0.0,
            0.0
          ],
          [
            2.0825,
            4.165,
            0.0
          ],
          [
            6.2475,
            0.0,
            0.0
          ],
          [
            6.2475,
            4.165,
            0.0
          ],
          [
            0.0,
            2.0825,
            0.0
          ],
          [
            0.0,
            6.2475,
            0.0
          ],
          [
            4.165,
            2.0825,
            0.0
          ],
          [
            4.165,
            6.2475,
            0.0
          ],
          [
            2.0825,
            2.0825,
            2.0825
          ],
          [
            2.0825,
            6.2475,
            2.0825
          ],
          [
            6.2475,
            2.0825,
            2.0825
          ],
          [
            6.2475,
            6.2475,
            2.0825
          ],
          [
            0.0,
            0.0,
            2.0825
          ],
          [
            0.0,
            4.165,
            2.0825
          ],
          [
            4.165,
            0.0,
            2.0825
          ],
          [
            4.165,
            4.165,
            2.0825
          ],
          [
            2.0775,
            -0.00179,
            4.19077
          ],
          [
            2.08961,
            4.164,
            4.1895
          ],
          [
            6.24356,
            -0.0131,
            4.19176
          ],
          [
            6.233,
            4.17293,
            4.24035
          ],
          [
            8.32714,
            2.08221,
            4.14856
          ],
          [
            8.28189,
            6.22853,
            4.15087
          ],
          [
            4.17534,
            2.12062,
            4.14873
          ],
          [
            4.17934,
            6.22759,
            4.07117
          ],
          [
            2.07147,
            2.13186,
            6.27096
          ],
          [
            1.93516,
            6.19836,
            6.26145
          ],
          [
            6.28394,
            2.17471,
            6.23374
          ],
          [
            6.36039,
            6.06883,
            6.3431
          ],
          [
            8.27321,
            -0.00841,
            6.26948
          ],
          [
            8.21012,
            4.11131,
            6.23836
          ],
          [
            4.18865,
            0.12849,
            6.26319
          ],
          [
            4.3357,
            4.03193,
            6.3379
          ]
        ],
        "Stress": [
          [
            -49.06621,
            -0.28293,
            -0.06574
          ],
          [
            -0.28293,
            -49.17834,
            -0.14761
          ],
          [
            -0.06574,
            -0.14761,
            -25.75535
          ]
        ],
        "computation_code": "VASP",
        "pseudopotential_information": [
          [
            "PAW_PBE",
            "Ni",
            "02Aug2007"
          ],
          [
            "PAW_PBE",
            "V_sv",
            "02Aug2007"
          ],
          [
            "PAW_PBE",
            "O",
            "08Apr2002"
          ]
        ]
      }
    ],
    "EnergyStyle": "electronvolt",
    "ForcesStyle": "electronvoltperangstrom",
    "LatticeStyle": "angstrom",
    "PositionsStyle": "angstrom",
    "StressStyle": "kB"
  }
}