{
  "Dataset": {
    "AtomTypeStyle": "chemicalsymbol",
    "Data": [
      {
        "AtomTypes": [
          "Ni",
          "Ni",
          "Ni",
          "Ni",
          "Ni",
          "Ni",
          "Ni",
          "Ni",
          "Ni",
          "Ni",
          "Ni",
          "Ni",
          "Ni",
          "Ni",
          "Ni",
          "Ni",
          "Ni",
          "Ni",
          "Ni",
          "Ni",
          "Ni",
          "Ni",
          "Ni",
          "Zr",
          "Ni",
          "Ni",
          "Ni",
          "Ni",
          "Ni",
          "Ni",
          "Ni",
          "Ni",
          "O",
          "O",
          "O",
          "O",
          "O",
          "O",
          "O",
          "O",
          "O",
          "O",
          "O",
          "O",
          "O",
          "O",
          "O",
          "O",
          "O",
          "O",
          "O",
          "O",
          "O",
          "O",
          "O",
          "O",
          "O",
          "O",
          "O",
          "O",
          "O",
          "O",
          "O",
          "O",
          "O"
        ],
        "Energy": -353.14689044,
        "Forces": [
          [
            0.040549,
            0.040631,
            0.34136
          ],
          [
            0.036924,
            -0.010188,
            0.36328
          ],
          [
            -0.010054,
            0.036856,
            0.362931
          ],
          [
            -0.010796,
            -0.010893,
            0.336865
          ],
          [
            0.017904,
            0.018036,
            0.347544
          ],
          [
            0.02078,
            0.009823,
            0.376953
          ],
          [
            0.01004,
            0.020779,
            0.37728
          ],
          [
            0.013112,
            0.012976,
            0.245559
          ],
          [
            -0.070807,
            0.047347,
            -0.055472
          ],
          [
            0.323635,
            -0.017514,
            -0.21268
          ],
          [
            0.055108,
            -0.075267,
            -0.139404
          ],
          [
            -0.272446,
            0.04405,
            -0.47794
          ],
          [
            0.046205,
            -0.069455,
            -0.054941
          ],
          [
            -0.074904,
            0.054729,
            -0.139538
          ],
          [
            -0.017323,
            0.323823,
            -0.212128
          ],
          [
            0.045406,
            -0.27406,
            -0.477221
          ],
          [
            -0.012321,
            -0.013109,
            0.016452
          ],
          [
            -0.003485,
            -0.000914,
            0.009269
          ],
          [
            -0.001326,
            -0.004251,
            0.01297
          ],
          [
            -0.008761,
            -0.008839,
            -0.006062
          ],
          [
            -0.003396,
            -0.003872,
            0.01202
          ],
          [
            -0.013977,
            -0.006383,
            0.005269
          ],
          [
            -0.004816,
            -0.012513,
            0.000544
          ],
          [
            0.015378,
            0.017809,
            0.071611
          ],
          [
            0.004249,
            -0.004953,
            -0.003528
          ],
          [
            -0.010662,
            0.000515,
            0.008539
          ],
          [
            -0.003386,
            -0.000812,
            -0.005513
          ],
          [
            -0.006807,
            -0.015059,
            0.012441
          ],
          [
            -0.001282,
            -0.002319,
            -0.004124
          ],
          [
            -0.009119,
            -0.00045,
            -0.005108
          ],
          [
            -2e-05,
            -0.016762,
            0.008264
          ],
          [
            -0.02344,
            0.01158,
            0.018939
          ],
          [
            -0.010974,
            -0.00304,
            -0.196024
          ],
          [
            0.004533,
            0.001081,
            -0.207986
          ],
          [
            0.007343,
            -0.0447,
            -0.153594
          ],
          [
            -0.005713,
            0.039965,
            -0.171631
          ],
          [
            -0.002823,
            -0.011257,
            -0.196141
          ],
          [
            -0.044485,
            0.007495,
            -0.15343
          ],
          [
            0.000988,
            0.004346,
            -0.20768
          ],
          [
            0.039789,
            -0.005507,
            -0.171367
          ],
          [
            -0.040919,
            -0.041635,
            -0.005305
          ],
          [
            -0.073841,
            0.016747,
            0.052079
          ],
          [
            0.015563,
            -0.074402,
            0.053688
          ],
          [
            0.147268,
            0.146697,
            0.195501
          ],
          [
            -0.05871,
            -0.059112,
            0.118246
          ],
          [
            -0.030672,
            0.055821,
            0.057234
          ],
          [
            0.054908,
            -0.030865,
            0.057246
          ],
          [
            0.000441,
            -0.000544,
            -0.06759
          ],
          [
            -0.005733,
            0.002153,
            -0.011454
          ],
          [
            -0.005307,
            -0.008782,
            -0.003894
          ],
          [
            -0.0091,
            -0.006368,
            -0.00399
          ],
          [
            -0.007465,
            -0.006104,
            0.006426
          ],
          [
            -0.001204,
            -0.006523,
            -0.005907
          ],
          [
            -0.011374,
            -0.009514,
            -0.006307
          ],
          [
            -0.006628,
            -0.005932,
            -0.002293
          ],
          [
            -0.005621,
            -0.006383,
            0.007673
          ],
          [
            -0.00486,
            -0.005422,
            -0.002431
          ],
          [
            -0.000418,
            -0.001172,
            -0.006724
          ],
          [
            -0.002294,
            0.001848,
            -0.009048
          ],
          [
            -0.006387,
            -0.004055,
            -0.052009
          ],
          [
            -0.002817,
            -0.003647,
            -0.005539
          ],
          [
            0.004211,
            0.003823,
            -0.005736
          ],
          [
            0.005669,
            0.006075,
            -0.006704
          ],
          [
            -0.007475,
            -0.014804,
            -0.003985
          ],
          [
            -0.006053,
            -0.027623,
            -0.025758
          ]
        ],
        "Lattice": [
          [
            8.33,
            0.0,
            0.0
          ],
          [
            0.0,
            8.33,
            0.0
          ],
          [
            0.0,
            0.0,
            20.227360776
          ]
        ],
        "NumAtoms": 65,
        "Positions": [
          [
            0.0,
            0.0,
            0.0
          ],
          [
            0.0,
            4.165,
            0.0
          ],
          [
            4.165,
            0.0,
            0.0
          ],
          [
            4.165,
            4.165,
            0.0
          ],
          [
            2.0825,
            2.0825,
            0.0
          ],
          [
            2.0825,
            6.2475,
            0.0
          ],
          [
            6.2475,
            2.0825,
            0.0
          ],
          [
            6.2475,
            6.2475,
            0.0
          ],
          [
            0.0,
            2.0825,
            2.0825
          ],
          [
            0.0,
            6.2475,
            2.0825
          ],
          [
            4.165,
            2.0825,
            2.0825
          ],
          [
            4.165,
            6.2475,
            2.0825
          ],
          [
            2.0825,
            0.0,
            2.0825
          ],
          [
            2.0825,
            4.165,
            2.0825
          ],
          [
            6.2475,
            0.0,
            2.0825
          ],
          [
            6.2475,
            4.165,
            2.0825
          ],
          [
            0.04317,
            0.04359,
            4.22283
          ],
          [
            0.02256,
            4.14501,
            4.23463
          ],
          [
            4.1449,
            0.02188,
            4.23413
          ],
          [
            4.12809,
            4.12775,
            4.17011
          ],
          [
            2.07786,
            2.07823,
            4.17874
          ],
          [
            2.12614,
            6.24852,
            4.23845
          ],
          [
            6.24828,
            2.12602,
            4.23941
          ],
          [
            6.1965,
            6.1956,
            4.41708
          ],
          [
            0.00021,
            2.1344,
            6.27233
          ],
          [
            0.10653,
            6.25126,
            6.36855
          ],
          [
            4.10943,
            2.0491,
            6.23236
          ],
          [
            3.94164,
            5.83373,
            7.12929
          ],
          [
            2.13262,
            0.0011,
            6.27211
          ],
          [
            2.05091,
            4.11043,
            6.23283
          ],
          [
            6.2516,
            0.10684,
            6.36877
          ],
          [
            5.82554,
            3.93615,
            7.13883
          ],
          [
            2.0825,
            0.0,
            0.0
          ],
          [
            2.0825,
            4.165,
            0.0
          ],
          [
            6.2475,
            0.0,
            0.0
          ],
          [
            6.2475,
            4.165,
            0.0
          ],
          [
            0.0,
            2.0825,
            0.0
          ],
          [
            0.0,
            6.2475,
            0.0
          ],
          [
            4.165,
            2.0825,
            0.0
          ],
          [
            4.165,
            6.2475,
            0.0
          ],
          [
            2.0825,
            2.0825,
            2.0825
          ],
          [
            2.0825,
            6.2475,
            2.0825
          ],
          [
            6.2475,
            2.0825,
            2.0825
          ],
          [
            6.2475,
            6.2475,
            2.0825
          ],
          [
            0.0,
            0.0,
            2.0825
          ],
          [
            0.0,
            4.165,
            2.0825
          ],
          [
            4.165,
            0.0,
            2.0825
          ],
          [
            4.165,
            4.165,
            2.0825
          ],
          [
            2.09448,
            -0.01201,
            4.17653
          ],
          [
            2.0741,
            4.17482,
            4.14829
          ],
          [
            6.2592,
            0.02671,
            4.18394
          ],
          [
            6.25301,
            4.15837,
            4.11688
          ],
          [
            8.31784,
            2.09474,
            4.17625
          ],
          [
            0.02719,
            6.25953,
            4.18414
          ],
          [
            4.17468,
            2.07353,
            4.14856
          ],
          [
            4.15892,
            6.25257,
            4.1169
          ],
          [
            2.05443,
            2.05456,
            6.23095
          ],
          [
            2.12878,
            6.25281,
            6.35134
          ],
          [
            6.25164,
            2.12864,
            6.35377
          ],
          [
            6.46857,
            6.46902,
            6.32479
          ],
          [
            0.05648,
            0.05764,
            6.27613
          ],
          [
            0.08463,
            4.18371,
            6.28284
          ],
          [
            4.18301,
            0.0818,
            6.28339
          ],
          [
            4.05689,
            4.05733,
            6.13511
          ],
          [
            5.06066,
            5.06618,
            8.3322
          ]
        ],
        "Stress": [
          [
            -45.53276,
            3.61701,
            -0.79516
          ],
          [
            3.61701,
            -45.62068,
            -0.81884
          ],
          [
            -0.79516,
            -0.81884,
            -27.28315
          ]
        ],
        "computation_code": "VASP",
        "pseudopotential_information": [
          [
            "PAW_PBE",
            "Ni",
            "02Aug2007"
          ],
          [
            "PAW_PBE",
            "Zr_sv",
            "04Jan2005"
          ],
          [
            "PAW_PBE",
            "O",
            "08Apr2002"
          ]
        ]
      }
    ],
    "EnergyStyle": "electronvolt",
    "ForcesStyle": "electronvoltperangstrom",
    "LatticeStyle": "angstrom",
    "PositionsStyle": "angstrom",
    "StressStyle": "kB"
  }
}