{
  "Dataset": {
    "AtomTypeStyle": "chemicalsymbol",
    "Data": [
      {
        "AtomTypes": [
          "Ni",
          "Ni",
          "Ni",
          "Ni",
          "Ni",
          "Ni",
          "Ni",
          "Ni",
          "Ni",
          "Ni",
          "Ni",
          "Ni",
          "Ni",
          "Ni",
          "Ni",
          "Ni",
          "Ni",
          "Ni",
          "Ni",
          "Ni",
          "Ni",
          "Ni",
          "Ni",
          "Zr",
          "Ni",
          "Ni",
          "Ni",
          "Ni",
          "Ni",
          "Ni",
          "Ni",
          "Ni",
          "O",
          "O",
          "O",
          "O",
          "O",
          "O",
          "O",
          "O",
          "O",
          "O",
          "O",
          "O",
          "O",
          "O",
          "O",
          "O",
          "O",
          "O",
          "O",
          "O",
          "O",
          "O",
          "O",
          "O",
          "O",
          "O",
          "O",
          "O",
          "O",
          "O",
          "O"
        ],
        "Energy": -337.19826291,
        "Forces": [
          [
            0.00292,
            0.058041,
            0.316678
          ],
          [
            0.049665,
            -0.027742,
            0.323474
          ],
          [
            0.008221,
            0.042804,
            0.329171
          ],
          [
            -0.022653,
            -0.018358,
            0.342079
          ],
          [
            0.018644,
            0.003489,
            0.346827
          ],
          [
            0.029897,
            0.024975,
            0.36651
          ],
          [
            0.01083,
            -0.03908,
            0.344305
          ],
          [
            0.000531,
            0.054631,
            0.157516
          ],
          [
            -0.034442,
            -0.011753,
            -0.205225
          ],
          [
            0.438723,
            0.012885,
            -0.389076
          ],
          [
            0.025682,
            -0.013671,
            -0.079663
          ],
          [
            -0.438511,
            -0.023074,
            -0.837335
          ],
          [
            -0.019472,
            -0.035289,
            0.031462
          ],
          [
            0.025825,
            0.025084,
            -0.128975
          ],
          [
            -0.18683,
            0.406684,
            0.348976
          ],
          [
            -0.047008,
            -0.444909,
            -0.249794
          ],
          [
            0.012045,
            -0.123514,
            0.047971
          ],
          [
            -0.278974,
            0.33305,
            0.021712
          ],
          [
            -0.076372,
            0.122578,
            -0.114461
          ],
          [
            0.243414,
            0.099357,
            -0.118238
          ],
          [
            0.078947,
            -0.07231,
            0.15679
          ],
          [
            -0.081645,
            0.039263,
            -0.068547
          ],
          [
            -0.05221,
            -0.168039,
            -0.153118
          ],
          [
            -0.046578,
            -0.424379,
            -0.138833
          ],
          [
            0.269648,
            -0.006515,
            -0.337772
          ],
          [
            0.013935,
            -0.111641,
            -0.052592
          ],
          [
            -0.164695,
            0.073485,
            0.073003
          ],
          [
            -0.0429,
            0.017262,
            1.034175
          ],
          [
            -0.040911,
            0.188076,
            -0.060486
          ],
          [
            -0.043596,
            -0.167096,
            0.075714
          ],
          [
            0.038681,
            0.087126,
            -7.6e-05
          ],
          [
            0.13673,
            -0.02959,
            -0.263172
          ],
          [
            -0.003614,
            -0.01251,
            -0.190948
          ],
          [
            -0.010323,
            0.011353,
            -0.190962
          ],
          [
            0.032246,
            -0.064134,
            -0.291174
          ],
          [
            0.010196,
            0.073454,
            -0.120016
          ],
          [
            -0.002602,
            0.016936,
            -0.176078
          ],
          [
            -0.06626,
            -0.019636,
            -0.115318
          ],
          [
            0.00293,
            0.009421,
            -0.191678
          ],
          [
            0.065716,
            -0.010271,
            -0.175318
          ],
          [
            -0.023114,
            0.006187,
            -0.011362
          ],
          [
            -0.146485,
            -0.033617,
            -0.074191
          ],
          [
            -0.007383,
            -0.034444,
            0.061486
          ],
          [
            0.191363,
            0.08368,
            -0.002175
          ],
          [
            -0.066501,
            -0.078087,
            0.01512
          ],
          [
            -0.073784,
            0.072894,
            0.040276
          ],
          [
            0.11229,
            0.050734,
            -0.03267
          ],
          [
            0.041547,
            -0.07002,
            0.004227
          ],
          [
            -0.038234,
            0.100225,
            -0.112962
          ],
          [
            0.020724,
            -0.096154,
            -0.03051
          ],
          [
            -0.02473,
            0.364187,
            0.212963
          ],
          [
            0.038628,
            -0.136793,
            0.194574
          ],
          [
            -0.370159,
            0.176731,
            0.071242
          ],
          [
            0.018892,
            -0.116952,
            -0.14767
          ],
          [
            0.070008,
            0.171565,
            -0.400451
          ],
          [
            -0.031503,
            0.003081,
            -0.079508
          ],
          [
            -0.44529,
            0.023017,
            0.066089
          ],
          [
            0.078332,
            -0.152479,
            -0.037803
          ],
          [
            -0.029889,
            0.015419,
            -0.045829
          ],
          [
            -0.030305,
            -0.078594,
            0.07605
          ],
          [
            0.079475,
            0.586126,
            -0.104708
          ],
          [
            0.066759,
            -0.595274,
            0.063517
          ],
          [
            0.713525,
            -0.137874,
            0.606789
          ]
        ],
        "Lattice": [
          [
            8.33,
            0.0,
            0.0
          ],
          [
            0.0,
            8.33,
            0.0
          ],
          [
            0.0,
            0.0,
            20.227360776
          ]
        ],
        "NumAtoms": 63,
        "Positions": [
          [
            0.0,
            0.0,
            0.0
          ],
          [
            0.0,
            4.165,
            0.0
          ],
          [
            4.165,
            0.0,
            0.0
          ],
          [
            4.165,
            4.165,
            0.0
          ],
          [
            2.0825,
            2.0825,
            0.0
          ],
          [
            2.0825,
            6.2475,
            0.0
          ],
          [
            6.2475,
            2.0825,
            0.0
          ],
          [
            6.2475,
            6.2475,
            0.0
          ],
          [
            0.0,
            2.0825,
            2.0825
          ],
          [
            0.0,
            6.2475,
            2.0825
          ],
          [
            4.165,
            2.0825,
            2.0825
          ],
          [
            4.165,
            6.2475,
            2.0825
          ],
          [
            2.0825,
            0.0,
            2.0825
          ],
          [
            2.0825,
            4.165,
            2.0825
          ],
          [
            6.2475,
            0.0,
            2.0825
          ],
          [
            6.2475,
            4.165,
            2.0825
          ],
          [
            -0.05062,
            0.06474,
            4.18316
          ],
          [
            0.03866,
            4.10181,
            4.20007
          ],
          [
            4.18621,
            0.034,
            4.19003
          ],
          [
            4.11802,
            4.11162,
            4.20649
          ],
          [
            2.06963,
            2.06531,
            4.18539
          ],
          [
            2.10235,
            6.25812,
            4.20181
          ],
          [
            6.26339,
            1.98519,
            4.20325
          ],
          [
            6.20195,
            6.37032,
            4.30011
          ],
          [
            8.29072,
            2.05763,
            6.29896
          ],
          [
            0.05231,
            6.26556,
            6.30865
          ],
          [
            4.15986,
            2.03996,
            6.24315
          ],
          [
            4.13935,
            6.24036,
            6.4366
          ],
          [
            2.08524,
            8.30404,
            6.22443
          ],
          [
            2.08304,
            4.1636,
            6.23661
          ],
          [
            6.22308,
            0.00678,
            6.21857
          ],
          [
            6.20729,
            4.10123,
            6.29786
          ],
          [
            2.0825,
            0.0,
            0.0
          ],
          [
            2.0825,
            4.165,
            0.0
          ],
          [
            6.2475,
            0.0,
            0.0
          ],
          [
            6.2475,
            4.165,
            0.0
          ],
          [
            0.0,
            2.0825,
            0.0
          ],
          [
            0.0,
            6.2475,
            0.0
          ],
          [
            4.165,
            2.0825,
            0.0
          ],
          [
            4.165,
            6.2475,
            0.0
          ],
          [
            2.0825,
            2.0825,
            2.0825
          ],
          [
            2.0825,
            6.2475,
            2.0825
          ],
          [
            6.2475,
            2.0825,
            2.0825
          ],
          [
            6.2475,
            6.2475,
            2.0825
          ],
          [
            0.0,
            0.0,
            2.0825
          ],
          [
            0.0,
            4.165,
            2.0825
          ],
          [
            4.165,
            0.0,
            2.0825
          ],
          [
            4.165,
            4.165,
            2.0825
          ],
          [
            2.091,
            -0.00967,
            4.1645
          ],
          [
            2.07392,
            4.16985,
            4.16344
          ],
          [
            6.24802,
            4.17404,
            4.15069
          ],
          [
            8.31247,
            2.09501,
            4.15269
          ],
          [
            0.00942,
            6.24827,
            4.16091
          ],
          [
            4.16984,
            2.08116,
            4.17217
          ],
          [
            4.1576,
            6.24695,
            4.05789
          ],
          [
            2.04828,
            2.08498,
            6.26338
          ],
          [
            2.02671,
            6.22041,
            6.24182
          ],
          [
            6.24352,
            2.11803,
            6.25453
          ],
          [
            0.01859,
            -0.00357,
            6.24853
          ],
          [
            8.30917,
            4.16486,
            6.25792
          ],
          [
            4.12275,
            0.01265,
            6.22977
          ],
          [
            4.15473,
            4.11665,
            6.23488
          ],
          [
            6.29798,
            6.21516,
            6.28232
          ]
        ],
        "Stress": [
          [
            -46.02428,
            -0.11791,
            1.14435
          ],
          [
            -0.11791,
            -46.7696,
            -0.94462
          ],
          [
            1.14435,
            -0.94462,
            -22.25674
          ]
        ],
        "computation_code": "VASP",
        "pseudopotential_information": [
          [
            "PAW_PBE",
            "Ni",
            "02Aug2007"
          ],
          [
            "PAW_PBE",
            "Zr_sv",
            "04Jan2005"
          ],
          [
            "PAW_PBE",
            "O",
            "08Apr2002"
          ]
        ]
      }
    ],
    "EnergyStyle": "electronvolt",
    "ForcesStyle": "electronvoltperangstrom",
    "LatticeStyle": "angstrom",
    "PositionsStyle": "angstrom",
    "StressStyle": "kB"
  }
}