{
  "Dataset": {
    "AtomTypeStyle": "chemicalsymbol",
    "Data": [
      {
        "AtomTypes": [
          "Ni",
          "Ni",
          "Ni",
          "Ni",
          "Ni",
          "Ni",
          "Ni",
          "Ni",
          "Ni",
          "Ni",
          "Ni",
          "Ni",
          "Ni",
          "Ni",
          "Ni",
          "Ni",
          "Ni",
          "Ni",
          "Ni",
          "Ni",
          "Ni",
          "Ni",
          "Ni",
          "Ni",
          "Ni",
          "Ni",
          "Ni",
          "Ni",
          "Ni",
          "Ni",
          "Ni",
          "Zr",
          "O",
          "O",
          "O",
          "O",
          "O",
          "O",
          "O",
          "O",
          "O",
          "O",
          "O",
          "O",
          "O",
          "O",
          "O",
          "O",
          "O",
          "O",
          "O",
          "O",
          "O",
          "O",
          "O",
          "O",
          "O",
          "O",
          "O",
          "O",
          "O",
          "O",
          "O"
        ],
        "Energy": -337.04597063,
        "Forces": [
          [
            0.040341,
            0.011362,
            0.330944
          ],
          [
            0.052965,
            0.018208,
            0.283348
          ],
          [
            -0.011018,
            0.010633,
            0.399127
          ],
          [
            -0.026049,
            0.014512,
            0.378637
          ],
          [
            0.062017,
            -0.002729,
            0.358485
          ],
          [
            0.062873,
            0.031501,
            0.363923
          ],
          [
            -0.036615,
            -0.016696,
            0.304131
          ],
          [
            -0.036021,
            0.045041,
            0.311215
          ],
          [
            0.069244,
            -0.06389,
            -0.116117
          ],
          [
            0.078951,
            0.056678,
            -0.134881
          ],
          [
            -0.099252,
            -0.032578,
            -0.412511
          ],
          [
            -0.083122,
            0.011094,
            -0.318426
          ],
          [
            0.105712,
            -0.014082,
            -0.110367
          ],
          [
            0.112356,
            0.00555,
            -0.205438
          ],
          [
            -0.117141,
            -0.020417,
            -0.228316
          ],
          [
            -0.200974,
            -0.007077,
            -0.387512
          ],
          [
            -0.008289,
            0.011291,
            -0.028059
          ],
          [
            0.054872,
            -0.020904,
            -0.05208
          ],
          [
            0.007963,
            0.042224,
            -0.012353
          ],
          [
            -0.057792,
            -0.063421,
            0.014868
          ],
          [
            0.006514,
            0.040017,
            0.046982
          ],
          [
            -0.05701,
            -0.030179,
            -0.018198
          ],
          [
            -0.042519,
            -0.026164,
            -0.025134
          ],
          [
            -0.020484,
            0.022827,
            -0.02286
          ],
          [
            0.089938,
            -0.013533,
            0.034607
          ],
          [
            0.123954,
            0.03595,
            -0.0112
          ],
          [
            -0.070647,
            0.211753,
            0.067402
          ],
          [
            -0.002521,
            -0.109116,
            -0.180962
          ],
          [
            0.00588,
            0.073409,
            -0.002634
          ],
          [
            0.099817,
            -0.076146,
            -0.179044
          ],
          [
            0.017701,
            0.036673,
            -0.006838
          ],
          [
            -0.056352,
            0.031912,
            0.017514
          ],
          [
            -0.046393,
            0.002821,
            -0.196794
          ],
          [
            -0.051468,
            -0.003906,
            -0.174191
          ],
          [
            0.04551,
            0.003784,
            -0.153986
          ],
          [
            0.0589,
            -0.003363,
            -0.075462
          ],
          [
            -0.032843,
            0.025029,
            -0.163313
          ],
          [
            -0.031896,
            -0.026644,
            -0.170839
          ],
          [
            0.033587,
            0.020696,
            -0.275325
          ],
          [
            0.03276,
            -0.019475,
            -0.28227
          ],
          [
            -0.246452,
            0.013994,
            -0.027863
          ],
          [
            -0.225142,
            -0.038655,
            -0.00494
          ],
          [
            0.218325,
            0.113871,
            0.020178
          ],
          [
            0.201233,
            -0.132006,
            0.027136
          ],
          [
            -0.074326,
            0.007891,
            0.067284
          ],
          [
            -0.19459,
            -0.028361,
            0.171199
          ],
          [
            0.047359,
            -0.01201,
            -0.058928
          ],
          [
            0.132622,
            -0.005661,
            -0.045968
          ],
          [
            0.011655,
            -0.01646,
            0.06303
          ],
          [
            -0.000623,
            0.030011,
            0.175077
          ],
          [
            -0.031639,
            0.004608,
            0.109192
          ],
          [
            0.007333,
            0.021529,
            0.092922
          ],
          [
            -0.055997,
            0.033526,
            -0.115605
          ],
          [
            -0.020846,
            -0.029178,
            0.107056
          ],
          [
            -0.005042,
            -0.006363,
            0.251789
          ],
          [
            -0.003525,
            -0.039566,
            0.070683
          ],
          [
            0.186513,
            0.127006,
            -0.024531
          ],
          [
            -0.048154,
            -0.160309,
            0.034584
          ],
          [
            -0.125121,
            -0.127786,
            0.009
          ],
          [
            -0.078554,
            0.044113,
            0.052716
          ],
          [
            -0.031052,
            -0.100707,
            -0.019573
          ],
          [
            0.196258,
            0.032758,
            0.027801
          ],
          [
            0.066317,
            0.055107,
            0.051684
          ]
        ],
        "Lattice": [
          [
            8.33,
            0.0,
            0.0
          ],
          [
            0.0,
            8.33,
            0.0
          ],
          [
            0.0,
            0.0,
            20.227360776
          ]
        ],
        "NumAtoms": 63,
        "Positions": [
          [
            0.0,
            0.0,
            0.0
          ],
          [
            0.0,
            4.165,
            0.0
          ],
          [
            4.165,
            0.0,
            0.0
          ],
          [
            4.165,
            4.165,
            0.0
          ],
          [
            2.0825,
            2.0825,
            0.0
          ],
          [
            2.0825,
            6.2475,
            0.0
          ],
          [
            6.2475,
            2.0825,
            0.0
          ],
          [
            6.2475,
            6.2475,
            0.0
          ],
          [
            0.0,
            2.0825,
            2.0825
          ],
          [
            0.0,
            6.2475,
            2.0825
          ],
          [
            4.165,
            2.0825,
            2.0825
          ],
          [
            4.165,
            6.2475,
            2.0825
          ],
          [
            2.0825,
            0.0,
            2.0825
          ],
          [
            2.0825,
            4.165,
            2.0825
          ],
          [
            6.2475,
            0.0,
            2.0825
          ],
          [
            6.2475,
            4.165,
            2.0825
          ],
          [
            0.00665,
            -0.00463,
            4.18995
          ],
          [
            0.03454,
            4.1656,
            4.17251
          ],
          [
            4.14902,
            8.31535,
            4.2216
          ],
          [
            4.07575,
            4.1678,
            4.21826
          ],
          [
            2.10323,
            2.06668,
            4.18447
          ],
          [
            2.1214,
            6.25921,
            4.19416
          ],
          [
            6.20848,
            2.0253,
            4.14952
          ],
          [
            6.20686,
            6.29245,
            4.15807
          ],
          [
            0.04168,
            2.01484,
            6.23248
          ],
          [
            0.05137,
            6.29084,
            6.23681
          ],
          [
            4.11419,
            2.20698,
            6.34404
          ],
          [
            4.12476,
            6.05714,
            6.46412
          ],
          [
            2.15435,
            8.31301,
            6.24398
          ],
          [
            2.25546,
            4.16139,
            6.2749
          ],
          [
            6.16532,
            8.30906,
            6.25022
          ],
          [
            6.18882,
            4.15223,
            6.26405
          ],
          [
            2.0825,
            0.0,
            0.0
          ],
          [
            2.0825,
            4.165,
            0.0
          ],
          [
            6.2475,
            0.0,
            0.0
          ],
          [
            6.2475,
            4.165,
            0.0
          ],
          [
            0.0,
            2.0825,
            0.0
          ],
          [
            0.0,
            6.2475,
            0.0
          ],
          [
            4.165,
            2.0825,
            0.0
          ],
          [
            4.165,
            6.2475,
            0.0
          ],
          [
            2.0825,
            2.0825,
            2.0825
          ],
          [
            2.0825,
            6.2475,
            2.0825
          ],
          [
            6.2475,
            2.0825,
            2.0825
          ],
          [
            6.2475,
            6.2475,
            2.0825
          ],
          [
            0.0,
            0.0,
            2.0825
          ],
          [
            0.0,
            4.165,
            2.0825
          ],
          [
            4.165,
            0.0,
            2.0825
          ],
          [
            4.165,
            4.165,
            2.0825
          ],
          [
            2.06313,
            -0.00056,
            4.16706
          ],
          [
            2.04734,
            4.16059,
            4.1643
          ],
          [
            6.26221,
            -0.00352,
            4.17698
          ],
          [
            6.19836,
            4.15775,
            4.23485
          ],
          [
            8.29269,
            2.10645,
            4.18994
          ],
          [
            8.2948,
            6.22091,
            4.17348
          ],
          [
            4.17547,
            2.09238,
            4.06279
          ],
          [
            4.17871,
            6.23578,
            4.07494
          ],
          [
            2.00573,
            2.07012,
            6.24995
          ],
          [
            2.03694,
            6.2499,
            6.25167
          ],
          [
            6.27809,
            2.09116,
            6.32937
          ],
          [
            6.28153,
            6.22854,
            6.32574
          ],
          [
            8.30874,
            -0.00492,
            6.26606
          ],
          [
            8.24856,
            4.16296,
            6.35868
          ],
          [
            4.16987,
            -0.03211,
            6.25653
          ]
        ],
        "Stress": [
          [
            -48.2896,
            0.02116,
            0.89394
          ],
          [
            0.02116,
            -51.28464,
            -0.00947
          ],
          [
            0.89394,
            -0.00947,
            -24.95885
          ]
        ],
        "computation_code": "VASP",
        "pseudopotential_information": [
          [
            "PAW_PBE",
            "Ni",
            "02Aug2007"
          ],
          [
            "PAW_PBE",
            "Zr_sv",
            "04Jan2005"
          ],
          [
            "PAW_PBE",
            "O",
            "08Apr2002"
          ]
        ]
      }
    ],
    "EnergyStyle": "electronvolt",
    "ForcesStyle": "electronvoltperangstrom",
    "LatticeStyle": "angstrom",
    "PositionsStyle": "angstrom",
    "StressStyle": "kB"
  }
}