{
  "Dataset": {
    "AtomTypeStyle": "chemicalsymbol",
    "Data": [
      {
        "AtomTypes": [
          "Ni",
          "Ni",
          "Ni",
          "Ni",
          "Ni",
          "Ni",
          "Ni",
          "Ni",
          "Ni",
          "Ni",
          "Ni",
          "Ni",
          "Ni",
          "Ni",
          "Ni",
          "Ni",
          "Ni",
          "Ni",
          "Ni",
          "Ni",
          "Ni",
          "Ni",
          "Ni",
          "Ni",
          "Ni",
          "Ni",
          "Ni",
          "Ni",
          "Ni",
          "Ni",
          "Ni",
          "Zr",
          "O",
          "O",
          "O",
          "O",
          "O",
          "O",
          "O",
          "O",
          "O",
          "O",
          "O",
          "O",
          "O",
          "O",
          "O",
          "O",
          "O",
          "O",
          "O",
          "O",
          "O",
          "O",
          "O",
          "O",
          "O",
          "O",
          "O",
          "O",
          "O",
          "O",
          "O"
        ],
        "Energy": -337.2284798,
        "Forces": [
          [
            0.036014,
            0.0441,
            0.357029
          ],
          [
            0.033595,
            -0.015918,
            0.328193
          ],
          [
            -0.006053,
            0.033594,
            0.328339
          ],
          [
            0.003594,
            -0.006942,
            0.401732
          ],
          [
            0.002481,
            0.024655,
            0.370331
          ],
          [
            0.014677,
            0.004042,
            0.328609
          ],
          [
            0.023998,
            0.01564,
            0.310566
          ],
          [
            0.015564,
            0.011029,
            0.285484
          ],
          [
            0.083364,
            -0.021302,
            -0.40916
          ],
          [
            0.064561,
            0.048554,
            -0.135905
          ],
          [
            -0.124791,
            0.129121,
            -0.035255
          ],
          [
            -0.081804,
            -0.145099,
            -0.142214
          ],
          [
            -0.034582,
            0.06259,
            -0.082742
          ],
          [
            0.160356,
            -0.068749,
            0.232969
          ],
          [
            0.051141,
            0.011057,
            -0.1209
          ],
          [
            -0.137919,
            -0.109022,
            -0.035131
          ],
          [
            0.005407,
            0.004209,
            -0.000913
          ],
          [
            0.00562,
            -0.001657,
            0.000967
          ],
          [
            0.008104,
            -0.011444,
            -0.017118
          ],
          [
            0.013191,
            -0.006127,
            -0.022048
          ],
          [
            0.001499,
            -0.011394,
            -0.00356
          ],
          [
            0.001066,
            -0.000451,
            -0.009387
          ],
          [
            -0.000362,
            0.019807,
            0.025386
          ],
          [
            -0.018467,
            0.003036,
            -0.030901
          ],
          [
            -0.010139,
            6.6e-05,
            -0.020011
          ],
          [
            0.002333,
            -0.005785,
            0.020483
          ],
          [
            0.019571,
            0.016557,
            0.011012
          ],
          [
            -0.008561,
            0.00085,
            -0.050886
          ],
          [
            -0.000953,
            -0.006549,
            0.016597
          ],
          [
            0.022555,
            0.001918,
            -0.023675
          ],
          [
            -0.01343,
            0.012795,
            0.00788
          ],
          [
            -0.017639,
            -0.02623,
            0.028348
          ],
          [
            0.007104,
            -0.026221,
            -0.179344
          ],
          [
            -0.010137,
            0.023659,
            -0.186204
          ],
          [
            -0.010464,
            -0.0159,
            -0.141846
          ],
          [
            0.05399,
            0.028738,
            -0.134351
          ],
          [
            -0.029429,
            0.000963,
            -0.260365
          ],
          [
            -0.021315,
            -0.001931,
            -0.169662
          ],
          [
            0.030109,
            -0.031814,
            -0.199142
          ],
          [
            0.02356,
            0.031705,
            -0.154778
          ],
          [
            0.147891,
            -0.024808,
            -0.058045
          ],
          [
            -0.007848,
            0.005156,
            -0.02201
          ],
          [
            -0.176942,
            0.084313,
            -0.076169
          ],
          [
            0.027673,
            -0.090711,
            0.064074
          ],
          [
            -0.050263,
            -0.203035,
            -0.045816
          ],
          [
            -0.294587,
            0.199209,
            -0.102087
          ],
          [
            0.051537,
            -0.030051,
            -0.038195
          ],
          [
            0.133107,
            0.014238,
            -0.305687
          ],
          [
            -0.006757,
            -9.5e-05,
            0.002297
          ],
          [
            0.018588,
            0.002942,
            0.020314
          ],
          [
            0.007127,
            -0.019845,
            0.016521
          ],
          [
            0.005398,
            0.010914,
            0.012491
          ],
          [
            -0.015084,
            0.005451,
            0.007766
          ],
          [
            -0.006668,
            0.019554,
            -0.014345
          ],
          [
            0.03466,
            0.005247,
            0.013563
          ],
          [
            -0.014832,
            0.015714,
            -0.001206
          ],
          [
            0.024261,
            -0.006984,
            -0.010637
          ],
          [
            0.001125,
            0.001756,
            0.008667
          ],
          [
            0.003792,
            0.019784,
            0.02246
          ],
          [
            -0.019998,
            0.001784,
            -0.006718
          ],
          [
            0.008235,
            -0.00029,
            -0.01818
          ],
          [
            -0.003316,
            -0.033688,
            0.006193
          ],
          [
            -0.024504,
            0.0073,
            0.036319
          ]
        ],
        "Lattice": [
          [
            8.33,
            0.0,
            0.0
          ],
          [
            0.0,
            8.33,
            0.0
          ],
          [
            0.0,
            0.0,
            20.227360776
          ]
        ],
        "NumAtoms": 63,
        "Positions": [
          [
            0.0,
            0.0,
            0.0
          ],
          [
            0.0,
            4.165,
            0.0
          ],
          [
            4.165,
            0.0,
            0.0
          ],
          [
            4.165,
            4.165,
            0.0
          ],
          [
            2.0825,
            2.0825,
            0.0
          ],
          [
            2.0825,
            6.2475,
            0.0
          ],
          [
            6.2475,
            2.0825,
            0.0
          ],
          [
            6.2475,
            6.2475,
            0.0
          ],
          [
            0.0,
            2.0825,
            2.0825
          ],
          [
            0.0,
            6.2475,
            2.0825
          ],
          [
            4.165,
            2.0825,
            2.0825
          ],
          [
            4.165,
            6.2475,
            2.0825
          ],
          [
            2.0825,
            0.0,
            2.0825
          ],
          [
            2.0825,
            4.165,
            2.0825
          ],
          [
            6.2475,
            0.0,
            2.0825
          ],
          [
            6.2475,
            4.165,
            2.0825
          ],
          [
            0.00674,
            0.04283,
            4.18579
          ],
          [
            -0.06945,
            4.14355,
            4.16097
          ],
          [
            4.17224,
            0.00089,
            4.17078
          ],
          [
            4.60972,
            4.14782,
            4.1504
          ],
          [
            2.05607,
            2.12485,
            4.17741
          ],
          [
            2.09843,
            6.2054,
            4.15489
          ],
          [
            6.27427,
            2.10336,
            4.1469
          ],
          [
            6.2586,
            6.21185,
            4.15781
          ],
          [
            0.04376,
            2.05528,
            6.51479
          ],
          [
            0.06802,
            6.30896,
            6.21513
          ],
          [
            4.09458,
            2.02455,
            6.20073
          ],
          [
            4.10709,
            6.29696,
            6.20683
          ],
          [
            2.06021,
            0.02343,
            6.20615
          ],
          [
            2.09644,
            4.14741,
            6.17629
          ],
          [
            6.2672,
            -0.00259,
            6.21922
          ],
          [
            6.27116,
            4.1104,
            6.32836
          ],
          [
            2.0825,
            0.0,
            0.0
          ],
          [
            2.0825,
            4.165,
            0.0
          ],
          [
            6.2475,
            0.0,
            0.0
          ],
          [
            6.2475,
            4.165,
            0.0
          ],
          [
            0.0,
            2.0825,
            0.0
          ],
          [
            0.0,
            6.2475,
            0.0
          ],
          [
            4.165,
            2.0825,
            0.0
          ],
          [
            4.165,
            6.2475,
            0.0
          ],
          [
            2.0825,
            2.0825,
            2.0825
          ],
          [
            2.0825,
            6.2475,
            2.0825
          ],
          [
            6.2475,
            2.0825,
            2.0825
          ],
          [
            6.2475,
            6.2475,
            2.0825
          ],
          [
            0.0,
            0.0,
            2.0825
          ],
          [
            0.0,
            4.165,
            2.0825
          ],
          [
            4.165,
            0.0,
            2.0825
          ],
          [
            4.165,
            4.165,
            2.0825
          ],
          [
            2.09194,
            -0.00256,
            4.17103
          ],
          [
            1.93848,
            4.16844,
            4.1703
          ],
          [
            6.25578,
            -0.00424,
            4.18091
          ],
          [
            8.29404,
            2.09215,
            4.06422
          ],
          [
            8.30315,
            6.23982,
            4.17642
          ],
          [
            4.19861,
            2.07312,
            4.17696
          ],
          [
            4.19493,
            6.25036,
            4.18135
          ],
          [
            2.12712,
            2.09005,
            6.2582
          ],
          [
            2.09427,
            6.24413,
            6.25931
          ],
          [
            6.18974,
            2.05581,
            6.33882
          ],
          [
            6.23976,
            6.23009,
            6.31924
          ],
          [
            8.32706,
            -0.04391,
            6.27311
          ],
          [
            0.00479,
            4.23493,
            6.3418
          ],
          [
            4.17576,
            8.31943,
            6.28179
          ],
          [
            4.19522,
            4.18255,
            6.39215
          ]
        ],
        "Stress": [
          [
            -50.45649,
            0.67203,
            -0.41705
          ],
          [
            0.67203,
            -51.17962,
            -0.20529
          ],
          [
            -0.41705,
            -0.20529,
            -25.77017
          ]
        ],
        "computation_code": "VASP",
        "pseudopotential_information": [
          [
            "PAW_PBE",
            "Ni",
            "02Aug2007"
          ],
          [
            "PAW_PBE",
            "Zr_sv",
            "04Jan2005"
          ],
          [
            "PAW_PBE",
            "O",
            "08Apr2002"
          ]
        ]
      }
    ],
    "EnergyStyle": "electronvolt",
    "ForcesStyle": "electronvoltperangstrom",
    "LatticeStyle": "angstrom",
    "PositionsStyle": "angstrom",
    "StressStyle": "kB"
  }
}