{
  "Dataset": {
    "AtomTypeStyle": "chemicalsymbol",
    "Data": [
      {
        "AtomTypes": [
          "Ni",
          "Ni",
          "Ni",
          "Ni",
          "Ni",
          "Ni",
          "Ni",
          "Ni",
          "Ni",
          "Ni",
          "Ni",
          "Ni",
          "Ni",
          "Ni",
          "Ni",
          "Ni",
          "Ni",
          "Ni",
          "Ni",
          "Ni",
          "Ni",
          "Ni",
          "Ni",
          "Zr",
          "Ni",
          "Ni",
          "Ni",
          "Ni",
          "Ni",
          "Ni",
          "Ni",
          "Ni",
          "O",
          "O",
          "O",
          "O",
          "O",
          "O",
          "O",
          "O",
          "O",
          "O",
          "O",
          "O",
          "O",
          "O",
          "O",
          "O",
          "O",
          "O",
          "O",
          "O",
          "O",
          "O",
          "O",
          "O",
          "O",
          "O",
          "O",
          "O",
          "O",
          "O",
          "O",
          "O",
          "O"
        ],
        "Energy": -353.13532396,
        "Forces": [
          [
            0.041792,
            0.041712,
            0.341007
          ],
          [
            0.038885,
            -0.011349,
            0.36147
          ],
          [
            -0.011413,
            0.039082,
            0.361136
          ],
          [
            -0.012917,
            -0.013279,
            0.339487
          ],
          [
            0.017963,
            0.01787,
            0.348821
          ],
          [
            0.019668,
            0.009958,
            0.376272
          ],
          [
            0.00996,
            0.019924,
            0.376474
          ],
          [
            0.014814,
            0.014507,
            0.237599
          ],
          [
            -0.067689,
            0.045614,
            -0.075474
          ],
          [
            0.340421,
            -0.017796,
            -0.249215
          ],
          [
            0.048888,
            -0.069726,
            -0.154737
          ],
          [
            -0.287126,
            0.028996,
            -0.460575
          ],
          [
            0.044531,
            -0.066954,
            -0.084451
          ],
          [
            -0.06929,
            0.048101,
            -0.152464
          ],
          [
            -0.017538,
            0.341152,
            -0.243602
          ],
          [
            0.030321,
            -0.286736,
            -0.469489
          ],
          [
            -0.000123,
            0.012487,
            0.048976
          ],
          [
            0.020399,
            -0.008657,
            0.039593
          ],
          [
            0.009737,
            0.026508,
            0.049687
          ],
          [
            -0.013753,
            -0.020436,
            -0.027497
          ],
          [
            -0.002984,
            0.001925,
            0.049199
          ],
          [
            -0.001416,
            0.000414,
            0.02411
          ],
          [
            0.006171,
            -0.004797,
            0.034185
          ],
          [
            0.026492,
            0.029915,
            0.074393
          ],
          [
            -0.009356,
            -0.022209,
            0.022543
          ],
          [
            -0.025747,
            -0.006182,
            -0.017105
          ],
          [
            0.007746,
            0.012654,
            -0.011351
          ],
          [
            -1.7e-05,
            0.017333,
            0.042042
          ],
          [
            -0.004684,
            0.002734,
            0.031761
          ],
          [
            0.0247,
            -0.00603,
            0.00323
          ],
          [
            -0.014324,
            -0.025306,
            -0.016483
          ],
          [
            0.031298,
            -0.026558,
            0.025313
          ],
          [
            -0.010267,
            -0.004316,
            -0.198613
          ],
          [
            0.004008,
            0.003003,
            -0.209581
          ],
          [
            0.007036,
            -0.047518,
            -0.154543
          ],
          [
            -0.004094,
            0.043043,
            -0.168349
          ],
          [
            -0.00414,
            -0.010469,
            -0.198033
          ],
          [
            -0.047457,
            0.007178,
            -0.154427
          ],
          [
            0.002871,
            0.003879,
            -0.209561
          ],
          [
            0.043115,
            -0.00395,
            -0.167318
          ],
          [
            -0.043413,
            -0.040886,
            -0.033095
          ],
          [
            -0.057327,
            0.010204,
            0.029323
          ],
          [
            0.013054,
            -0.060546,
            0.029064
          ],
          [
            0.133157,
            0.138013,
            0.165702
          ],
          [
            -0.062739,
            -0.060413,
            0.094
          ],
          [
            -0.048035,
            0.052481,
            0.043461
          ],
          [
            0.054198,
            -0.052311,
            0.042795
          ],
          [
            0.008088,
            0.011354,
            -0.057145
          ],
          [
            0.005796,
            0.009182,
            0.020056
          ],
          [
            0.004461,
            -0.0013,
            0.016651
          ],
          [
            0.003979,
            -0.001118,
            0.005796
          ],
          [
            0.007784,
            -0.014677,
            -0.03015
          ],
          [
            0.011373,
            0.007899,
            0.008136
          ],
          [
            -0.011042,
            0.003546,
            0.021172
          ],
          [
            -0.006861,
            0.007282,
            0.032026
          ],
          [
            -0.003984,
            0.006125,
            -0.047378
          ],
          [
            -0.018141,
            0.003411,
            -0.037579
          ],
          [
            -0.045395,
            -0.019666,
            -0.007805
          ],
          [
            -0.004675,
            -0.030284,
            -0.008278
          ],
          [
            0.002019,
            -0.009414,
            -0.007437
          ],
          [
            -0.009666,
            0.001054,
            -0.02248
          ],
          [
            -0.014606,
            -0.009761,
            -0.016251
          ],
          [
            -0.013356,
            -0.012045,
            -0.021074
          ],
          [
            -0.004844,
            -0.000913,
            -0.044778
          ],
          [
            -0.086306,
            -0.052936,
            0.060839
          ]
        ],
        "Lattice": [
          [
            8.33,
            0.0,
            0.0
          ],
          [
            0.0,
            8.33,
            0.0
          ],
          [
            0.0,
            0.0,
            20.227360776
          ]
        ],
        "NumAtoms": 65,
        "Positions": [
          [
            0.0,
            0.0,
            0.0
          ],
          [
            0.0,
            4.165,
            0.0
          ],
          [
            4.165,
            0.0,
            0.0
          ],
          [
            4.165,
            4.165,
            0.0
          ],
          [
            2.0825,
            2.0825,
            0.0
          ],
          [
            2.0825,
            6.2475,
            0.0
          ],
          [
            6.2475,
            2.0825,
            0.0
          ],
          [
            6.2475,
            6.2475,
            0.0
          ],
          [
            0.0,
            2.0825,
            2.0825
          ],
          [
            0.0,
            6.2475,
            2.0825
          ],
          [
            4.165,
            2.0825,
            2.0825
          ],
          [
            4.165,
            6.2475,
            2.0825
          ],
          [
            2.0825,
            0.0,
            2.0825
          ],
          [
            2.0825,
            4.165,
            2.0825
          ],
          [
            6.2475,
            0.0,
            2.0825
          ],
          [
            6.2475,
            4.165,
            2.0825
          ],
          [
            0.04129,
            0.04068,
            4.21592
          ],
          [
            0.01838,
            4.14531,
            4.22927
          ],
          [
            4.14392,
            0.01744,
            4.22877
          ],
          [
            4.12571,
            4.12576,
            4.17593
          ],
          [
            2.07705,
            2.07661,
            4.17345
          ],
          [
            2.12334,
            6.24584,
            4.23127
          ],
          [
            6.24522,
            2.12398,
            4.23117
          ],
          [
            6.19744,
            6.1972,
            4.4046
          ],
          [
            0.00441,
            2.13943,
            6.26369
          ],
          [
            0.1149,
            6.25927,
            6.36591
          ],
          [
            4.11024,
            2.04651,
            6.23155
          ],
          [
            3.95961,
            5.85168,
            7.09398
          ],
          [
            2.1367,
            0.00333,
            6.26198
          ],
          [
            2.04761,
            4.11249,
            6.23008
          ],
          [
            6.26058,
            0.11607,
            6.36546
          ],
          [
            5.84004,
            3.95288,
            7.10666
          ],
          [
            2.0825,
            0.0,
            0.0
          ],
          [
            2.0825,
            4.165,
            0.0
          ],
          [
            6.2475,
            0.0,
            0.0
          ],
          [
            6.2475,
            4.165,
            0.0
          ],
          [
            0.0,
            2.0825,
            0.0
          ],
          [
            0.0,
            6.2475,
            0.0
          ],
          [
            4.165,
            2.0825,
            0.0
          ],
          [
            4.165,
            6.2475,
            0.0
          ],
          [
            2.0825,
            2.0825,
            2.0825
          ],
          [
            2.0825,
            6.2475,
            2.0825
          ],
          [
            6.2475,
            2.0825,
            2.0825
          ],
          [
            6.2475,
            6.2475,
            2.0825
          ],
          [
            0.0,
            0.0,
            2.0825
          ],
          [
            0.0,
            4.165,
            2.0825
          ],
          [
            4.165,
            0.0,
            2.0825
          ],
          [
            4.165,
            4.165,
            2.0825
          ],
          [
            2.09306,
            -0.01349,
            4.16787
          ],
          [
            2.07125,
            4.17136,
            4.14421
          ],
          [
            6.25663,
            0.02853,
            4.17423
          ],
          [
            6.24822,
            4.15731,
            4.12136
          ],
          [
            8.31606,
            2.09317,
            4.1704
          ],
          [
            0.02921,
            6.25686,
            4.17292
          ],
          [
            4.17201,
            2.07042,
            4.1433
          ],
          [
            4.15644,
            6.24811,
            4.12412
          ],
          [
            2.05624,
            2.05401,
            6.23048
          ],
          [
            2.13712,
            6.25791,
            6.34103
          ],
          [
            6.25516,
            2.13654,
            6.34282
          ],
          [
            6.48423,
            6.48661,
            6.30204
          ],
          [
            0.06353,
            0.06265,
            6.27086
          ],
          [
            0.08439,
            4.19072,
            6.27931
          ],
          [
            4.18998,
            0.08079,
            6.28059
          ],
          [
            4.04838,
            4.04921,
            6.14422
          ],
          [
            5.12099,
            5.12365,
            8.28162
          ]
        ],
        "Stress": [
          [
            -44.79861,
            3.72164,
            -1.0734
          ],
          [
            3.72164,
            -44.88429,
            -1.04528
          ],
          [
            -1.0734,
            -1.04528,
            -26.31312
          ]
        ],
        "computation_code": "VASP",
        "pseudopotential_information": [
          [
            "PAW_PBE",
            "Ni",
            "02Aug2007"
          ],
          [
            "PAW_PBE",
            "Zr_sv",
            "04Jan2005"
          ],
          [
            "PAW_PBE",
            "O",
            "08Apr2002"
          ]
        ]
      }
    ],
    "EnergyStyle": "electronvolt",
    "ForcesStyle": "electronvoltperangstrom",
    "LatticeStyle": "angstrom",
    "PositionsStyle": "angstrom",
    "StressStyle": "kB"
  }
}