{
  "Dataset": {
    "AtomTypeStyle": "chemicalsymbol",
    "Data": [
      {
        "AtomTypes": [
          "Ni",
          "Ni",
          "Ni",
          "Ni",
          "Ni",
          "Ni",
          "Ni",
          "Ni",
          "Ni",
          "Ni",
          "Ni",
          "Ni",
          "Ni",
          "Ni",
          "Ni",
          "Ni",
          "Ni",
          "Ni",
          "Ni",
          "Ni",
          "Ni",
          "Ni",
          "Ni",
          "Zr",
          "Ni",
          "Ni",
          "Ni",
          "Ni",
          "Ni",
          "Ni",
          "Ni",
          "Ni",
          "O",
          "O",
          "O",
          "O",
          "O",
          "O",
          "O",
          "O",
          "O",
          "O",
          "O",
          "O",
          "O",
          "O",
          "O",
          "O",
          "O",
          "O",
          "O",
          "O",
          "O",
          "O",
          "O",
          "O",
          "O",
          "O",
          "O",
          "O",
          "O",
          "O",
          "O",
          "O",
          "O"
        ],
        "Energy": -353.09699968,
        "Forces": [
          [
            0.041179,
            0.041558,
            0.340789
          ],
          [
            0.038251,
            -0.011968,
            0.367777
          ],
          [
            -0.011454,
            0.038082,
            0.368611
          ],
          [
            -0.014213,
            -0.013844,
            0.327402
          ],
          [
            0.015135,
            0.015439,
            0.350042
          ],
          [
            0.017353,
            0.0112,
            0.374063
          ],
          [
            0.011494,
            0.017058,
            0.37364
          ],
          [
            0.01639,
            0.016972,
            0.231699
          ],
          [
            -0.066503,
            0.051667,
            -0.084448
          ],
          [
            0.337949,
            -0.035024,
            -0.248095
          ],
          [
            0.028423,
            -0.124869,
            -0.142116
          ],
          [
            -0.297327,
            0.056929,
            -0.524664
          ],
          [
            0.055343,
            -0.068994,
            -0.065612
          ],
          [
            -0.123988,
            0.029269,
            -0.145019
          ],
          [
            -0.035666,
            0.338527,
            -0.250267
          ],
          [
            0.053477,
            -0.294651,
            -0.5231
          ],
          [
            -0.042218,
            -0.050233,
            0.037787
          ],
          [
            0.000112,
            0.074824,
            -0.052881
          ],
          [
            0.050293,
            -0.027663,
            -0.065086
          ],
          [
            0.025353,
            0.03398,
            0.140135
          ],
          [
            0.036417,
            0.030408,
            0.026551
          ],
          [
            0.005686,
            0.03013,
            0.026999
          ],
          [
            0.017054,
            -0.008707,
            0.033505
          ],
          [
            0.054341,
            0.071907,
            0.10124
          ],
          [
            -0.000237,
            -0.057777,
            0.009586
          ],
          [
            -0.026446,
            0.015404,
            0.063566
          ],
          [
            -0.019728,
            0.023123,
            0.074592
          ],
          [
            0.068523,
            -0.125137,
            0.085351
          ],
          [
            -0.071437,
            0.002633,
            -0.011061
          ],
          [
            0.017462,
            -0.007925,
            0.043259
          ],
          [
            0.013556,
            -0.027994,
            0.056927
          ],
          [
            -0.105249,
            0.023993,
            0.044074
          ],
          [
            -0.011197,
            -0.005078,
            -0.197817
          ],
          [
            0.011529,
            0.004721,
            -0.206831
          ],
          [
            0.008696,
            -0.048444,
            -0.157637
          ],
          [
            -0.009993,
            0.04481,
            -0.166509
          ],
          [
            -0.005302,
            -0.010783,
            -0.198843
          ],
          [
            -0.048421,
            0.008368,
            -0.156722
          ],
          [
            0.004834,
            0.011933,
            -0.206045
          ],
          [
            0.044918,
            -0.010361,
            -0.166798
          ],
          [
            -0.041796,
            -0.049286,
            -0.032304
          ],
          [
            -0.068562,
            -0.001213,
            0.006694
          ],
          [
            -0.00769,
            -0.061932,
            0.00473
          ],
          [
            0.13238,
            0.129357,
            0.157872
          ],
          [
            -0.053199,
            -0.061227,
            0.0836
          ],
          [
            -0.048847,
            0.038948,
            0.034273
          ],
          [
            0.03321,
            -0.042341,
            0.035344
          ],
          [
            -0.016328,
            -0.02019,
            -0.113813
          ],
          [
            0.015145,
            0.034202,
            -0.049156
          ],
          [
            0.039807,
            0.018866,
            -0.080319
          ],
          [
            0.005379,
            0.012414,
            -0.01675
          ],
          [
            0.032415,
            0.001191,
            0.019713
          ],
          [
            0.027504,
            0.02156,
            -0.021292
          ],
          [
            0.025448,
            0.001708,
            -0.030033
          ],
          [
            0.024288,
            0.042437,
            -0.10569
          ],
          [
            0.008551,
            0.02807,
            0.04133
          ],
          [
            -0.040488,
            -0.068038,
            0.002527
          ],
          [
            0.029314,
            0.056777,
            0.049849
          ],
          [
            0.027774,
            0.04254,
            0.054629
          ],
          [
            -0.130481,
            -0.138943,
            -0.072866
          ],
          [
            -0.001671,
            -0.02928,
            0.026614
          ],
          [
            0.031396,
            0.02405,
            0.000419
          ],
          [
            -0.000225,
            0.019732,
            0.003192
          ],
          [
            0.018761,
            0.016479,
            0.003477
          ],
          [
            -0.126473,
            -0.079363,
            0.089916
          ]
        ],
        "Lattice": [
          [
            8.33,
            0.0,
            0.0
          ],
          [
            0.0,
            8.33,
            0.0
          ],
          [
            0.0,
            0.0,
            20.227360776
          ]
        ],
        "NumAtoms": 65,
        "Positions": [
          [
            0.0,
            0.0,
            0.0
          ],
          [
            0.0,
            4.165,
            0.0
          ],
          [
            4.165,
            0.0,
            0.0
          ],
          [
            4.165,
            4.165,
            0.0
          ],
          [
            2.0825,
            2.0825,
            0.0
          ],
          [
            2.0825,
            6.2475,
            0.0
          ],
          [
            6.2475,
            2.0825,
            0.0
          ],
          [
            6.2475,
            6.2475,
            0.0
          ],
          [
            0.0,
            2.0825,
            2.0825
          ],
          [
            0.0,
            6.2475,
            2.0825
          ],
          [
            4.165,
            2.0825,
            2.0825
          ],
          [
            4.165,
            6.2475,
            2.0825
          ],
          [
            2.0825,
            0.0,
            2.0825
          ],
          [
            2.0825,
            4.165,
            2.0825
          ],
          [
            6.2475,
            0.0,
            2.0825
          ],
          [
            6.2475,
            4.165,
            2.0825
          ],
          [
            0.04214,
            0.04253,
            4.21301
          ],
          [
            0.01024,
            4.13216,
            4.23657
          ],
          [
            4.13485,
            0.01231,
            4.23808
          ],
          [
            4.11201,
            4.1119,
            4.15357
          ],
          [
            2.06775,
            2.06806,
            4.17653
          ],
          [
            2.11552,
            6.23662,
            4.2221
          ],
          [
            6.23819,
            2.11739,
            4.22114
          ],
          [
            6.19051,
            6.18986,
            4.39445
          ],
          [
            0.0046,
            2.13888,
            6.26302
          ],
          [
            0.12007,
            6.26191,
            6.34282
          ],
          [
            4.11691,
            2.04828,
            6.22228
          ],
          [
            3.98257,
            5.89586,
            7.03251
          ],
          [
            2.13895,
            0.00492,
            6.26698
          ],
          [
            2.04832,
            4.11553,
            6.22624
          ],
          [
            6.26445,
            0.12268,
            6.34433
          ],
          [
            5.88519,
            3.97629,
            7.05047
          ],
          [
            2.0825,
            0.0,
            0.0
          ],
          [
            2.0825,
            4.165,
            0.0
          ],
          [
            6.2475,
            0.0,
            0.0
          ],
          [
            6.2475,
            4.165,
            0.0
          ],
          [
            0.0,
            2.0825,
            0.0
          ],
          [
            0.0,
            6.2475,
            0.0
          ],
          [
            4.165,
            2.0825,
            0.0
          ],
          [
            4.165,
            6.2475,
            0.0
          ],
          [
            2.0825,
            2.0825,
            2.0825
          ],
          [
            2.0825,
            6.2475,
            2.0825
          ],
          [
            6.2475,
            2.0825,
            2.0825
          ],
          [
            6.2475,
            6.2475,
            2.0825
          ],
          [
            0.0,
            0.0,
            2.0825
          ],
          [
            0.0,
            4.165,
            2.0825
          ],
          [
            4.165,
            0.0,
            2.0825
          ],
          [
            4.165,
            4.165,
            2.0825
          ],
          [
            2.08914,
            -0.02093,
            4.17546
          ],
          [
            2.0559,
            4.1611,
            4.14945
          ],
          [
            6.25043,
            0.0231,
            4.16655
          ],
          [
            6.24009,
            4.14984,
            4.11229
          ],
          [
            8.31025,
            2.08777,
            4.16977
          ],
          [
            0.02131,
            6.25052,
            4.1689
          ],
          [
            4.16097,
            2.05616,
            4.15173
          ],
          [
            4.14933,
            6.24129,
            4.11077
          ],
          [
            2.0627,
            2.06439,
            6.22912
          ],
          [
            2.12655,
            6.24351,
            6.31623
          ],
          [
            6.24671,
            2.12724,
            6.31548
          ],
          [
            6.51168,
            6.51552,
            6.28201
          ],
          [
            0.0732,
            0.07597,
            6.25903
          ],
          [
            0.06066,
            4.18177,
            6.2814
          ],
          [
            4.18436,
            0.06001,
            6.28372
          ],
          [
            4.05301,
            4.05393,
            6.12043
          ],
          [
            5.16274,
            5.16585,
            8.20938
          ]
        ],
        "Stress": [
          [
            -44.2865,
            3.72783,
            -1.15935
          ],
          [
            3.72783,
            -44.28411,
            -1.10702
          ],
          [
            -1.15935,
            -1.10702,
            -24.4794
          ]
        ],
        "computation_code": "VASP",
        "pseudopotential_information": [
          [
            "PAW_PBE",
            "Ni",
            "02Aug2007"
          ],
          [
            "PAW_PBE",
            "Zr_sv",
            "04Jan2005"
          ],
          [
            "PAW_PBE",
            "O",
            "08Apr2002"
          ]
        ]
      }
    ],
    "EnergyStyle": "electronvolt",
    "ForcesStyle": "electronvoltperangstrom",
    "LatticeStyle": "angstrom",
    "PositionsStyle": "angstrom",
    "StressStyle": "kB"
  }
}