{
  "Dataset": {
    "AtomTypeStyle": "chemicalsymbol",
    "Data": [
      {
        "AtomTypes": [
          "Ni",
          "Ni",
          "Ni",
          "Ni",
          "Ni",
          "Ni",
          "Ni",
          "Ni",
          "Ni",
          "Ni",
          "Ni",
          "Ni",
          "Ni",
          "Ni",
          "Ni",
          "Ni",
          "Ni",
          "Ni",
          "Ni",
          "Ni",
          "Ni",
          "Ni",
          "Ni",
          "Ni",
          "Ni",
          "Ni",
          "Ni",
          "Ni",
          "Ni",
          "Ni",
          "Ni",
          "Zr",
          "O",
          "O",
          "O",
          "O",
          "O",
          "O",
          "O",
          "O",
          "O",
          "O",
          "O",
          "O",
          "O",
          "O",
          "O",
          "O",
          "O",
          "O",
          "O",
          "O",
          "O",
          "O",
          "O",
          "O",
          "O",
          "O",
          "O",
          "O",
          "O",
          "O",
          "O",
          "O",
          "O"
        ],
        "Energy": -355.41778614,
        "Forces": [
          [
            0.005667,
            0.009473,
            0.333787
          ],
          [
            -0.002267,
            0.019254,
            0.356322
          ],
          [
            0.022821,
            0.019461,
            0.336776
          ],
          [
            0.029952,
            0.009253,
            0.353678
          ],
          [
            0.019461,
            0.022821,
            0.336776
          ],
          [
            0.009473,
            0.005667,
            0.333787
          ],
          [
            0.009253,
            0.029952,
            0.353678
          ],
          [
            0.019254,
            -0.002267,
            0.356322
          ],
          [
            -0.034081,
            0.027199,
            -0.200843
          ],
          [
            -0.045813,
            -0.045813,
            -0.138357
          ],
          [
            0.022789,
            0.022789,
            -0.138883
          ],
          [
            0.027199,
            -0.034081,
            -0.200843
          ],
          [
            -0.000595,
            -0.000595,
            -0.15013
          ],
          [
            -0.01135,
            -0.011635,
            -0.088646
          ],
          [
            -0.011635,
            -0.01135,
            -0.088646
          ],
          [
            0.000582,
            0.000582,
            -0.082268
          ],
          [
            0.003165,
            0.001243,
            0.014781
          ],
          [
            0.002979,
            -0.000366,
            0.000167
          ],
          [
            -0.000435,
            0.000629,
            0.016551
          ],
          [
            -0.001091,
            0.000615,
            0.000143
          ],
          [
            0.000629,
            -0.000435,
            0.016551
          ],
          [
            0.001243,
            0.003165,
            0.014781
          ],
          [
            0.000615,
            -0.001091,
            0.000143
          ],
          [
            -0.000366,
            0.002979,
            0.000167
          ],
          [
            0.000877,
            0.002491,
            0.002297
          ],
          [
            0.004935,
            0.004935,
            0.000305
          ],
          [
            -0.003248,
            -0.003248,
            -0.0005
          ],
          [
            0.002491,
            0.000877,
            0.002297
          ],
          [
            0.002424,
            0.002424,
            0.011777
          ],
          [
            0.000759,
            -0.000755,
            0.010935
          ],
          [
            -0.000755,
            0.000759,
            0.010935
          ],
          [
            -9e-06,
            -9e-06,
            0.020278
          ],
          [
            -0.002275,
            -0.002275,
            -0.178259
          ],
          [
            0.000595,
            0.000413,
            -0.189599
          ],
          [
            0.000413,
            0.000595,
            -0.189599
          ],
          [
            -0.001832,
            -0.001832,
            -0.23386
          ],
          [
            0.010446,
            -0.013251,
            -0.155831
          ],
          [
            0.013045,
            0.013045,
            -0.174265
          ],
          [
            -0.01133,
            -0.01133,
            -0.175604
          ],
          [
            -0.013251,
            0.010446,
            -0.155831
          ],
          [
            -0.00424,
            -0.020536,
            -0.03956
          ],
          [
            -0.019209,
            -0.00478,
            -0.043221
          ],
          [
            -0.019357,
            -0.117297,
            -0.047055
          ],
          [
            -0.002871,
            0.088763,
            -0.041493
          ],
          [
            -0.00478,
            -0.019209,
            -0.043221
          ],
          [
            0.088763,
            -0.002871,
            -0.041493
          ],
          [
            -0.020536,
            -0.00424,
            -0.03956
          ],
          [
            -0.117297,
            -0.019357,
            -0.047055
          ],
          [
            0.001618,
            0.001618,
            0.008633
          ],
          [
            0.001902,
            0.002542,
            -0.012145
          ],
          [
            0.002542,
            0.001902,
            -0.012145
          ],
          [
            0.001423,
            0.001423,
            -0.003469
          ],
          [
            0.001078,
            0.002175,
            -0.000266
          ],
          [
            0.001439,
            0.001439,
            0.0073
          ],
          [
            0.002571,
            0.002571,
            0.006209
          ],
          [
            0.002175,
            0.001078,
            -0.000266
          ],
          [
            0.000664,
            0.001965,
            0.001694
          ],
          [
            0.003345,
            0.001645,
            0.002034
          ],
          [
            0.007542,
            0.006095,
            0.00118
          ],
          [
            -0.003485,
            -0.002559,
            0.003593
          ],
          [
            0.001645,
            0.003345,
            0.002034
          ],
          [
            -0.002559,
            -0.003485,
            0.003593
          ],
          [
            0.001965,
            0.000664,
            0.001694
          ],
          [
            0.006095,
            0.007542,
            0.00118
          ],
          [
            -0.001166,
            -0.001166,
            -0.009467
          ]
        ],
        "Lattice": [
          [
            8.33,
            0.0,
            0.0
          ],
          [
            0.0,
            8.33,
            0.0
          ],
          [
            0.0,
            0.0,
            20.227360776
          ]
        ],
        "NumAtoms": 65,
        "Positions": [
          [
            0.0,
            0.0,
            0.0
          ],
          [
            0.0,
            4.165,
            0.0
          ],
          [
            4.165,
            0.0,
            0.0
          ],
          [
            4.165,
            4.165,
            0.0
          ],
          [
            2.0825,
            2.0825,
            0.0
          ],
          [
            2.0825,
            6.2475,
            0.0
          ],
          [
            6.2475,
            2.0825,
            0.0
          ],
          [
            6.2475,
            6.2475,
            0.0
          ],
          [
            0.0,
            2.0825,
            2.0825
          ],
          [
            0.0,
            6.2475,
            2.0825
          ],
          [
            4.165,
            2.0825,
            2.0825
          ],
          [
            4.165,
            6.2475,
            2.0825
          ],
          [
            2.0825,
            0.0,
            2.0825
          ],
          [
            2.0825,
            4.165,
            2.0825
          ],
          [
            6.2475,
            0.0,
            2.0825
          ],
          [
            6.2475,
            4.165,
            2.0825
          ],
          [
            -0.00986,
            -0.00425,
            4.16412
          ],
          [
            -0.02554,
            4.15912,
            4.18158
          ],
          [
            4.16618,
            8.32427,
            4.16791
          ],
          [
            4.18227,
            4.16153,
            4.17863
          ],
          [
            2.07677,
            2.08368,
            4.16791
          ],
          [
            2.07825,
            6.23764,
            4.16412
          ],
          [
            6.24403,
            2.09977,
            4.17863
          ],
          [
            6.24162,
            6.22196,
            4.18158
          ],
          [
            0.03591,
            2.03637,
            6.22209
          ],
          [
            0.03096,
            6.27846,
            6.21834
          ],
          [
            4.11649,
            2.03399,
            6.21572
          ],
          [
            4.11887,
            6.28341,
            6.22209
          ],
          [
            2.07238,
            8.31988,
            6.22061
          ],
          [
            2.07565,
            4.15796,
            6.23944
          ],
          [
            6.24046,
            8.32315,
            6.23944
          ],
          [
            6.23891,
            4.15641,
            6.84889
          ],
          [
            2.0825,
            0.0,
            0.0
          ],
          [
            2.0825,
            4.165,
            0.0
          ],
          [
            6.2475,
            0.0,
            0.0
          ],
          [
            6.2475,
            4.165,
            0.0
          ],
          [
            0.0,
            2.0825,
            0.0
          ],
          [
            0.0,
            6.2475,
            0.0
          ],
          [
            4.165,
            2.0825,
            0.0
          ],
          [
            4.165,
            6.2475,
            0.0
          ],
          [
            2.0825,
            2.0825,
            2.0825
          ],
          [
            2.0825,
            6.2475,
            2.0825
          ],
          [
            6.2475,
            2.0825,
            2.0825
          ],
          [
            6.2475,
            6.2475,
            2.0825
          ],
          [
            0.0,
            0.0,
            2.0825
          ],
          [
            0.0,
            4.165,
            2.0825
          ],
          [
            4.165,
            0.0,
            2.0825
          ],
          [
            4.165,
            4.165,
            2.0825
          ],
          [
            2.08001,
            -0.00249,
            4.16178
          ],
          [
            2.07795,
            4.16051,
            4.17345
          ],
          [
            6.24301,
            -0.00455,
            4.17345
          ],
          [
            6.24376,
            4.16126,
            4.13076
          ],
          [
            8.32268,
            2.07785,
            4.18006
          ],
          [
            -0.00478,
            6.24272,
            4.1746
          ],
          [
            4.16199,
            2.07949,
            4.17384
          ],
          [
            4.16035,
            6.24018,
            4.18006
          ],
          [
            2.07596,
            2.06552,
            6.25372
          ],
          [
            2.07518,
            6.25019,
            6.24968
          ],
          [
            6.24076,
            2.02966,
            6.26935
          ],
          [
            6.24115,
            6.28651,
            6.27233
          ],
          [
            0.00269,
            -0.00732,
            6.24968
          ],
          [
            0.03901,
            4.15865,
            6.27233
          ],
          [
            4.14802,
            8.32346,
            6.25372
          ],
          [
            4.11216,
            4.15826,
            6.26935
          ],
          [
            6.23903,
            4.15653,
            8.62983
          ]
        ],
        "Stress": [
          [
            -49.70203,
            -0.20411,
            -0.09681
          ],
          [
            -0.20411,
            -49.70203,
            -0.09645
          ],
          [
            -0.09681,
            -0.09645,
            -26.7248
          ]
        ],
        "computation_code": "VASP",
        "pseudopotential_information": [
          [
            "PAW_PBE",
            "Ni",
            "02Aug2007"
          ],
          [
            "PAW_PBE",
            "Zr_sv",
            "04Jan2005"
          ],
          [
            "PAW_PBE",
            "O",
            "08Apr2002"
          ]
        ]
      }
    ],
    "EnergyStyle": "electronvolt",
    "ForcesStyle": "electronvoltperangstrom",
    "LatticeStyle": "angstrom",
    "PositionsStyle": "angstrom",
    "StressStyle": "kB"
  }
}