{
  "Dataset": {
    "AtomTypeStyle": "chemicalsymbol",
    "Data": [
      {
        "AtomTypes": [
          "Ni",
          "Ni",
          "Ni",
          "Ni",
          "Ni",
          "Ni",
          "Ni",
          "Ni",
          "Ni",
          "Ni",
          "Ni",
          "Ni",
          "Ni",
          "Ni",
          "Ni",
          "Ni",
          "Ni",
          "Ni",
          "Ni",
          "Ni",
          "Ni",
          "Ni",
          "Ni",
          "Ni",
          "Ni",
          "Ni",
          "Ni",
          "Ni",
          "Ni",
          "Ni",
          "Ni",
          "Zr",
          "O",
          "O",
          "O",
          "O",
          "O",
          "O",
          "O",
          "O",
          "O",
          "O",
          "O",
          "O",
          "O",
          "O",
          "O",
          "O",
          "O",
          "O",
          "O",
          "O",
          "O",
          "O",
          "O",
          "O",
          "O",
          "O",
          "O",
          "O",
          "O",
          "O",
          "O",
          "O",
          "O"
        ],
        "Energy": -351.89470164,
        "Forces": [
          [
            0.02649,
            0.019611,
            0.378231
          ],
          [
            0.032987,
            0.010953,
            0.349262
          ],
          [
            0.003826,
            0.005518,
            0.380603
          ],
          [
            -0.001416,
            0.021446,
            0.345943
          ],
          [
            0.005518,
            0.003826,
            0.380603
          ],
          [
            0.019611,
            0.02649,
            0.378231
          ],
          [
            0.021446,
            -0.001416,
            0.345943
          ],
          [
            0.010953,
            0.032987,
            0.349262
          ],
          [
            0.039364,
            -0.048589,
            -0.361779
          ],
          [
            0.04456,
            0.04456,
            -0.104728
          ],
          [
            -0.064732,
            -0.064732,
            -0.102017
          ],
          [
            -0.048589,
            0.039364,
            -0.361779
          ],
          [
            -0.001542,
            -0.001542,
            -0.110272
          ],
          [
            -0.009541,
            -0.006133,
            -0.181556
          ],
          [
            -0.006133,
            -0.009541,
            -0.181556
          ],
          [
            0.007905,
            0.007905,
            -0.216314
          ],
          [
            0.034428,
            -0.037005,
            -0.188502
          ],
          [
            0.402333,
            -0.012622,
            -0.438228
          ],
          [
            -0.004084,
            0.029911,
            -0.195928
          ],
          [
            -0.427772,
            -0.017342,
            -0.348412
          ],
          [
            0.029911,
            -0.004084,
            -0.195928
          ],
          [
            -0.037005,
            0.034428,
            -0.188502
          ],
          [
            -0.017342,
            -0.427772,
            -0.348412
          ],
          [
            -0.012622,
            0.402333,
            -0.438228
          ],
          [
            0.381167,
            -0.144576,
            -0.468712
          ],
          [
            0.27538,
            0.27538,
            -0.330331
          ],
          [
            -0.238596,
            -0.238596,
            -0.250267
          ],
          [
            -0.144576,
            0.381167,
            -0.468712
          ],
          [
            0.037224,
            0.037224,
            -0.257622
          ],
          [
            0.030335,
            -0.000584,
            -0.349875
          ],
          [
            -0.000584,
            0.030335,
            -0.349875
          ],
          [
            -0.063507,
            -0.063507,
            8.315232
          ],
          [
            0.003503,
            0.003503,
            -0.180237
          ],
          [
            0.004517,
            -0.00173,
            -0.160608
          ],
          [
            -0.00173,
            0.004517,
            -0.160608
          ],
          [
            -0.001329,
            -0.001329,
            -0.110679
          ],
          [
            -0.014837,
            0.019946,
            -0.208491
          ],
          [
            -0.016157,
            -0.016157,
            -0.185334
          ],
          [
            0.018717,
            0.018717,
            -0.188789
          ],
          [
            0.019946,
            -0.014837,
            -0.208491
          ],
          [
            0.102636,
            0.013239,
            -0.011941
          ],
          [
            -0.125737,
            -0.03093,
            -0.013934
          ],
          [
            -0.133565,
            0.085486,
            0.060963
          ],
          [
            0.112088,
            -0.089249,
            0.083297
          ],
          [
            -0.03093,
            -0.125737,
            -0.013934
          ],
          [
            -0.089249,
            0.112088,
            0.083297
          ],
          [
            0.013239,
            0.102636,
            -0.011941
          ],
          [
            0.085486,
            -0.133565,
            0.060963
          ],
          [
            -0.052742,
            -0.052742,
            0.201805
          ],
          [
            -0.038817,
            -0.005144,
            0.328933
          ],
          [
            -0.005144,
            -0.038817,
            0.328933
          ],
          [
            -0.008903,
            -0.008903,
            -3.132379
          ],
          [
            -0.089931,
            0.063066,
            0.563991
          ],
          [
            -0.11194,
            -0.11194,
            0.336532
          ],
          [
            0.081913,
            0.081913,
            0.2459
          ],
          [
            0.063066,
            -0.089931,
            0.563991
          ],
          [
            0.452306,
            0.108777,
            0.316891
          ],
          [
            -0.585863,
            -0.059571,
            0.303137
          ],
          [
            -0.491862,
            -2.378516,
            -0.461308
          ],
          [
            0.464995,
            2.543833,
            -0.369483
          ],
          [
            -0.059571,
            -0.585863,
            0.303137
          ],
          [
            2.543833,
            0.464995,
            -0.369483
          ],
          [
            0.108777,
            0.452306,
            0.316891
          ],
          [
            -2.378516,
            -0.491862,
            -0.461308
          ],
          [
            -0.1636,
            -0.1636,
            -2.635486
          ]
        ],
        "Lattice": [
          [
            8.33,
            0.0,
            0.0
          ],
          [
            0.0,
            8.33,
            0.0
          ],
          [
            0.0,
            0.0,
            20.227360776
          ]
        ],
        "NumAtoms": 65,
        "Positions": [
          [
            0.0,
            0.0,
            0.0
          ],
          [
            0.0,
            4.165,
            0.0
          ],
          [
            4.165,
            0.0,
            0.0
          ],
          [
            4.165,
            4.165,
            0.0
          ],
          [
            2.0825,
            2.0825,
            0.0
          ],
          [
            2.0825,
            6.2475,
            0.0
          ],
          [
            6.2475,
            2.0825,
            0.0
          ],
          [
            6.2475,
            6.2475,
            0.0
          ],
          [
            0.0,
            2.0825,
            2.0825
          ],
          [
            0.0,
            6.2475,
            2.0825
          ],
          [
            4.165,
            2.0825,
            2.0825
          ],
          [
            4.165,
            6.2475,
            2.0825
          ],
          [
            2.0825,
            0.0,
            2.0825
          ],
          [
            2.0825,
            4.165,
            2.0825
          ],
          [
            6.2475,
            0.0,
            2.0825
          ],
          [
            6.2475,
            4.165,
            2.0825
          ],
          [
            0.00024,
            0.01656,
            4.18877
          ],
          [
            0.01322,
            4.15283,
            4.18313
          ],
          [
            4.15754,
            8.30721,
            4.19065
          ],
          [
            4.1503,
            4.17159,
            4.17344
          ],
          [
            2.05971,
            2.07504,
            4.19065
          ],
          [
            2.09906,
            6.24774,
            4.18877
          ],
          [
            6.25409,
            2.0678,
            4.17344
          ],
          [
            6.23533,
            6.26072,
            4.18313
          ],
          [
            8.31608,
            2.06769,
            6.38751
          ],
          [
            0.01561,
            6.26311,
            6.27509
          ],
          [
            4.12343,
            2.04093,
            6.26973
          ],
          [
            4.15019,
            6.23358,
            6.38751
          ],
          [
            2.06456,
            8.31206,
            6.2434
          ],
          [
            2.06758,
            4.15099,
            6.24947
          ],
          [
            6.23349,
            8.31508,
            6.24947
          ],
          [
            6.23198,
            4.14948,
            6.23535
          ],
          [
            2.0825,
            0.0,
            0.0
          ],
          [
            2.0825,
            4.165,
            0.0
          ],
          [
            6.2475,
            0.0,
            0.0
          ],
          [
            6.2475,
            4.165,
            0.0
          ],
          [
            0.0,
            2.0825,
            0.0
          ],
          [
            0.0,
            6.2475,
            0.0
          ],
          [
            4.165,
            2.0825,
            0.0
          ],
          [
            4.165,
            6.2475,
            0.0
          ],
          [
            2.0825,
            2.0825,
            2.0825
          ],
          [
            2.0825,
            6.2475,
            2.0825
          ],
          [
            6.2475,
            2.0825,
            2.0825
          ],
          [
            6.2475,
            6.2475,
            2.0825
          ],
          [
            0.0,
            0.0,
            2.0825
          ],
          [
            0.0,
            4.165,
            2.0825
          ],
          [
            4.165,
            0.0,
            2.0825
          ],
          [
            4.165,
            4.165,
            2.0825
          ],
          [
            2.08485,
            0.00235,
            4.16742
          ],
          [
            2.08289,
            4.16238,
            4.16179
          ],
          [
            6.24488,
            0.00039,
            4.16179
          ],
          [
            6.24873,
            4.16623,
            4.23555
          ],
          [
            8.31414,
            2.08619,
            4.09883
          ],
          [
            8.32679,
            6.24429,
            4.17061
          ],
          [
            4.16861,
            2.08611,
            4.17305
          ],
          [
            4.16869,
            6.23164,
            4.09883
          ],
          [
            2.02813,
            2.07933,
            6.23569
          ],
          [
            2.11319,
            6.22405,
            6.23839
          ],
          [
            6.26115,
            2.11777,
            6.27027
          ],
          [
            6.21464,
            6.17857,
            6.25466
          ],
          [
            8.30655,
            0.03069,
            6.23839
          ],
          [
            8.26107,
            4.13214,
            6.25466
          ],
          [
            4.16183,
            8.27563,
            6.23569
          ],
          [
            4.20027,
            4.17865,
            6.27027
          ],
          [
            6.2475,
            4.165,
            8.27024
          ]
        ],
        "Stress": [
          [
            -75.15851,
            -1.85363,
            -0.07477
          ],
          [
            -1.85363,
            -75.15851,
            -0.06916
          ],
          [
            -0.07477,
            -0.06916,
            -81.03244
          ]
        ],
        "computation_code": "VASP",
        "pseudopotential_information": [
          [
            "PAW_PBE",
            "Ni",
            "02Aug2007"
          ],
          [
            "PAW_PBE",
            "Zr_sv",
            "04Jan2005"
          ],
          [
            "PAW_PBE",
            "O",
            "08Apr2002"
          ]
        ]
      }
    ],
    "EnergyStyle": "electronvolt",
    "ForcesStyle": "electronvoltperangstrom",
    "LatticeStyle": "angstrom",
    "PositionsStyle": "angstrom",
    "StressStyle": "kB"
  }
}