{
  "Dataset": {
    "AtomTypeStyle": "chemicalsymbol",
    "Data": [
      {
        "AtomTypes": [
          "Ni",
          "Ni",
          "Ni",
          "Ni",
          "Ni",
          "Ni",
          "Ni",
          "Ni",
          "Ni",
          "Ni",
          "Ni",
          "Ni",
          "Ni",
          "Ni",
          "Ni",
          "Ni",
          "Ni",
          "Ni",
          "Ni",
          "Ni",
          "Ni",
          "Ni",
          "Ni",
          "Zr",
          "Ni",
          "Ni",
          "Ni",
          "Ni",
          "Ni",
          "Ni",
          "Ni",
          "O",
          "O",
          "O",
          "O",
          "O",
          "O",
          "O",
          "O",
          "O",
          "O",
          "O",
          "O",
          "O",
          "O",
          "O",
          "O",
          "O",
          "O",
          "O",
          "O",
          "O",
          "O",
          "O",
          "O",
          "O",
          "O",
          "O",
          "O",
          "O",
          "O",
          "O",
          "O"
        ],
        "Energy": -343.64304121,
        "Forces": [
          [
            0.041399,
            0.061168,
            0.343538
          ],
          [
            0.041524,
            -0.02918,
            0.358578
          ],
          [
            -0.011719,
            0.055504,
            0.351971
          ],
          [
            -0.014425,
            -0.02541,
            0.361686
          ],
          [
            0.017911,
            0.025297,
            0.375979
          ],
          [
            0.021806,
            0.005489,
            0.354398
          ],
          [
            0.011899,
            0.021713,
            0.385868
          ],
          [
            0.00796,
            0.007307,
            0.224416
          ],
          [
            -0.024256,
            0.017472,
            -0.00379
          ],
          [
            0.267719,
            -0.017035,
            -0.302681
          ],
          [
            0.020681,
            0.011603,
            -0.002848
          ],
          [
            -0.292011,
            -0.012067,
            -0.519768
          ],
          [
            0.006306,
            0.038419,
            -0.071832
          ],
          [
            -0.001679,
            -0.031033,
            -0.145087
          ],
          [
            -0.013516,
            0.274541,
            -0.243334
          ],
          [
            -0.011919,
            -0.387515,
            -0.550062
          ],
          [
            0.000212,
            0.008736,
            0.00459
          ],
          [
            -0.010171,
            0.008936,
            -0.007117
          ],
          [
            0.000775,
            -0.000176,
            -0.006129
          ],
          [
            0.015859,
            0.016945,
            -0.011236
          ],
          [
            -0.003266,
            -0.001309,
            0.010977
          ],
          [
            0.000495,
            -0.003163,
            0.00288
          ],
          [
            0.004484,
            0.002858,
            -0.014701
          ],
          [
            0.008321,
            -0.03398,
            0.000365
          ],
          [
            -0.000919,
            0.002906,
            -0.015966
          ],
          [
            0.005998,
            0.003699,
            0.000693
          ],
          [
            -0.000545,
            0.004713,
            0.050717
          ],
          [
            0.007376,
            0.015643,
            -0.013794
          ],
          [
            -0.00156,
            0.014081,
            -0.004107
          ],
          [
            -0.006233,
            0.000358,
            -0.001724
          ],
          [
            0.004499,
            -0.022039,
            -0.005066
          ],
          [
            -0.005376,
            -0.027177,
            -0.206158
          ],
          [
            -0.003589,
            0.026963,
            -0.230761
          ],
          [
            0.004535,
            -0.055866,
            -0.163977
          ],
          [
            0.003615,
            0.062176,
            -0.183595
          ],
          [
            -0.009196,
            -0.009002,
            -0.19911
          ],
          [
            -0.041621,
            0.010935,
            -0.118074
          ],
          [
            0.007992,
            -0.007407,
            -0.20203
          ],
          [
            0.041527,
            0.009911,
            -0.143173
          ],
          [
            -0.00953,
            -0.058886,
            0.004181
          ],
          [
            -0.113224,
            0.039463,
            0.043595
          ],
          [
            -0.013545,
            -0.123225,
            0.011655
          ],
          [
            0.088064,
            0.057421,
            0.241823
          ],
          [
            -0.069349,
            -0.135241,
            0.120854
          ],
          [
            -0.045452,
            0.104507,
            0.059124
          ],
          [
            0.04037,
            -0.034448,
            0.091188
          ],
          [
            0.01211,
            0.002045,
            0.023074
          ],
          [
            -0.000353,
            0.012296,
            -0.005519
          ],
          [
            -0.002905,
            0.004865,
            -0.003509
          ],
          [
            0.002442,
            0.0244,
            0.0009
          ],
          [
            -0.000182,
            0.02137,
            -0.000695
          ],
          [
            0.003028,
            -0.003133,
            -0.008222
          ],
          [
            0.008606,
            0.009514,
            -0.018148
          ],
          [
            -0.004329,
            -0.002514,
            -0.030559
          ],
          [
            -0.006089,
            0.010037,
            -0.014295
          ],
          [
            -0.005172,
            -0.001428,
            0.006673
          ],
          [
            -0.002976,
            -0.005168,
            -0.00824
          ],
          [
            0.02157,
            0.006346,
            0.003505
          ],
          [
            -0.004904,
            0.010028,
            0.02335
          ],
          [
            -0.004973,
            0.005567,
            -0.011593
          ],
          [
            -0.000217,
            0.001703,
            0.007735
          ],
          [
            0.012667,
            -0.010463,
            -0.005898
          ],
          [
            0.003456,
            0.019925,
            0.00848
          ]
        ],
        "Lattice": [
          [
            8.33,
            0.0,
            0.0
          ],
          [
            0.0,
            8.33,
            0.0
          ],
          [
            0.0,
            0.0,
            20.227360776
          ]
        ],
        "NumAtoms": 63,
        "Positions": [
          [
            0.0,
            0.0,
            0.0
          ],
          [
            0.0,
            4.165,
            0.0
          ],
          [
            4.165,
            0.0,
            0.0
          ],
          [
            4.165,
            4.165,
            0.0
          ],
          [
            2.0825,
            2.0825,
            0.0
          ],
          [
            2.0825,
            6.2475,
            0.0
          ],
          [
            6.2475,
            2.0825,
            0.0
          ],
          [
            6.2475,
            6.2475,
            0.0
          ],
          [
            0.0,
            2.0825,
            2.0825
          ],
          [
            0.0,
            6.2475,
            2.0825
          ],
          [
            4.165,
            2.0825,
            2.0825
          ],
          [
            4.165,
            6.2475,
            2.0825
          ],
          [
            2.0825,
            0.0,
            2.0825
          ],
          [
            2.0825,
            4.165,
            2.0825
          ],
          [
            6.2475,
            0.0,
            2.0825
          ],
          [
            6.2475,
            4.165,
            2.0825
          ],
          [
            0.03043,
            0.03608,
            4.22818
          ],
          [
            0.03661,
            4.11848,
            4.23026
          ],
          [
            4.13152,
            0.03028,
            4.22602
          ],
          [
            4.12218,
            4.12247,
            4.22283
          ],
          [
            2.08261,
            2.08163,
            4.20997
          ],
          [
            2.08876,
            6.25096,
            4.20977
          ],
          [
            6.24827,
            2.08675,
            4.23868
          ],
          [
            6.21614,
            6.13377,
            4.40253
          ],
          [
            8.2458,
            2.18792,
            6.32706
          ],
          [
            0.04843,
            6.20204,
            6.37116
          ],
          [
            4.244,
            2.2043,
            6.32076
          ],
          [
            4.11087,
            6.21268,
            6.44264
          ],
          [
            2.07894,
            0.03005,
            6.26171
          ],
          [
            2.08092,
            4.16299,
            6.24186
          ],
          [
            6.23524,
            0.03933,
            6.32361
          ],
          [
            2.0825,
            0.0,
            0.0
          ],
          [
            2.0825,
            4.165,
            0.0
          ],
          [
            6.2475,
            0.0,
            0.0
          ],
          [
            6.2475,
            4.165,
            0.0
          ],
          [
            0.0,
            2.0825,
            0.0
          ],
          [
            0.0,
            6.2475,
            0.0
          ],
          [
            4.165,
            2.0825,
            0.0
          ],
          [
            4.165,
            6.2475,
            0.0
          ],
          [
            2.0825,
            2.0825,
            2.0825
          ],
          [
            2.0825,
            6.2475,
            2.0825
          ],
          [
            6.2475,
            2.0825,
            2.0825
          ],
          [
            6.2475,
            6.2475,
            2.0825
          ],
          [
            0.0,
            0.0,
            2.0825
          ],
          [
            0.0,
            4.165,
            2.0825
          ],
          [
            4.165,
            0.0,
            2.0825
          ],
          [
            4.165,
            4.165,
            2.0825
          ],
          [
            2.08087,
            -0.00906,
            4.16325
          ],
          [
            2.08001,
            4.17604,
            4.12938
          ],
          [
            6.24579,
            -0.04277,
            4.16028
          ],
          [
            6.24608,
            4.12516,
            4.0986
          ],
          [
            8.32828,
            2.0747,
            4.18015
          ],
          [
            -0.00442,
            6.24641,
            4.20903
          ],
          [
            4.16656,
            2.07386,
            4.18828
          ],
          [
            4.15326,
            6.2455,
            4.12736
          ],
          [
            2.09137,
            2.06364,
            6.2691
          ],
          [
            2.1037,
            6.30385,
            6.27796
          ],
          [
            6.23565,
            1.95041,
            6.26975
          ],
          [
            6.21495,
            6.37397,
            6.38169
          ],
          [
            0.01277,
            -0.04387,
            6.28754
          ],
          [
            0.14357,
            4.21218,
            6.25192
          ],
          [
            4.13833,
            8.25307,
            6.28694
          ],
          [
            4.01779,
            4.24386,
            6.24218
          ]
        ],
        "Stress": [
          [
            -44.11499,
            -0.35562,
            -0.04988
          ],
          [
            -0.35562,
            -45.49036,
            0.24846
          ],
          [
            -0.04988,
            0.24846,
            -26.38076
          ]
        ],
        "computation_code": "VASP",
        "pseudopotential_information": [
          [
            "PAW_PBE",
            "Ni",
            "02Aug2007"
          ],
          [
            "PAW_PBE",
            "Zr_sv",
            "04Jan2005"
          ],
          [
            "PAW_PBE",
            "O",
            "08Apr2002"
          ]
        ]
      }
    ],
    "EnergyStyle": "electronvolt",
    "ForcesStyle": "electronvoltperangstrom",
    "LatticeStyle": "angstrom",
    "PositionsStyle": "angstrom",
    "StressStyle": "kB"
  }
}