{
  "Dataset": {
    "AtomTypeStyle": "chemicalsymbol",
    "Data": [
      {
        "AtomTypes": [
          "Ni",
          "Ni",
          "Ni",
          "Ni",
          "Ni",
          "Ni",
          "Ni",
          "Ni",
          "Ni",
          "Ni",
          "Ni",
          "Ni",
          "Ni",
          "Ni",
          "Ni",
          "Ni",
          "Ni",
          "Ni",
          "Ni",
          "Ni",
          "Ni",
          "Ni",
          "Ni",
          "Ni",
          "Ni",
          "Ni",
          "Ni",
          "Ni",
          "Ni",
          "Ni",
          "Zr",
          "O",
          "O",
          "O",
          "O",
          "O",
          "O",
          "O",
          "O",
          "O",
          "O",
          "O",
          "O",
          "O",
          "O",
          "O",
          "O",
          "O",
          "O",
          "O",
          "O",
          "O",
          "O",
          "O",
          "O",
          "O",
          "O",
          "O",
          "O",
          "O",
          "O",
          "O",
          "O"
        ],
        "Energy": -344.06625623,
        "Forces": [
          [
            -0.048665,
            -0.069555,
            0.316589
          ],
          [
            -0.036156,
            0.098022,
            0.273195
          ],
          [
            0.075846,
            -0.06961,
            0.318443
          ],
          [
            0.066966,
            0.09952,
            0.272498
          ],
          [
            0.014309,
            -0.00775,
            0.294886
          ],
          [
            0.016756,
            0.036366,
            0.322571
          ],
          [
            0.013765,
            -0.0131,
            0.277141
          ],
          [
            0.014472,
            0.043514,
            0.729049
          ],
          [
            -0.002013,
            -0.090333,
            -0.197225
          ],
          [
            -0.688453,
            0.05648,
            0.199361
          ],
          [
            -0.018139,
            -0.099613,
            -0.198368
          ],
          [
            0.681549,
            0.066869,
            0.220519
          ],
          [
            -0.011511,
            -0.060968,
            -0.14032
          ],
          [
            -0.01324,
            0.039237,
            -0.284926
          ],
          [
            -0.013095,
            -0.772713,
            0.20988
          ],
          [
            -0.011286,
            0.771305,
            -0.181619
          ],
          [
            -0.011886,
            -0.002783,
            0.012327
          ],
          [
            -0.02369,
            0.004626,
            0.012091
          ],
          [
            0.020343,
            -0.009949,
            0.009264
          ],
          [
            0.034731,
            0.003057,
            0.011004
          ],
          [
            -0.001395,
            -0.004105,
            0.002174
          ],
          [
            0.003388,
            -0.002834,
            0.015357
          ],
          [
            0.001819,
            0.010995,
            0.014132
          ],
          [
            -0.010027,
            0.022247,
            0.008179
          ],
          [
            -0.003882,
            0.022329,
            0.046075
          ],
          [
            -0.001123,
            -0.003739,
            -0.001356
          ],
          [
            0.016245,
            0.013183,
            0.033635
          ],
          [
            -0.000522,
            0.003424,
            -0.017217
          ],
          [
            0.004548,
            -0.002462,
            -0.02401
          ],
          [
            0.002163,
            -0.005487,
            0.007951
          ],
          [
            -0.002628,
            0.006476,
            0.071529
          ],
          [
            -0.001614,
            0.059674,
            -0.144063
          ],
          [
            -0.000392,
            -0.059697,
            -0.107173
          ],
          [
            -0.000971,
            0.193277,
            -0.222638
          ],
          [
            -0.000503,
            -0.200838,
            -0.154407
          ],
          [
            0.030848,
            0.024997,
            -0.117167
          ],
          [
            0.161752,
            -0.028678,
            -0.226779
          ],
          [
            -0.032501,
            0.026103,
            -0.117307
          ],
          [
            -0.16412,
            -0.029298,
            -0.233282
          ],
          [
            -0.008924,
            0.052164,
            0.007057
          ],
          [
            -0.018684,
            -0.08022,
            -0.189638
          ],
          [
            -0.009149,
            0.101101,
            -0.061231
          ],
          [
            -0.016389,
            -0.114877,
            -1.024921
          ],
          [
            0.068447,
            0.117446,
            -0.021967
          ],
          [
            0.065386,
            -0.13744,
            -0.001349
          ],
          [
            -0.090164,
            0.116965,
            -0.024206
          ],
          [
            -0.078682,
            -0.145029,
            -0.003932
          ],
          [
            0.002589,
            -0.017783,
            -0.002148
          ],
          [
            0.00868,
            0.020545,
            -0.023508
          ],
          [
            -0.00126,
            -0.009433,
            -0.015945
          ],
          [
            0.000878,
            0.001856,
            -0.043418
          ],
          [
            -0.002247,
            -0.002195,
            0.027984
          ],
          [
            0.002576,
            0.006906,
            0.008915
          ],
          [
            0.001644,
            0.014256,
            0.004928
          ],
          [
            -0.003911,
            0.013395,
            0.000824
          ],
          [
            -0.010843,
            0.00141,
            -0.010412
          ],
          [
            0.001036,
            -0.0026,
            -0.007934
          ],
          [
            0.019582,
            -0.029367,
            -0.008373
          ],
          [
            0.005214,
            0.035223,
            0.005844
          ],
          [
            0.010615,
            0.022483,
            0.022097
          ],
          [
            0.033607,
            -0.02587,
            -0.002025
          ],
          [
            -0.007843,
            0.008115,
            0.03889
          ],
          [
            -0.033847,
            -0.015241,
            0.014479
          ]
        ],
        "Lattice": [
          [
            8.33,
            0.0,
            0.0
          ],
          [
            0.0,
            8.33,
            0.0
          ],
          [
            0.0,
            0.0,
            20.227360776
          ]
        ],
        "NumAtoms": 63,
        "Positions": [
          [
            0.0,
            0.0,
            0.0
          ],
          [
            0.0,
            4.165,
            0.0
          ],
          [
            4.165,
            0.0,
            0.0
          ],
          [
            4.165,
            4.165,
            0.0
          ],
          [
            2.0825,
            2.0825,
            0.0
          ],
          [
            2.0825,
            6.2475,
            0.0
          ],
          [
            6.2475,
            2.0825,
            0.0
          ],
          [
            6.2475,
            6.2475,
            0.0
          ],
          [
            0.0,
            2.0825,
            2.0825
          ],
          [
            0.0,
            6.2475,
            2.0825
          ],
          [
            4.165,
            2.0825,
            2.0825
          ],
          [
            4.165,
            6.2475,
            2.0825
          ],
          [
            2.0825,
            0.0,
            2.0825
          ],
          [
            2.0825,
            4.165,
            2.0825
          ],
          [
            6.2475,
            0.0,
            2.0825
          ],
          [
            6.2475,
            4.165,
            2.0825
          ],
          [
            -0.05977,
            -0.06974,
            4.1391
          ],
          [
            0.02717,
            4.20335,
            4.11893
          ],
          [
            4.20966,
            8.26056,
            4.14079
          ],
          [
            4.12461,
            4.20204,
            4.11661
          ],
          [
            2.07715,
            2.06132,
            4.16512
          ],
          [
            2.07726,
            6.25364,
            4.17021
          ],
          [
            6.24035,
            2.04242,
            4.14872
          ],
          [
            0.02945,
            2.00432,
            6.20291
          ],
          [
            0.02482,
            6.30504,
            6.18368
          ],
          [
            4.11084,
            2.00698,
            6.203
          ],
          [
            4.11938,
            6.30278,
            6.18404
          ],
          [
            2.07048,
            8.30755,
            6.20275
          ],
          [
            2.07096,
            4.16355,
            6.23454
          ],
          [
            6.23365,
            8.26594,
            6.18583
          ],
          [
            6.23843,
            4.2428,
            6.15352
          ],
          [
            2.0825,
            0.0,
            0.0
          ],
          [
            2.0825,
            4.165,
            0.0
          ],
          [
            6.2475,
            0.0,
            0.0
          ],
          [
            6.2475,
            4.165,
            0.0
          ],
          [
            0.0,
            2.0825,
            0.0
          ],
          [
            0.0,
            6.2475,
            0.0
          ],
          [
            4.165,
            2.0825,
            0.0
          ],
          [
            4.165,
            6.2475,
            0.0
          ],
          [
            2.0825,
            2.0825,
            2.0825
          ],
          [
            2.0825,
            6.2475,
            2.0825
          ],
          [
            6.2475,
            2.0825,
            2.0825
          ],
          [
            6.2475,
            6.2475,
            2.0825
          ],
          [
            0.0,
            0.0,
            2.0825
          ],
          [
            0.0,
            4.165,
            2.0825
          ],
          [
            4.165,
            0.0,
            2.0825
          ],
          [
            4.165,
            4.165,
            2.0825
          ],
          [
            2.07846,
            0.02179,
            4.17566
          ],
          [
            2.07638,
            4.12358,
            4.19874
          ],
          [
            6.2438,
            0.10124,
            4.19938
          ],
          [
            6.24238,
            4.09698,
            4.19218
          ],
          [
            8.32599,
            2.11068,
            4.18482
          ],
          [
            0.10474,
            6.21746,
            4.19777
          ],
          [
            4.16118,
            2.10631,
            4.18578
          ],
          [
            4.05211,
            6.21462,
            4.19641
          ],
          [
            2.07324,
            2.07344,
            6.2919
          ],
          [
            2.07406,
            6.23687,
            6.33608
          ],
          [
            6.23684,
            2.10799,
            6.39006
          ],
          [
            6.2362,
            6.23455,
            6.57209
          ],
          [
            8.31723,
            -0.00826,
            6.25544
          ],
          [
            0.00031,
            4.15655,
            6.32738
          ],
          [
            4.15768,
            8.32276,
            6.25091
          ],
          [
            4.14613,
            4.15359,
            6.32213
          ]
        ],
        "Stress": [
          [
            -48.56184,
            -0.13182,
            -0.08477
          ],
          [
            -0.13182,
            -50.24272,
            0.0529
          ],
          [
            -0.08477,
            0.0529,
            -25.90138
          ]
        ],
        "computation_code": "VASP",
        "pseudopotential_information": [
          [
            "PAW_PBE",
            "Ni",
            "02Aug2007"
          ],
          [
            "PAW_PBE",
            "Zr_sv",
            "04Jan2005"
          ],
          [
            "PAW_PBE",
            "O",
            "08Apr2002"
          ]
        ]
      }
    ],
    "EnergyStyle": "electronvolt",
    "ForcesStyle": "electronvoltperangstrom",
    "LatticeStyle": "angstrom",
    "PositionsStyle": "angstrom",
    "StressStyle": "kB"
  }
}