{
  "Dataset": {
    "AtomTypeStyle": "chemicalsymbol",
    "Data": [
      {
        "AtomTypes": [
          "Ni",
          "Ni",
          "Ni",
          "Ni",
          "Ni",
          "Ni",
          "Ni",
          "Ni",
          "Ni",
          "Ni",
          "Ni",
          "Ni",
          "Ni",
          "Ni",
          "Ni",
          "Ni",
          "Ni",
          "Ni",
          "Ni",
          "Ni",
          "Ni",
          "Ni",
          "Ni",
          "Zr",
          "Ni",
          "Ni",
          "Ni",
          "Ni",
          "Ni",
          "Ni",
          "Ni",
          "Ni",
          "O",
          "O",
          "O",
          "O",
          "O",
          "O",
          "O",
          "O",
          "O",
          "O",
          "O",
          "O",
          "O",
          "O",
          "O",
          "O",
          "O",
          "O",
          "O",
          "O",
          "O",
          "O",
          "O",
          "O",
          "O",
          "O",
          "O",
          "O",
          "O",
          "O",
          "O"
        ],
        "Energy": -337.23073579,
        "Forces": [
          [
            0.045641,
            0.049679,
            0.347801
          ],
          [
            0.049894,
            -0.020973,
            0.330013
          ],
          [
            -0.014928,
            0.042554,
            0.36178
          ],
          [
            -0.020079,
            -0.016918,
            0.345007
          ],
          [
            0.02347,
            0.005966,
            0.373496
          ],
          [
            0.026512,
            0.021646,
            0.373609
          ],
          [
            0.008331,
            0.002228,
            0.37414
          ],
          [
            -0.003222,
            0.024859,
            0.16724
          ],
          [
            0.009463,
            -0.028854,
            -0.035981
          ],
          [
            0.298149,
            0.018779,
            -0.29203
          ],
          [
            0.011106,
            -0.033662,
            -0.024422
          ],
          [
            -0.40479,
            0.003426,
            -0.609727
          ],
          [
            0.028466,
            -0.018791,
            -0.011439
          ],
          [
            0.02588,
            -0.005004,
            -0.029953
          ],
          [
            -0.01452,
            0.386326,
            -0.644114
          ],
          [
            -0.027153,
            -0.316723,
            -0.308574
          ],
          [
            0.012465,
            -0.003428,
            0.001086
          ],
          [
            0.010852,
            -0.006562,
            0.002953
          ],
          [
            -0.008077,
            -0.010032,
            0.01878
          ],
          [
            0.002175,
            0.02189,
            0.024029
          ],
          [
            -0.012957,
            -0.000164,
            -0.022252
          ],
          [
            0.028326,
            -0.001789,
            -0.002681
          ],
          [
            -0.002314,
            -0.009837,
            -0.004666
          ],
          [
            -0.033549,
            -0.012702,
            0.033633
          ],
          [
            0.011953,
            -0.011555,
            -0.002095
          ],
          [
            0.004694,
            -0.01275,
            -0.014255
          ],
          [
            0.008711,
            -0.000816,
            -0.002126
          ],
          [
            -0.00976,
            0.00353,
            -0.014235
          ],
          [
            0.000295,
            0.005052,
            -0.007698
          ],
          [
            0.010285,
            -0.006555,
            -0.002634
          ],
          [
            0.015691,
            0.001288,
            0.011733
          ],
          [
            0.017799,
            0.006717,
            -0.014787
          ],
          [
            -0.009209,
            -0.014711,
            -0.208887
          ],
          [
            -0.009079,
            0.013348,
            -0.196938
          ],
          [
            0.010495,
            -0.052726,
            -0.166203
          ],
          [
            0.010373,
            0.051018,
            -0.132303
          ],
          [
            -0.015238,
            0.009606,
            -0.19649
          ],
          [
            -0.047781,
            -0.011156,
            -0.130636
          ],
          [
            0.014408,
            0.010074,
            -0.208573
          ],
          [
            0.05532,
            -0.010671,
            -0.169943
          ],
          [
            -0.013997,
            -0.005011,
            0.034483
          ],
          [
            -0.158462,
            -0.029565,
            0.056806
          ],
          [
            0.008776,
            0.127633,
            0.049639
          ],
          [
            0.078181,
            -0.118354,
            0.256476
          ],
          [
            0.000994,
            -0.108449,
            0.096584
          ],
          [
            -0.098892,
            0.089893,
            0.129906
          ],
          [
            -0.026201,
            0.000239,
            0.045526
          ],
          [
            0.07653,
            -0.023714,
            0.091697
          ],
          [
            -0.017049,
            0.004852,
            -0.021669
          ],
          [
            0.003641,
            -0.00139,
            -0.002729
          ],
          [
            -0.011208,
            0.005996,
            -0.000781
          ],
          [
            -0.000849,
            0.003268,
            -0.010451
          ],
          [
            -0.0255,
            -0.00586,
            0.002452
          ],
          [
            0.024642,
            -0.003335,
            0.007677
          ],
          [
            -0.002153,
            0.011383,
            -0.017817
          ],
          [
            0.027013,
            0.007051,
            0.029819
          ],
          [
            0.013191,
            -0.007934,
            -0.013348
          ],
          [
            0.000246,
            -0.008487,
            -0.008766
          ],
          [
            0.020013,
            -0.018951,
            -0.00226
          ],
          [
            -0.00172,
            -0.006656,
            -0.000586
          ],
          [
            0.010206,
            -0.000763,
            0.011484
          ],
          [
            -0.017897,
            0.024202,
            -0.025257
          ],
          [
            0.002393,
            -0.007655,
            -0.020541
          ]
        ],
        "Lattice": [
          [
            8.33,
            0.0,
            0.0
          ],
          [
            0.0,
            8.33,
            0.0
          ],
          [
            0.0,
            0.0,
            20.227360776
          ]
        ],
        "NumAtoms": 63,
        "Positions": [
          [
            0.0,
            0.0,
            0.0
          ],
          [
            0.0,
            4.165,
            0.0
          ],
          [
            4.165,
            0.0,
            0.0
          ],
          [
            4.165,
            4.165,
            0.0
          ],
          [
            2.0825,
            2.0825,
            0.0
          ],
          [
            2.0825,
            6.2475,
            0.0
          ],
          [
            6.2475,
            2.0825,
            0.0
          ],
          [
            6.2475,
            6.2475,
            0.0
          ],
          [
            0.0,
            2.0825,
            2.0825
          ],
          [
            0.0,
            6.2475,
            2.0825
          ],
          [
            4.165,
            2.0825,
            2.0825
          ],
          [
            4.165,
            6.2475,
            2.0825
          ],
          [
            2.0825,
            0.0,
            2.0825
          ],
          [
            2.0825,
            4.165,
            2.0825
          ],
          [
            6.2475,
            0.0,
            2.0825
          ],
          [
            6.2475,
            4.165,
            2.0825
          ],
          [
            0.03875,
            0.0411,
            4.23056
          ],
          [
            0.03356,
            4.13084,
            4.21869
          ],
          [
            4.12796,
            0.03748,
            4.23429
          ],
          [
            4.1256,
            4.12608,
            4.22577
          ],
          [
            2.09062,
            2.07826,
            4.22139
          ],
          [
            2.07953,
            6.24406,
            4.24373
          ],
          [
            6.25442,
            2.08008,
            4.23774
          ],
          [
            6.17585,
            6.31712,
            4.37863
          ],
          [
            8.32012,
            2.04333,
            6.27474
          ],
          [
            -0.00809,
            6.236,
            6.36844
          ],
          [
            4.22058,
            2.02625,
            6.28401
          ],
          [
            4.59066,
            6.19379,
            6.51981
          ],
          [
            2.12837,
            8.25655,
            6.28448
          ],
          [
            2.11542,
            4.17475,
            6.27698
          ],
          [
            6.30461,
            8.02112,
            6.49306
          ],
          [
            6.26134,
            4.14404,
            6.35259
          ],
          [
            2.0825,
            0.0,
            0.0
          ],
          [
            2.0825,
            4.165,
            0.0
          ],
          [
            6.2475,
            0.0,
            0.0
          ],
          [
            6.2475,
            4.165,
            0.0
          ],
          [
            0.0,
            2.0825,
            0.0
          ],
          [
            0.0,
            6.2475,
            0.0
          ],
          [
            4.165,
            2.0825,
            0.0
          ],
          [
            4.165,
            6.2475,
            0.0
          ],
          [
            2.0825,
            2.0825,
            2.0825
          ],
          [
            2.0825,
            6.2475,
            2.0825
          ],
          [
            6.2475,
            2.0825,
            2.0825
          ],
          [
            6.2475,
            6.2475,
            2.0825
          ],
          [
            0.0,
            0.0,
            2.0825
          ],
          [
            0.0,
            4.165,
            2.0825
          ],
          [
            4.165,
            0.0,
            2.0825
          ],
          [
            4.165,
            4.165,
            2.0825
          ],
          [
            2.08327,
            -0.00889,
            4.17878
          ],
          [
            2.07994,
            4.16494,
            4.17523
          ],
          [
            6.249,
            0.02449,
            4.09223
          ],
          [
            6.24736,
            4.19605,
            4.18472
          ],
          [
            0.00588,
            2.08476,
            4.17356
          ],
          [
            -0.041,
            6.24838,
            4.19203
          ],
          [
            4.17497,
            2.08065,
            4.17672
          ],
          [
            4.13523,
            6.24578,
            4.09549
          ],
          [
            2.08931,
            2.0725,
            6.27362
          ],
          [
            1.98568,
            6.20828,
            6.27093
          ],
          [
            6.27553,
            2.12115,
            6.26671
          ],
          [
            0.05089,
            -0.01872,
            6.28015
          ],
          [
            0.0011,
            4.14546,
            6.27258
          ],
          [
            4.1664,
            -0.01644,
            6.27679
          ],
          [
            4.18252,
            4.10959,
            6.27925
          ]
        ],
        "Stress": [
          [
            -49.95523,
            0.17013,
            0.20364
          ],
          [
            0.17013,
            -50.6143,
            -0.46438
          ],
          [
            0.20364,
            -0.46438,
            -26.16898
          ]
        ],
        "computation_code": "VASP",
        "pseudopotential_information": [
          [
            "PAW_PBE",
            "Ni",
            "02Aug2007"
          ],
          [
            "PAW_PBE",
            "Zr_sv",
            "04Jan2005"
          ],
          [
            "PAW_PBE",
            "O",
            "08Apr2002"
          ]
        ]
      }
    ],
    "EnergyStyle": "electronvolt",
    "ForcesStyle": "electronvoltperangstrom",
    "LatticeStyle": "angstrom",
    "PositionsStyle": "angstrom",
    "StressStyle": "kB"
  }
}