{
  "Dataset": {
    "AtomTypeStyle": "chemicalsymbol",
    "Data": [
      {
        "AtomTypes": [
          "Ni",
          "Ni",
          "Ni",
          "Ni",
          "Ni",
          "Ni",
          "Ni",
          "Ni",
          "Ni",
          "Ni",
          "Ni",
          "Ni",
          "Ni",
          "Ni",
          "Ni",
          "Ni",
          "Ni",
          "Ni",
          "Ni",
          "Ni",
          "Ni",
          "Ni",
          "Zr",
          "Ni",
          "Ni",
          "Ni",
          "Ni",
          "Ni",
          "Ni",
          "Ni",
          "Ni",
          "O",
          "O",
          "O",
          "O",
          "O",
          "O",
          "O",
          "O",
          "O",
          "O",
          "O",
          "O",
          "O",
          "O",
          "O",
          "O",
          "O",
          "O",
          "O",
          "O",
          "O",
          "O",
          "O",
          "O",
          "O",
          "O",
          "O",
          "O",
          "O",
          "O",
          "O",
          "O"
        ],
        "Energy": -343.44617855,
        "Forces": [
          [
            0.089702,
            0.094282,
            0.304207
          ],
          [
            0.09843,
            -0.064451,
            0.314617
          ],
          [
            -0.060012,
            0.09738,
            0.309058
          ],
          [
            -0.06379,
            -0.064532,
            0.709507
          ],
          [
            0.080976,
            0.084132,
            0.379685
          ],
          [
            0.075309,
            -0.056751,
            0.346118
          ],
          [
            -0.053665,
            0.073188,
            0.351636
          ],
          [
            -0.043882,
            -0.041989,
            -0.0272
          ],
          [
            0.035743,
            0.039948,
            -0.089103
          ],
          [
            0.687215,
            -0.015857,
            -0.304484
          ],
          [
            -0.061054,
            0.692817,
            0.419037
          ],
          [
            -0.762364,
            -0.652788,
            -0.469954
          ],
          [
            0.018481,
            0.05105,
            -0.036263
          ],
          [
            0.688699,
            -0.066956,
            0.385856
          ],
          [
            -0.009413,
            0.694043,
            -0.354176
          ],
          [
            -0.62975,
            -0.794148,
            -0.396254
          ],
          [
            -0.063786,
            -0.134873,
            0.216385
          ],
          [
            -0.169533,
            0.04798,
            0.153644
          ],
          [
            0.005648,
            -0.058998,
            0.310903
          ],
          [
            0.220026,
            0.033364,
            0.128044
          ],
          [
            -0.222378,
            0.041725,
            0.055127
          ],
          [
            -0.087808,
            -0.195213,
            0.02593
          ],
          [
            0.316606,
            0.378003,
            0.612783
          ],
          [
            0.14485,
            -0.034773,
            -0.55704
          ],
          [
            0.0196,
            -0.028153,
            -0.000192
          ],
          [
            -0.073927,
            0.101825,
            -0.516853
          ],
          [
            -0.205904,
            0.201787,
            -0.24739
          ],
          [
            0.093735,
            0.112189,
            0.007379
          ],
          [
            0.152481,
            -0.066895,
            -0.067859
          ],
          [
            -0.0373,
            0.072023,
            0.036244
          ],
          [
            0.050832,
            -0.154917,
            0.185416
          ],
          [
            -0.045571,
            -0.052277,
            -0.17652
          ],
          [
            -0.161768,
            0.04942,
            -0.275883
          ],
          [
            0.043536,
            -0.134188,
            -0.054307
          ],
          [
            0.167477,
            0.130941,
            -0.115542
          ],
          [
            -0.048753,
            -0.047682,
            -0.192004
          ],
          [
            -0.130979,
            0.044965,
            -0.05652
          ],
          [
            0.046895,
            -0.163303,
            -0.28177
          ],
          [
            0.126001,
            0.169598,
            -0.125331
          ],
          [
            -0.112553,
            -0.131735,
            -0.126788
          ],
          [
            -0.094637,
            0.09939,
            -0.079435
          ],
          [
            0.072608,
            -0.063442,
            -0.080185
          ],
          [
            0.125361,
            0.073881,
            -0.181201
          ],
          [
            -0.168076,
            -0.204164,
            -0.07446
          ],
          [
            -0.243549,
            0.191626,
            -0.158865
          ],
          [
            0.151571,
            -0.231092,
            -0.219627
          ],
          [
            0.253784,
            0.229184,
            -1.057951
          ],
          [
            0.032965,
            0.013745,
            -0.162363
          ],
          [
            -0.027355,
            -0.063476,
            -0.13485
          ],
          [
            0.036686,
            -0.343507,
            -0.089665
          ],
          [
            0.225853,
            -0.239995,
            -0.059802
          ],
          [
            0.041423,
            0.080079,
            0.244856
          ],
          [
            -0.306213,
            0.006887,
            -0.124387
          ],
          [
            -0.070473,
            -0.004352,
            0.237407
          ],
          [
            -0.218889,
            0.26228,
            0.244922
          ],
          [
            0.447386,
            0.096819,
            -0.030632
          ],
          [
            0.010978,
            -0.082886,
            0.022439
          ],
          [
            -0.388077,
            0.111716,
            0.021685
          ],
          [
            0.01213,
            -0.063755,
            -0.134479
          ],
          [
            0.073019,
            -0.057735,
            0.112301
          ],
          [
            -0.004701,
            0.044467,
            0.083774
          ],
          [
            -0.046316,
            0.265776,
            0.13085
          ],
          [
            -0.033533,
            -0.371628,
            0.709524
          ]
        ],
        "Lattice": [
          [
            8.33,
            0.0,
            0.0
          ],
          [
            0.0,
            8.33,
            0.0
          ],
          [
            0.0,
            0.0,
            20.227360776
          ]
        ],
        "NumAtoms": 63,
        "Positions": [
          [
            0.0,
            0.0,
            0.0
          ],
          [
            0.0,
            4.165,
            0.0
          ],
          [
            4.165,
            0.0,
            0.0
          ],
          [
            4.165,
            4.165,
            0.0
          ],
          [
            2.0825,
            2.0825,
            0.0
          ],
          [
            2.0825,
            6.2475,
            0.0
          ],
          [
            6.2475,
            2.0825,
            0.0
          ],
          [
            6.2475,
            6.2475,
            0.0
          ],
          [
            0.0,
            2.0825,
            2.0825
          ],
          [
            0.0,
            6.2475,
            2.0825
          ],
          [
            4.165,
            2.0825,
            2.0825
          ],
          [
            4.165,
            6.2475,
            2.0825
          ],
          [
            2.0825,
            0.0,
            2.0825
          ],
          [
            2.0825,
            4.165,
            2.0825
          ],
          [
            6.2475,
            0.0,
            2.0825
          ],
          [
            6.2475,
            4.165,
            2.0825
          ],
          [
            0.04013,
            0.05257,
            4.17593
          ],
          [
            0.05032,
            4.11723,
            4.18892
          ],
          [
            4.12199,
            0.03759,
            4.17038
          ],
          [
            2.11632,
            2.13507,
            4.16731
          ],
          [
            2.1359,
            6.18681,
            4.17104
          ],
          [
            6.20098,
            2.12599,
            4.17708
          ],
          [
            6.14195,
            6.14411,
            4.19641
          ],
          [
            8.3143,
            2.09216,
            6.30475
          ],
          [
            0.04804,
            6.2328,
            6.27222
          ],
          [
            4.13762,
            2.12801,
            6.23966
          ],
          [
            4.1101,
            6.17293,
            6.32041
          ],
          [
            2.06822,
            8.31714,
            6.21617
          ],
          [
            2.12134,
            4.14934,
            6.17653
          ],
          [
            6.23226,
            0.03549,
            6.25978
          ],
          [
            6.1807,
            4.10563,
            6.2524
          ],
          [
            2.0825,
            0.0,
            0.0
          ],
          [
            2.0825,
            4.165,
            0.0
          ],
          [
            6.2475,
            0.0,
            0.0
          ],
          [
            6.2475,
            4.165,
            0.0
          ],
          [
            0.0,
            2.0825,
            0.0
          ],
          [
            0.0,
            6.2475,
            0.0
          ],
          [
            4.165,
            2.0825,
            0.0
          ],
          [
            4.165,
            6.2475,
            0.0
          ],
          [
            2.0825,
            2.0825,
            2.0825
          ],
          [
            2.0825,
            6.2475,
            2.0825
          ],
          [
            6.2475,
            2.0825,
            2.0825
          ],
          [
            6.2475,
            6.2475,
            2.0825
          ],
          [
            0.0,
            0.0,
            2.0825
          ],
          [
            0.0,
            4.165,
            2.0825
          ],
          [
            4.165,
            0.0,
            2.0825
          ],
          [
            4.165,
            4.165,
            2.0825
          ],
          [
            2.06573,
            -0.01514,
            4.18004
          ],
          [
            1.98758,
            4.17293,
            4.17796
          ],
          [
            6.26822,
            0.01506,
            4.17959
          ],
          [
            6.32116,
            4.15029,
            4.1871
          ],
          [
            8.30842,
            2.06638,
            4.15362
          ],
          [
            0.01357,
            6.27379,
            4.19089
          ],
          [
            4.17304,
            1.97975,
            4.17359
          ],
          [
            4.15248,
            6.30592,
            4.15617
          ],
          [
            2.01233,
            2.05747,
            6.27543
          ],
          [
            2.07298,
            6.24896,
            6.27026
          ],
          [
            6.28047,
            2.06415,
            6.2875
          ],
          [
            6.25032,
            6.25123,
            6.30055
          ],
          [
            8.29733,
            -0.01476,
            6.26533
          ],
          [
            8.29258,
            4.17239,
            6.28579
          ],
          [
            4.17509,
            8.2513,
            6.27572
          ],
          [
            4.18172,
            4.20691,
            6.37914
          ]
        ],
        "Stress": [
          [
            -48.88306,
            -0.90905,
            0.02586
          ],
          [
            -0.90905,
            -48.42167,
            -0.0521
          ],
          [
            0.02586,
            -0.0521,
            -24.12591
          ]
        ],
        "computation_code": "VASP",
        "pseudopotential_information": [
          [
            "PAW_PBE",
            "Ni",
            "02Aug2007"
          ],
          [
            "PAW_PBE",
            "Zr_sv",
            "04Jan2005"
          ],
          [
            "PAW_PBE",
            "O",
            "08Apr2002"
          ]
        ]
      }
    ],
    "EnergyStyle": "electronvolt",
    "ForcesStyle": "electronvoltperangstrom",
    "LatticeStyle": "angstrom",
    "PositionsStyle": "angstrom",
    "StressStyle": "kB"
  }
}