{
  "Dataset": {
    "AtomTypeStyle": "chemicalsymbol",
    "Data": [
      {
        "AtomTypes": [
          "Ni",
          "Ni",
          "Ni",
          "Ni",
          "Ni",
          "Ni",
          "Ni",
          "Ni",
          "Ni",
          "Ni",
          "Ni",
          "Ni",
          "Ni",
          "Ni",
          "Ni",
          "Ni",
          "Ni",
          "Ni",
          "Ni",
          "Ni",
          "Ni",
          "Ni",
          "Ni",
          "Zr",
          "Ni",
          "Ni",
          "Ni",
          "Ni",
          "Ni",
          "Ni",
          "Ni",
          "O",
          "O",
          "O",
          "O",
          "O",
          "O",
          "O",
          "O",
          "O",
          "O",
          "O",
          "O",
          "O",
          "O",
          "O",
          "O",
          "O",
          "O",
          "O",
          "O",
          "O",
          "O",
          "O",
          "O",
          "O",
          "O",
          "O",
          "O",
          "O",
          "O",
          "O",
          "O"
        ],
        "Energy": -343.43048475,
        "Forces": [
          [
            0.051141,
            0.080257,
            0.335631
          ],
          [
            0.051338,
            -0.050644,
            0.367156
          ],
          [
            -0.022254,
            0.071225,
            0.340679
          ],
          [
            -0.024197,
            -0.044415,
            0.372178
          ],
          [
            0.013428,
            0.027995,
            0.377078
          ],
          [
            0.020656,
            -0.000555,
            0.360506
          ],
          [
            0.014742,
            0.025969,
            0.409427
          ],
          [
            0.009283,
            0.005729,
            0.136501
          ],
          [
            -0.069702,
            0.06568,
            -0.22551
          ],
          [
            0.461489,
            -0.049033,
            -0.4386
          ],
          [
            0.043231,
            0.057104,
            -0.082614
          ],
          [
            -0.461467,
            -0.068444,
            -0.699979
          ],
          [
            0.004167,
            0.023031,
            -0.113298
          ],
          [
            0.003542,
            -0.035738,
            -0.08792
          ],
          [
            -0.009925,
            0.521784,
            -0.336453
          ],
          [
            -0.019956,
            -0.570478,
            -0.701189
          ],
          [
            -0.046222,
            -0.082391,
            0.275204
          ],
          [
            0.232572,
            0.012041,
            -0.203312
          ],
          [
            0.039664,
            -0.016508,
            0.171636
          ],
          [
            -0.247435,
            0.034601,
            -0.317894
          ],
          [
            0.016665,
            -0.093044,
            0.216035
          ],
          [
            -0.048516,
            0.085846,
            0.04155
          ],
          [
            0.063714,
            -0.36583,
            -0.188476
          ],
          [
            -0.008671,
            0.288572,
            0.772055
          ],
          [
            0.129356,
            -0.000663,
            -0.78496
          ],
          [
            0.081339,
            0.257746,
            0.188863
          ],
          [
            0.011809,
            0.145214,
            0.222677
          ],
          [
            -0.133543,
            0.368504,
            0.084234
          ],
          [
            -0.034066,
            0.170402,
            0.068773
          ],
          [
            -0.063905,
            -0.095632,
            -0.020597
          ],
          [
            0.081253,
            -0.704657,
            0.052027
          ],
          [
            -0.00345,
            -0.03632,
            -0.204888
          ],
          [
            -0.002469,
            0.0346,
            -0.232051
          ],
          [
            0.00232,
            -0.099937,
            -0.148845
          ],
          [
            0.003215,
            0.100463,
            -0.165263
          ],
          [
            -0.007851,
            -0.017122,
            -0.229447
          ],
          [
            -0.073259,
            0.015884,
            -0.111375
          ],
          [
            0.007513,
            -0.016594,
            -0.221296
          ],
          [
            0.071696,
            0.017176,
            -0.130746
          ],
          [
            0.018066,
            -0.059794,
            -0.09934
          ],
          [
            -0.094944,
            0.02998,
            -0.076298
          ],
          [
            -0.057752,
            -0.066768,
            -0.084067
          ],
          [
            0.086086,
            0.090126,
            0.000767
          ],
          [
            -0.073701,
            -0.194761,
            -0.033793
          ],
          [
            -0.075497,
            0.172325,
            0.044026
          ],
          [
            0.043998,
            -0.079687,
            -0.03993
          ],
          [
            0.045303,
            0.044875,
            0.033745
          ],
          [
            -0.004481,
            0.054329,
            -0.147422
          ],
          [
            -0.013606,
            -0.057146,
            -0.065939
          ],
          [
            -0.000952,
            -0.385854,
            -0.055385
          ],
          [
            -0.011091,
            0.185081,
            0.017706
          ],
          [
            -0.010323,
            0.133987,
            0.638008
          ],
          [
            -0.321447,
            -0.161478,
            0.091692
          ],
          [
            0.006241,
            0.11079,
            0.138309
          ],
          [
            0.255633,
            -0.115999,
            0.129491
          ],
          [
            -0.228627,
            0.050975,
            0.048819
          ],
          [
            0.016313,
            0.024172,
            0.056489
          ],
          [
            0.272034,
            0.319242,
            0.19317
          ],
          [
            -0.014098,
            0.320307,
            -0.265735
          ],
          [
            0.094754,
            0.20389,
            0.060981
          ],
          [
            0.332847,
            -0.468898,
            0.167218
          ],
          [
            -0.097579,
            -0.065731,
            0.030298
          ],
          [
            -0.304421,
            -0.145783,
            0.069691
          ]
        ],
        "Lattice": [
          [
            8.33,
            0.0,
            0.0
          ],
          [
            0.0,
            8.33,
            0.0
          ],
          [
            0.0,
            0.0,
            20.227360776
          ]
        ],
        "NumAtoms": 63,
        "Positions": [
          [
            0.0,
            0.0,
            0.0
          ],
          [
            0.0,
            4.165,
            0.0
          ],
          [
            4.165,
            0.0,
            0.0
          ],
          [
            4.165,
            4.165,
            0.0
          ],
          [
            2.0825,
            2.0825,
            0.0
          ],
          [
            2.0825,
            6.2475,
            0.0
          ],
          [
            6.2475,
            2.0825,
            0.0
          ],
          [
            6.2475,
            6.2475,
            0.0
          ],
          [
            0.0,
            2.0825,
            2.0825
          ],
          [
            0.0,
            6.2475,
            2.0825
          ],
          [
            4.165,
            2.0825,
            2.0825
          ],
          [
            4.165,
            6.2475,
            2.0825
          ],
          [
            2.0825,
            0.0,
            2.0825
          ],
          [
            2.0825,
            4.165,
            2.0825
          ],
          [
            6.2475,
            0.0,
            2.0825
          ],
          [
            6.2475,
            4.165,
            2.0825
          ],
          [
            0.03386,
            0.05786,
            4.18792
          ],
          [
            0.01532,
            4.10462,
            4.24729
          ],
          [
            4.12587,
            0.03283,
            4.18869
          ],
          [
            4.14469,
            4.11604,
            4.25105
          ],
          [
            2.06804,
            2.09004,
            4.18434
          ],
          [
            2.09489,
            6.23436,
            4.192
          ],
          [
            6.24985,
            2.1269,
            4.24757
          ],
          [
            6.22558,
            6.1474,
            4.30267
          ],
          [
            8.23244,
            2.16757,
            6.38986
          ],
          [
            0.01092,
            6.17316,
            6.30998
          ],
          [
            4.21614,
            2.1456,
            6.30443
          ],
          [
            4.14913,
            6.15827,
            6.39536
          ],
          [
            2.07163,
            8.31058,
            6.22902
          ],
          [
            2.07249,
            4.15875,
            6.23757
          ],
          [
            6.2301,
            0.05015,
            6.27141
          ],
          [
            2.0825,
            0.0,
            0.0
          ],
          [
            2.0825,
            4.165,
            0.0
          ],
          [
            6.2475,
            0.0,
            0.0
          ],
          [
            6.2475,
            4.165,
            0.0
          ],
          [
            0.0,
            2.0825,
            0.0
          ],
          [
            0.0,
            6.2475,
            0.0
          ],
          [
            4.165,
            2.0825,
            0.0
          ],
          [
            4.165,
            6.2475,
            0.0
          ],
          [
            2.0825,
            2.0825,
            2.0825
          ],
          [
            2.0825,
            6.2475,
            2.0825
          ],
          [
            6.2475,
            2.0825,
            2.0825
          ],
          [
            6.2475,
            6.2475,
            2.0825
          ],
          [
            0.0,
            0.0,
            2.0825
          ],
          [
            0.0,
            4.165,
            2.0825
          ],
          [
            4.165,
            0.0,
            2.0825
          ],
          [
            4.165,
            4.165,
            2.0825
          ],
          [
            2.0808,
            -0.0143,
            4.16019
          ],
          [
            2.08075,
            4.17292,
            4.13786
          ],
          [
            6.24443,
            0.00932,
            4.14113
          ],
          [
            6.24657,
            4.1273,
            4.0912
          ],
          [
            8.32436,
            2.0734,
            4.1132
          ],
          [
            0.02167,
            6.26444,
            4.1697
          ],
          [
            4.15768,
            2.0681,
            4.15421
          ],
          [
            4.1426,
            6.25328,
            4.10021
          ],
          [
            2.06779,
            2.04095,
            6.25582
          ],
          [
            2.10476,
            6.26599,
            6.25058
          ],
          [
            6.22373,
            1.93784,
            6.25225
          ],
          [
            6.21977,
            6.3319,
            6.31283
          ],
          [
            8.32366,
            -0.05711,
            6.24942
          ],
          [
            0.09927,
            4.21016,
            6.23553
          ],
          [
            4.14871,
            8.2356,
            6.24841
          ],
          [
            4.04074,
            4.21952,
            6.23927
          ]
        ],
        "Stress": [
          [
            -45.09367,
            -0.37707,
            0.18004
          ],
          [
            -0.37707,
            -44.58445,
            0.69295
          ],
          [
            0.18004,
            0.69295,
            -22.48325
          ]
        ],
        "computation_code": "VASP",
        "pseudopotential_information": [
          [
            "PAW_PBE",
            "Ni",
            "02Aug2007"
          ],
          [
            "PAW_PBE",
            "Zr_sv",
            "04Jan2005"
          ],
          [
            "PAW_PBE",
            "O",
            "08Apr2002"
          ]
        ]
      }
    ],
    "EnergyStyle": "electronvolt",
    "ForcesStyle": "electronvoltperangstrom",
    "LatticeStyle": "angstrom",
    "PositionsStyle": "angstrom",
    "StressStyle": "kB"
  }
}