{
  "Dataset": {
    "AtomTypeStyle": "chemicalsymbol",
    "Data": [
      {
        "AtomTypes": [
          "Ni",
          "Ni",
          "Ni",
          "Ni",
          "Ni",
          "Ni",
          "Ni",
          "Ni",
          "Ni",
          "Ni",
          "Ni",
          "Ni",
          "Ni",
          "Ni",
          "Ni",
          "Ni",
          "Ni",
          "Ni",
          "Ni",
          "Ni",
          "Ni",
          "Ni",
          "Ni",
          "Ni",
          "Ni",
          "Ni",
          "Ni",
          "Ni",
          "Ni",
          "Ni",
          "Ni",
          "Zr",
          "O",
          "O",
          "O",
          "O",
          "O",
          "O",
          "O",
          "O",
          "O",
          "O",
          "O",
          "O",
          "O",
          "O",
          "O",
          "O",
          "O",
          "O",
          "O",
          "O",
          "O",
          "O",
          "O",
          "O",
          "O",
          "O",
          "O",
          "O",
          "O",
          "O",
          "O"
        ],
        "Energy": -337.082219,
        "Forces": [
          [
            0.039299,
            0.013525,
            0.330825
          ],
          [
            0.052523,
            0.01448,
            0.284641
          ],
          [
            -0.01205,
            0.013065,
            0.402505
          ],
          [
            -0.026799,
            0.010706,
            0.375334
          ],
          [
            0.059208,
            -0.004025,
            0.361014
          ],
          [
            0.05976,
            0.031497,
            0.361273
          ],
          [
            -0.036331,
            -0.018012,
            0.307428
          ],
          [
            -0.035455,
            0.045468,
            0.310181
          ],
          [
            0.064369,
            -0.067525,
            -0.110499
          ],
          [
            0.067882,
            0.052112,
            -0.102262
          ],
          [
            -0.099844,
            -0.045088,
            -0.302523
          ],
          [
            -0.086067,
            0.020839,
            -0.216316
          ],
          [
            0.113397,
            -0.007485,
            -0.063951
          ],
          [
            0.114506,
            -0.005276,
            -0.172136
          ],
          [
            -0.125306,
            -0.014593,
            -0.178391
          ],
          [
            -0.188418,
            -0.013406,
            -0.347878
          ],
          [
            0.008278,
            0.003887,
            -0.002618
          ],
          [
            0.012935,
            -0.002306,
            -0.010768
          ],
          [
            0.007204,
            -0.006673,
            -0.018543
          ],
          [
            0.002345,
            0.000322,
            0.004173
          ],
          [
            -0.001491,
            0.008147,
            -0.003797
          ],
          [
            0.009141,
            0.003245,
            -0.00383
          ],
          [
            0.008534,
            -0.000703,
            -0.003048
          ],
          [
            0.002824,
            0.008659,
            -0.002272
          ],
          [
            0.018259,
            -0.00013,
            -0.017425
          ],
          [
            0.003775,
            0.011636,
            -0.006459
          ],
          [
            -0.003588,
            0.01125,
            0.007807
          ],
          [
            -0.004052,
            -0.018576,
            -0.012869
          ],
          [
            -0.006536,
            0.002208,
            -0.009465
          ],
          [
            0.008986,
            -0.007858,
            -0.012652
          ],
          [
            0.012544,
            0.000189,
            -0.009362
          ],
          [
            0.011418,
            0.006548,
            -0.003294
          ],
          [
            -0.048092,
            -0.000509,
            -0.196855
          ],
          [
            -0.050732,
            -0.00161,
            -0.173717
          ],
          [
            0.04514,
            0.000501,
            -0.153481
          ],
          [
            0.05515,
            -0.001204,
            -0.073356
          ],
          [
            -0.033354,
            0.024449,
            -0.166662
          ],
          [
            -0.032567,
            -0.027051,
            -0.167225
          ],
          [
            0.032027,
            0.022542,
            -0.273536
          ],
          [
            0.031194,
            -0.022439,
            -0.273631
          ],
          [
            -0.228185,
            0.011896,
            -0.012629
          ],
          [
            -0.219713,
            -0.039767,
            -0.00467
          ],
          [
            0.18936,
            0.115214,
            0.040012
          ],
          [
            0.185466,
            -0.133707,
            0.046305
          ],
          [
            -0.080312,
            -0.014569,
            0.075293
          ],
          [
            -0.1969,
            -0.010957,
            0.1586
          ],
          [
            0.048637,
            -0.024775,
            -0.039681
          ],
          [
            0.143389,
            0.000559,
            -0.021477
          ],
          [
            0.006327,
            0.008393,
            0.002725
          ],
          [
            0.004518,
            -0.000558,
            0.00698
          ],
          [
            0.004963,
            0.009896,
            0.005837
          ],
          [
            0.008079,
            -0.000452,
            0.007354
          ],
          [
            0.00201,
            0.005817,
            0.008136
          ],
          [
            0.003912,
            0.001388,
            0.009022
          ],
          [
            0.003671,
            0.003398,
            0.033686
          ],
          [
            0.001946,
            -0.006635,
            -0.014678
          ],
          [
            0.019791,
            0.008489,
            0.001176
          ],
          [
            0.022364,
            -0.004117,
            0.011328
          ],
          [
            -0.004084,
            -0.013438,
            0.003274
          ],
          [
            -0.00634,
            0.014456,
            0.002847
          ],
          [
            0.002774,
            -0.007269,
            0.004353
          ],
          [
            0.016937,
            0.006003,
            0.005023
          ],
          [
            0.021374,
            0.029927,
            0.014825
          ]
        ],
        "Lattice": [
          [
            8.33,
            0.0,
            0.0
          ],
          [
            0.0,
            8.33,
            0.0
          ],
          [
            0.0,
            0.0,
            20.227360776
          ]
        ],
        "NumAtoms": 63,
        "Positions": [
          [
            0.0,
            0.0,
            0.0
          ],
          [
            0.0,
            4.165,
            0.0
          ],
          [
            4.165,
            0.0,
            0.0
          ],
          [
            4.165,
            4.165,
            0.0
          ],
          [
            2.0825,
            2.0825,
            0.0
          ],
          [
            2.0825,
            6.2475,
            0.0
          ],
          [
            6.2475,
            2.0825,
            0.0
          ],
          [
            6.2475,
            6.2475,
            0.0
          ],
          [
            0.0,
            2.0825,
            2.0825
          ],
          [
            0.0,
            6.2475,
            2.0825
          ],
          [
            4.165,
            2.0825,
            2.0825
          ],
          [
            4.165,
            6.2475,
            2.0825
          ],
          [
            2.0825,
            0.0,
            2.0825
          ],
          [
            2.0825,
            4.165,
            2.0825
          ],
          [
            6.2475,
            0.0,
            2.0825
          ],
          [
            6.2475,
            4.165,
            2.0825
          ],
          [
            0.00479,
            -0.00456,
            4.19149
          ],
          [
            0.04015,
            4.16123,
            4.17136
          ],
          [
            4.15097,
            8.32774,
            4.23307
          ],
          [
            4.08026,
            4.15463,
            4.22057
          ],
          [
            2.10706,
            2.06629,
            4.19031
          ],
          [
            2.11213,
            6.25659,
            4.19256
          ],
          [
            6.20344,
            2.02353,
            4.15683
          ],
          [
            6.20761,
            6.29379,
            4.16206
          ],
          [
            0.05957,
            2.0076,
            6.23733
          ],
          [
            0.07287,
            6.29606,
            6.24182
          ],
          [
            4.12857,
            2.27518,
            6.38104
          ],
          [
            4.14596,
            6.03225,
            6.38874
          ],
          [
            2.17864,
            8.32159,
            6.25208
          ],
          [
            2.2646,
            4.15349,
            6.29772
          ],
          [
            6.16901,
            8.31969,
            6.26331
          ],
          [
            6.21476,
            4.1566,
            6.2787
          ],
          [
            2.0825,
            0.0,
            0.0
          ],
          [
            2.0825,
            4.165,
            0.0
          ],
          [
            6.2475,
            0.0,
            0.0
          ],
          [
            6.2475,
            4.165,
            0.0
          ],
          [
            0.0,
            2.0825,
            0.0
          ],
          [
            0.0,
            6.2475,
            0.0
          ],
          [
            4.165,
            2.0825,
            0.0
          ],
          [
            4.165,
            6.2475,
            0.0
          ],
          [
            2.0825,
            2.0825,
            2.0825
          ],
          [
            2.0825,
            6.2475,
            2.0825
          ],
          [
            6.2475,
            2.0825,
            2.0825
          ],
          [
            6.2475,
            6.2475,
            2.0825
          ],
          [
            0.0,
            0.0,
            2.0825
          ],
          [
            0.0,
            4.165,
            2.0825
          ],
          [
            4.165,
            0.0,
            2.0825
          ],
          [
            4.165,
            4.165,
            2.0825
          ],
          [
            2.06343,
            -0.00359,
            4.17521
          ],
          [
            2.04963,
            4.16137,
            4.17036
          ],
          [
            6.25903,
            -0.00487,
            4.18932
          ],
          [
            6.20915,
            4.16004,
            4.25014
          ],
          [
            8.2885,
            2.10605,
            4.18268
          ],
          [
            8.29121,
            6.21609,
            4.18509
          ],
          [
            4.17487,
            2.09133,
            4.08039
          ],
          [
            4.17729,
            6.23404,
            4.09156
          ],
          [
            2.02893,
            2.0674,
            6.2521
          ],
          [
            2.04916,
            6.24732,
            6.2526
          ],
          [
            6.28125,
            2.08793,
            6.33808
          ],
          [
            6.27969,
            6.23084,
            6.33986
          ],
          [
            8.31359,
            -0.01154,
            6.2659
          ],
          [
            8.28172,
            4.16245,
            6.37412
          ],
          [
            4.18244,
            0.00538,
            6.2656
          ]
        ],
        "Stress": [
          [
            -48.08722,
            0.08038,
            0.32672
          ],
          [
            0.08038,
            -50.93075,
            -0.06355
          ],
          [
            0.32672,
            -0.06355,
            -25.96232
          ]
        ],
        "computation_code": "VASP",
        "pseudopotential_information": [
          [
            "PAW_PBE",
            "Ni",
            "02Aug2007"
          ],
          [
            "PAW_PBE",
            "Zr_sv",
            "04Jan2005"
          ],
          [
            "PAW_PBE",
            "O",
            "08Apr2002"
          ]
        ]
      }
    ],
    "EnergyStyle": "electronvolt",
    "ForcesStyle": "electronvoltperangstrom",
    "LatticeStyle": "angstrom",
    "PositionsStyle": "angstrom",
    "StressStyle": "kB"
  }
}