{
  "Dataset": {
    "AtomTypeStyle": "chemicalsymbol",
    "Data": [
      {
        "AtomTypes": [
          "Ni",
          "Ni",
          "Ni",
          "Ni",
          "Ni",
          "Ni",
          "Ni",
          "Ni",
          "Ni",
          "Ni",
          "Ni",
          "Ni",
          "Ni",
          "Ni",
          "Ni",
          "Ni",
          "Ni",
          "Ni",
          "Ni",
          "Ni",
          "Ni",
          "Ni",
          "Ni",
          "Zr",
          "Ni",
          "Ni",
          "Ni",
          "Ni",
          "Ni",
          "Ni",
          "Ni",
          "Ni",
          "O",
          "O",
          "O",
          "O",
          "O",
          "O",
          "O",
          "O",
          "O",
          "O",
          "O",
          "O",
          "O",
          "O",
          "O",
          "O",
          "O",
          "O",
          "O",
          "O",
          "O",
          "O",
          "O",
          "O",
          "O",
          "O",
          "O",
          "O",
          "O",
          "O",
          "O",
          "O"
        ],
        "Energy": -346.96136246,
        "Forces": [
          [
            0.024161,
            0.033917,
            0.352229
          ],
          [
            0.032541,
            -0.003448,
            0.327244
          ],
          [
            0.002209,
            0.025147,
            0.369783
          ],
          [
            -0.004395,
            0.003699,
            0.348949
          ],
          [
            0.024852,
            0.003247,
            0.353016
          ],
          [
            0.031032,
            0.026174,
            0.360871
          ],
          [
            0.003438,
            -0.003207,
            0.363884
          ],
          [
            -0.006598,
            0.034756,
            0.292716
          ],
          [
            -0.031918,
            -0.037948,
            -0.100057
          ],
          [
            0.086422,
            0.028799,
            -0.19317
          ],
          [
            0.01452,
            -0.021329,
            -0.117771
          ],
          [
            -0.199993,
            0.024168,
            -0.762065
          ],
          [
            0.008281,
            -0.02551,
            -0.108897
          ],
          [
            0.022371,
            0.020895,
            -0.112262
          ],
          [
            -0.036455,
            0.189734,
            -0.757835
          ],
          [
            -0.044405,
            -0.10362,
            -0.197294
          ],
          [
            0.025301,
            0.020518,
            0.002098
          ],
          [
            0.011619,
            -0.02218,
            -0.013736
          ],
          [
            -0.009119,
            0.002143,
            0.010407
          ],
          [
            0.004421,
            -0.009302,
            0.017083
          ],
          [
            -0.00278,
            -0.009112,
            -0.014939
          ],
          [
            0.019163,
            -0.002363,
            -0.012282
          ],
          [
            0.012709,
            0.003182,
            -0.001083
          ],
          [
            -0.019595,
            -0.045643,
            0.015923
          ],
          [
            0.015249,
            -0.010005,
            0.01398
          ],
          [
            0.042389,
            0.000754,
            0.010684
          ],
          [
            0.004535,
            -0.010929,
            -0.010564
          ],
          [
            0.00915,
            -0.014073,
            0.000799
          ],
          [
            0.030273,
            -0.002845,
            -0.021166
          ],
          [
            0.027822,
            -0.011111,
            -0.009248
          ],
          [
            0.021473,
            0.004475,
            -0.00834
          ],
          [
            0.002569,
            0.031459,
            -0.00553
          ],
          [
            -0.01245,
            -0.004307,
            -0.202114
          ],
          [
            -0.014116,
            0.00274,
            -0.18386
          ],
          [
            0.014182,
            -0.021683,
            -0.201574
          ],
          [
            0.014503,
            0.018388,
            -0.144914
          ],
          [
            -0.00324,
            0.014855,
            -0.183122
          ],
          [
            -0.016373,
            -0.016224,
            -0.14451
          ],
          [
            0.00259,
            0.013933,
            -0.201019
          ],
          [
            0.021837,
            -0.015343,
            -0.203184
          ],
          [
            -0.039704,
            0.014631,
            0.026373
          ],
          [
            -0.231609,
            -0.030584,
            0.056293
          ],
          [
            0.003795,
            0.200693,
            0.056812
          ],
          [
            0.133478,
            -0.1668,
            0.36712
          ],
          [
            0.052831,
            -0.076796,
            0.09078
          ],
          [
            -0.09336,
            0.070109,
            0.155146
          ],
          [
            -0.117158,
            0.091092,
            0.01562
          ],
          [
            0.048067,
            -0.082359,
            0.085794
          ],
          [
            0.005306,
            -0.016042,
            0.028636
          ],
          [
            0.001805,
            0.005518,
            0.020957
          ],
          [
            0.010221,
            0.024407,
            0.007227
          ],
          [
            0.012113,
            -0.015795,
            0.017403
          ],
          [
            -0.006747,
            -0.002848,
            -0.006547
          ],
          [
            0.027477,
            -0.009821,
            0.011275
          ],
          [
            0.013123,
            -0.011814,
            0.015466
          ],
          [
            0.008508,
            -0.010809,
            0.02796
          ],
          [
            0.012769,
            -0.010723,
            0.033415
          ],
          [
            -0.006799,
            -0.002965,
            0.013078
          ],
          [
            0.011546,
            -0.024037,
            0.0169
          ],
          [
            0.003888,
            -0.021131,
            -0.018644
          ],
          [
            0.010789,
            -0.020656,
            0.018812
          ],
          [
            0.005011,
            0.004492,
            0.032081
          ],
          [
            -0.000181,
            -0.021199,
            -0.008536
          ],
          [
            0.006657,
            0.000634,
            0.00745
          ]
        ],
        "Lattice": [
          [
            8.33,
            0.0,
            0.0
          ],
          [
            0.0,
            8.33,
            0.0
          ],
          [
            0.0,
            0.0,
            20.227360776
          ]
        ],
        "NumAtoms": 64,
        "Positions": [
          [
            0.0,
            0.0,
            0.0
          ],
          [
            0.0,
            4.165,
            0.0
          ],
          [
            4.165,
            0.0,
            0.0
          ],
          [
            4.165,
            4.165,
            0.0
          ],
          [
            2.0825,
            2.0825,
            0.0
          ],
          [
            2.0825,
            6.2475,
            0.0
          ],
          [
            6.2475,
            2.0825,
            0.0
          ],
          [
            6.2475,
            6.2475,
            0.0
          ],
          [
            0.0,
            2.0825,
            2.0825
          ],
          [
            0.0,
            6.2475,
            2.0825
          ],
          [
            4.165,
            2.0825,
            2.0825
          ],
          [
            4.165,
            6.2475,
            2.0825
          ],
          [
            2.0825,
            0.0,
            2.0825
          ],
          [
            2.0825,
            4.165,
            2.0825
          ],
          [
            6.2475,
            0.0,
            2.0825
          ],
          [
            6.2475,
            4.165,
            2.0825
          ],
          [
            0.01866,
            0.03321,
            4.22008
          ],
          [
            0.01709,
            4.14296,
            4.20909
          ],
          [
            4.11511,
            0.04618,
            4.22016
          ],
          [
            4.12469,
            4.14139,
            4.21393
          ],
          [
            2.07531,
            2.0856,
            4.1938
          ],
          [
            2.08214,
            6.25065,
            4.21778
          ],
          [
            6.23958,
            2.07734,
            4.21774
          ],
          [
            6.13602,
            6.35611,
            4.49081
          ],
          [
            8.32605,
            2.03475,
            6.25307
          ],
          [
            0.08232,
            6.22377,
            6.35584
          ],
          [
            4.16671,
            2.04518,
            6.26362
          ],
          [
            4.17957,
            6.24031,
            6.55855
          ],
          [
            2.09726,
            8.30571,
            6.26627
          ],
          [
            2.10743,
            4.14663,
            6.25521
          ],
          [
            6.23158,
            -0.03585,
            6.56321
          ],
          [
            6.24818,
            4.05789,
            6.35191
          ],
          [
            2.0825,
            0.0,
            0.0
          ],
          [
            2.0825,
            4.165,
            0.0
          ],
          [
            6.2475,
            0.0,
            0.0
          ],
          [
            6.2475,
            4.165,
            0.0
          ],
          [
            0.0,
            2.0825,
            0.0
          ],
          [
            0.0,
            6.2475,
            0.0
          ],
          [
            4.165,
            2.0825,
            0.0
          ],
          [
            4.165,
            6.2475,
            0.0
          ],
          [
            2.0825,
            2.0825,
            2.0825
          ],
          [
            2.0825,
            6.2475,
            2.0825
          ],
          [
            6.2475,
            2.0825,
            2.0825
          ],
          [
            6.2475,
            6.2475,
            2.0825
          ],
          [
            0.0,
            0.0,
            2.0825
          ],
          [
            0.0,
            4.165,
            2.0825
          ],
          [
            4.165,
            0.0,
            2.0825
          ],
          [
            4.165,
            4.165,
            2.0825
          ],
          [
            2.068,
            -0.00207,
            4.16785
          ],
          [
            2.07281,
            4.17192,
            4.16795
          ],
          [
            6.23515,
            0.0326,
            4.06227
          ],
          [
            6.23627,
            4.20787,
            4.20781
          ],
          [
            8.31916,
            2.08679,
            4.17065
          ],
          [
            -0.0495,
            6.25315,
            4.21048
          ],
          [
            4.16303,
            2.09209,
            4.16735
          ],
          [
            4.1265,
            6.25655,
            4.06021
          ],
          [
            2.06675,
            2.0793,
            6.25071
          ],
          [
            2.05685,
            6.21335,
            6.26806
          ],
          [
            6.26273,
            2.08832,
            6.26895
          ],
          [
            6.35643,
            6.12081,
            6.50411
          ],
          [
            0.04674,
            -0.02676,
            6.27594
          ],
          [
            0.01607,
            4.12915,
            6.26897
          ],
          [
            4.12133,
            0.02659,
            6.26708
          ],
          [
            4.1739,
            4.09695,
            6.27222
          ]
        ],
        "Stress": [
          [
            -48.14259,
            -0.66607,
            0.87277
          ],
          [
            -0.66607,
            -48.17842,
            -0.93626
          ],
          [
            0.87277,
            -0.93626,
            -25.97034
          ]
        ],
        "computation_code": "VASP",
        "pseudopotential_information": [
          [
            "PAW_PBE",
            "Ni",
            "02Aug2007"
          ],
          [
            "PAW_PBE",
            "Zr_sv",
            "04Jan2005"
          ],
          [
            "PAW_PBE",
            "O",
            "08Apr2002"
          ]
        ]
      }
    ],
    "EnergyStyle": "electronvolt",
    "ForcesStyle": "electronvoltperangstrom",
    "LatticeStyle": "angstrom",
    "PositionsStyle": "angstrom",
    "StressStyle": "kB"
  }
}