{
  "Dataset": {
    "AtomTypeStyle": "chemicalsymbol",
    "Data": [
      {
        "AtomTypes": [
          "Ni",
          "Ni",
          "Ni",
          "Ni",
          "Ni",
          "Ni",
          "Ni",
          "Ni",
          "Ni",
          "Ni",
          "Ni",
          "Ni",
          "Ni",
          "Ni",
          "Ni",
          "Ni",
          "Ni",
          "Ni",
          "Ni",
          "Ni",
          "Ni",
          "Ni",
          "Ni",
          "Nb",
          "Ni",
          "Ni",
          "Ni",
          "Ni",
          "Ni",
          "Ni",
          "Ni",
          "Ni",
          "O",
          "O",
          "O",
          "O",
          "O",
          "O",
          "O",
          "O",
          "O",
          "O",
          "O",
          "O",
          "O",
          "O",
          "O",
          "O",
          "O",
          "O",
          "O",
          "O",
          "O",
          "O",
          "O",
          "O",
          "O",
          "O",
          "O",
          "O",
          "O",
          "O",
          "O",
          "O",
          "O",
          "O"
        ],
        "Energy": -357.39419486,
        "Forces": [
          [
            0.046519,
            0.02243,
            0.354163
          ],
          [
            0.046964,
            0.006513,
            0.320485
          ],
          [
            -0.018681,
            0.024369,
            0.31478
          ],
          [
            -0.019259,
            0.003438,
            0.337845
          ],
          [
            0.012307,
            0.00743,
            0.331831
          ],
          [
            0.011749,
            0.022408,
            0.361698
          ],
          [
            0.014023,
            0.006583,
            0.323393
          ],
          [
            0.019215,
            0.027498,
            0.201638
          ],
          [
            -0.020124,
            -0.033211,
            -0.1148
          ],
          [
            0.304918,
            0.02778,
            -0.969325
          ],
          [
            -0.022488,
            0.016589,
            -0.093049
          ],
          [
            -0.16776,
            -0.007811,
            -0.363317
          ],
          [
            -0.055868,
            -0.053123,
            -0.079362
          ],
          [
            -0.003605,
            0.067189,
            -0.087647
          ],
          [
            0.001923,
            0.16699,
            -0.548179
          ],
          [
            -0.042197,
            -0.196064,
            -0.333616
          ],
          [
            -0.003507,
            0.001565,
            -0.003017
          ],
          [
            -0.00333,
            0.00015,
            -0.000949
          ],
          [
            0.003747,
            -0.002358,
            0.000282
          ],
          [
            0.000682,
            0.001267,
            -0.000551
          ],
          [
            0.000414,
            -0.000505,
            0.000467
          ],
          [
            2e-06,
            0.000482,
            0.00035
          ],
          [
            0.001607,
            -0.000477,
            -0.001372
          ],
          [
            -0.006545,
            -0.013171,
            0.021162
          ],
          [
            -0.001806,
            3.9e-05,
            0.003001
          ],
          [
            -0.011676,
            0.002299,
            -0.004567
          ],
          [
            -0.002778,
            0.00148,
            0.000796
          ],
          [
            -0.000809,
            0.007159,
            -0.018471
          ],
          [
            0.002173,
            -0.004184,
            0.001486
          ],
          [
            -6.7e-05,
            0.002341,
            0.003007
          ],
          [
            -0.004095,
            -0.010443,
            -0.015415
          ],
          [
            -0.001963,
            0.0043,
            -0.001172
          ],
          [
            -0.000642,
            0.003072,
            -0.18468
          ],
          [
            0.00499,
            -0.005077,
            -0.176015
          ],
          [
            0.001828,
            -0.01297,
            -0.124713
          ],
          [
            -0.004685,
            0.017687,
            -0.10943
          ],
          [
            -0.018223,
            0.005497,
            -0.190553
          ],
          [
            -0.035568,
            -0.005025,
            -0.189584
          ],
          [
            0.019134,
            0.011546,
            -0.185856
          ],
          [
            0.032007,
            -0.012664,
            -0.167857
          ],
          [
            -0.024165,
            0.011424,
            0.078582
          ],
          [
            0.09779,
            -0.017797,
            0.168887
          ],
          [
            -0.022248,
            0.039759,
            0.222348
          ],
          [
            -0.037999,
            -0.133896,
            0.445821
          ],
          [
            -0.060989,
            0.079691,
            0.093773
          ],
          [
            -0.099642,
            -0.103233,
            0.105178
          ],
          [
            0.028135,
            0.002191,
            0.124036
          ],
          [
            0.071143,
            -0.009356,
            0.131866
          ],
          [
            0.001093,
            0.003686,
            0.001085
          ],
          [
            -0.002069,
            -0.003793,
            0.002051
          ],
          [
            -0.002192,
            0.009002,
            -0.005155
          ],
          [
            -0.003834,
            -0.001409,
            -0.003151
          ],
          [
            0.000933,
            0.001086,
            -0.003888
          ],
          [
            0.005334,
            -0.000547,
            -0.004579
          ],
          [
            0.000448,
            -0.002512,
            -0.001349
          ],
          [
            -0.001204,
            -0.002338,
            -0.011024
          ],
          [
            -0.006602,
            -0.001859,
            -0.004527
          ],
          [
            0.011098,
            -0.000156,
            2.7e-05
          ],
          [
            -0.002372,
            0.003638,
            5.7e-05
          ],
          [
            -0.014132,
            0.008044,
            0.003945
          ],
          [
            -0.000797,
            0.000987,
            -0.000733
          ],
          [
            0.002084,
            -0.002915,
            -0.003335
          ],
          [
            -0.004395,
            -0.009873,
            0.006284
          ],
          [
            -0.002297,
            0.007772,
            0.008311
          ],
          [
            0.039428,
            0.027618,
            0.009598
          ],
          [
            -0.051078,
            -0.00623,
            0.023007
          ]
        ],
        "Lattice": [
          [
            8.33,
            0.0,
            0.0
          ],
          [
            0.0,
            8.33,
            0.0
          ],
          [
            0.0,
            0.0,
            20.227360776
          ]
        ],
        "NumAtoms": 66,
        "Positions": [
          [
            0.0,
            0.0,
            0.0
          ],
          [
            0.0,
            4.165,
            0.0
          ],
          [
            4.165,
            0.0,
            0.0
          ],
          [
            4.165,
            4.165,
            0.0
          ],
          [
            2.0825,
            2.0825,
            0.0
          ],
          [
            2.0825,
            6.2475,
            0.0
          ],
          [
            6.2475,
            2.0825,
            0.0
          ],
          [
            6.2475,
            6.2475,
            0.0
          ],
          [
            0.0,
            2.0825,
            2.0825
          ],
          [
            0.0,
            6.2475,
            2.0825
          ],
          [
            4.165,
            2.0825,
            2.0825
          ],
          [
            4.165,
            6.2475,
            2.0825
          ],
          [
            2.0825,
            0.0,
            2.0825
          ],
          [
            2.0825,
            4.165,
            2.0825
          ],
          [
            6.2475,
            0.0,
            2.0825
          ],
          [
            6.2475,
            4.165,
            2.0825
          ],
          [
            0.02587,
            0.03823,
            4.24469
          ],
          [
            0.02968,
            4.13484,
            4.21781
          ],
          [
            4.12106,
            0.02021,
            4.21933
          ],
          [
            4.12434,
            4.15903,
            4.22831
          ],
          [
            2.07327,
            2.08804,
            4.19093
          ],
          [
            2.09932,
            6.25756,
            4.24254
          ],
          [
            6.23525,
            2.05251,
            4.22241
          ],
          [
            6.31576,
            6.29278,
            4.42051
          ],
          [
            -0.02884,
            2.06898,
            6.2714
          ],
          [
            -0.06543,
            6.26858,
            6.48628
          ],
          [
            4.09183,
            2.08256,
            6.26212
          ],
          [
            4.03643,
            6.33295,
            6.7916
          ],
          [
            2.01772,
            0.00262,
            6.27963
          ],
          [
            2.02893,
            4.17907,
            6.27211
          ],
          [
            6.12556,
            0.09477,
            6.80441
          ],
          [
            6.19586,
            4.05943,
            6.3548
          ],
          [
            2.0825,
            0.0,
            0.0
          ],
          [
            2.0825,
            4.165,
            0.0
          ],
          [
            6.2475,
            0.0,
            0.0
          ],
          [
            6.2475,
            4.165,
            0.0
          ],
          [
            0.0,
            2.0825,
            0.0
          ],
          [
            0.0,
            6.2475,
            0.0
          ],
          [
            4.165,
            2.0825,
            0.0
          ],
          [
            4.165,
            6.2475,
            0.0
          ],
          [
            2.0825,
            2.0825,
            2.0825
          ],
          [
            2.0825,
            6.2475,
            2.0825
          ],
          [
            6.2475,
            2.0825,
            2.0825
          ],
          [
            6.2475,
            6.2475,
            2.0825
          ],
          [
            0.0,
            0.0,
            2.0825
          ],
          [
            0.0,
            4.165,
            2.0825
          ],
          [
            4.165,
            0.0,
            2.0825
          ],
          [
            4.165,
            4.165,
            2.0825
          ],
          [
            2.06462,
            -0.00868,
            4.1734
          ],
          [
            2.0756,
            4.18766,
            4.1779
          ],
          [
            6.24992,
            -0.0518,
            4.13464
          ],
          [
            6.24513,
            4.21216,
            4.18768
          ],
          [
            8.29885,
            2.08339,
            4.16718
          ],
          [
            -0.03039,
            6.2439,
            4.04002
          ],
          [
            4.17138,
            2.09447,
            4.16242
          ],
          [
            4.26432,
            6.24589,
            4.12642
          ],
          [
            2.03639,
            2.10639,
            6.23829
          ],
          [
            2.07417,
            6.24094,
            6.27573
          ],
          [
            6.20321,
            2.07588,
            6.28181
          ],
          [
            6.15731,
            6.15031,
            6.29002
          ],
          [
            -0.03049,
            0.05148,
            6.29246
          ],
          [
            -0.06156,
            4.11162,
            6.25841
          ],
          [
            4.07971,
            0.06718,
            6.21325
          ],
          [
            4.13385,
            4.12222,
            6.28848
          ],
          [
            4.63847,
            6.83624,
            8.55236
          ],
          [
            5.69262,
            7.74003,
            8.52499
          ]
        ],
        "Stress": [
          [
            -52.74658,
            -0.65594,
            -0.54618
          ],
          [
            -0.65594,
            -49.76779,
            -0.11601
          ],
          [
            -0.54618,
            -0.11601,
            -27.70027
          ]
        ],
        "computation_code": "VASP",
        "pseudopotential_information": [
          [
            "PAW_PBE",
            "Ni",
            "02Aug2007"
          ],
          [
            "PAW_PBE",
            "Nb_sv",
            "25May2007"
          ],
          [
            "PAW_PBE",
            "O",
            "08Apr2002"
          ]
        ]
      }
    ],
    "EnergyStyle": "electronvolt",
    "ForcesStyle": "electronvoltperangstrom",
    "LatticeStyle": "angstrom",
    "PositionsStyle": "angstrom",
    "StressStyle": "kB"
  }
}