{
  "Dataset": {
    "AtomTypeStyle": "chemicalsymbol",
    "Data": [
      {
        "AtomTypes": [
          "Ni",
          "Ni",
          "Ni",
          "Ni",
          "Ni",
          "Ni",
          "Ni",
          "Ni",
          "Ni",
          "Ni",
          "Ni",
          "Ni",
          "Ni",
          "Ni",
          "Ni",
          "Ni",
          "Ni",
          "Ni",
          "Ni",
          "Ni",
          "Ni",
          "Ni",
          "Ni",
          "Nb",
          "Ni",
          "Ni",
          "Ni",
          "Ni",
          "Ni",
          "Ni",
          "Ni",
          "Ni",
          "O",
          "O",
          "O",
          "O",
          "O",
          "O",
          "O",
          "O",
          "O",
          "O",
          "O",
          "O",
          "O",
          "O",
          "O",
          "O",
          "O",
          "O",
          "O",
          "O",
          "O",
          "O",
          "O",
          "O",
          "O",
          "O",
          "O",
          "O",
          "O",
          "O",
          "O",
          "O",
          "O",
          "O"
        ],
        "Energy": -357.1107039,
        "Forces": [
          [
            0.042598,
            0.037574,
            0.284226
          ],
          [
            0.035609,
            -0.008041,
            0.235273
          ],
          [
            -0.013745,
            0.031045,
            0.244384
          ],
          [
            -0.014344,
            -0.007921,
            0.272543
          ],
          [
            0.011288,
            0.012541,
            0.290295
          ],
          [
            0.013947,
            0.015716,
            0.298526
          ],
          [
            0.014585,
            0.013477,
            0.284831
          ],
          [
            -0.001973,
            0.012699,
            -0.063046
          ],
          [
            -0.007677,
            -0.01103,
            -0.131332
          ],
          [
            0.421179,
            0.017518,
            -0.440512
          ],
          [
            -0.020363,
            0.025779,
            -0.178525
          ],
          [
            -0.436529,
            -0.036892,
            -0.64215
          ],
          [
            -0.04704,
            -0.009384,
            -0.154941
          ],
          [
            -0.011174,
            0.022029,
            -0.141843
          ],
          [
            0.03019,
            0.4112,
            -0.707284
          ],
          [
            -0.015267,
            -0.425669,
            -0.448091
          ],
          [
            0.06547,
            0.029766,
            0.059855
          ],
          [
            0.066227,
            -0.03995,
            0.049919
          ],
          [
            -0.015915,
            0.032608,
            0.053857
          ],
          [
            -0.039606,
            -0.064767,
            0.099767
          ],
          [
            -0.021396,
            0.030341,
            -0.018432
          ],
          [
            -0.035295,
            -0.001366,
            0.034231
          ],
          [
            0.019861,
            0.01537,
            0.01143
          ],
          [
            0.087947,
            -0.031072,
            0.051869
          ],
          [
            -0.019654,
            0.003874,
            0.01581
          ],
          [
            0.007903,
            -0.015808,
            0.110896
          ],
          [
            0.00828,
            0.015166,
            -0.091722
          ],
          [
            -0.000972,
            0.009386,
            -0.096426
          ],
          [
            0.058601,
            -0.057053,
            -0.062873
          ],
          [
            0.026425,
            0.064556,
            -0.015283
          ],
          [
            0.017094,
            -0.10131,
            0.122896
          ],
          [
            -0.006308,
            -0.088245,
            -0.039914
          ],
          [
            -0.000823,
            -0.009912,
            -0.149927
          ],
          [
            0.010563,
            0.008539,
            -0.140292
          ],
          [
            0.001677,
            -0.018805,
            -0.054488
          ],
          [
            -0.010635,
            0.024058,
            -0.046962
          ],
          [
            -0.016172,
            -0.006643,
            -0.141149
          ],
          [
            -0.024715,
            0.007814,
            -0.058735
          ],
          [
            0.015794,
            0.004078,
            -0.146124
          ],
          [
            0.025635,
            -0.002909,
            -0.068202
          ],
          [
            -0.030701,
            0.006689,
            0.048837
          ],
          [
            -0.027884,
            -0.012248,
            0.133389
          ],
          [
            -0.006699,
            0.023436,
            0.136022
          ],
          [
            0.044915,
            -0.142445,
            0.477204
          ],
          [
            -0.075484,
            -0.065598,
            0.08274
          ],
          [
            -0.110457,
            0.067661,
            0.123142
          ],
          [
            0.053638,
            -0.070024,
            0.117106
          ],
          [
            0.071582,
            0.047121,
            0.080672
          ],
          [
            0.034667,
            -0.009616,
            0.088017
          ],
          [
            0.025416,
            0.022442,
            0.046761
          ],
          [
            -0.024593,
            0.031637,
            0.027469
          ],
          [
            -0.002705,
            -0.013477,
            0.030534
          ],
          [
            -0.024248,
            -0.016005,
            -0.015491
          ],
          [
            -0.043081,
            0.015668,
            -0.083038
          ],
          [
            0.01928,
            -0.024582,
            0.080133
          ],
          [
            -0.034314,
            0.042269,
            -0.029675
          ],
          [
            -0.001231,
            -0.042434,
            0.015442
          ],
          [
            0.12533,
            0.057544,
            0.040313
          ],
          [
            -0.002661,
            0.130331,
            -0.026786
          ],
          [
            -0.160992,
            0.065883,
            0.170736
          ],
          [
            -0.040497,
            0.060477,
            0.005987
          ],
          [
            -0.037597,
            -0.027079,
            -0.007565
          ],
          [
            -0.033541,
            -0.086174,
            0.056465
          ],
          [
            0.018848,
            0.088846,
            0.009013
          ],
          [
            -0.375478,
            -0.311144,
            0.005409
          ],
          [
            0.41722,
            0.252466,
            -0.095193
          ]
        ],
        "Lattice": [
          [
            8.33,
            0.0,
            0.0
          ],
          [
            0.0,
            8.33,
            0.0
          ],
          [
            0.0,
            0.0,
            20.227360776
          ]
        ],
        "NumAtoms": 66,
        "Positions": [
          [
            0.0,
            0.0,
            0.0
          ],
          [
            0.0,
            4.165,
            0.0
          ],
          [
            4.165,
            0.0,
            0.0
          ],
          [
            4.165,
            4.165,
            0.0
          ],
          [
            2.0825,
            2.0825,
            0.0
          ],
          [
            2.0825,
            6.2475,
            0.0
          ],
          [
            6.2475,
            2.0825,
            0.0
          ],
          [
            6.2475,
            6.2475,
            0.0
          ],
          [
            0.0,
            2.0825,
            2.0825
          ],
          [
            0.0,
            6.2475,
            2.0825
          ],
          [
            4.165,
            2.0825,
            2.0825
          ],
          [
            4.165,
            6.2475,
            2.0825
          ],
          [
            2.0825,
            0.0,
            2.0825
          ],
          [
            2.0825,
            4.165,
            2.0825
          ],
          [
            6.2475,
            0.0,
            2.0825
          ],
          [
            6.2475,
            4.165,
            2.0825
          ],
          [
            0.0188,
            0.03776,
            4.21979
          ],
          [
            0.01959,
            4.14568,
            4.20277
          ],
          [
            4.1255,
            0.03188,
            4.20065
          ],
          [
            4.12367,
            4.14928,
            4.20522
          ],
          [
            2.07803,
            2.08607,
            4.18483
          ],
          [
            2.09906,
            6.26006,
            4.22005
          ],
          [
            6.23275,
            2.05918,
            4.2081
          ],
          [
            6.21565,
            6.29731,
            4.30004
          ],
          [
            0.00159,
            2.06649,
            6.25554
          ],
          [
            0.0748,
            6.2717,
            6.38216
          ],
          [
            4.12945,
            2.08378,
            6.26419
          ],
          [
            4.10449,
            6.32937,
            6.73479
          ],
          [
            2.06722,
            0.01826,
            6.26944
          ],
          [
            2.07843,
            4.16038,
            6.2606
          ],
          [
            6.16245,
            0.10331,
            6.74353
          ],
          [
            6.23281,
            4.07363,
            6.32633
          ],
          [
            2.0825,
            0.0,
            0.0
          ],
          [
            2.0825,
            4.165,
            0.0
          ],
          [
            6.2475,
            0.0,
            0.0
          ],
          [
            6.2475,
            4.165,
            0.0
          ],
          [
            0.0,
            2.0825,
            0.0
          ],
          [
            0.0,
            6.2475,
            0.0
          ],
          [
            4.165,
            2.0825,
            0.0
          ],
          [
            4.165,
            6.2475,
            0.0
          ],
          [
            2.0825,
            2.0825,
            2.0825
          ],
          [
            2.0825,
            6.2475,
            2.0825
          ],
          [
            6.2475,
            2.0825,
            2.0825
          ],
          [
            6.2475,
            6.2475,
            2.0825
          ],
          [
            0.0,
            0.0,
            2.0825
          ],
          [
            0.0,
            4.165,
            2.0825
          ],
          [
            4.165,
            0.0,
            2.0825
          ],
          [
            4.165,
            4.165,
            2.0825
          ],
          [
            2.07043,
            -0.00312,
            4.15885
          ],
          [
            2.07207,
            4.17943,
            4.16698
          ],
          [
            6.26075,
            -0.01508,
            4.11481
          ],
          [
            6.24101,
            4.17158,
            4.15887
          ],
          [
            8.31303,
            2.0903,
            4.17022
          ],
          [
            -0.01797,
            6.25163,
            4.1512
          ],
          [
            4.16758,
            2.09293,
            4.15398
          ],
          [
            4.18327,
            6.22984,
            4.12118
          ],
          [
            2.06108,
            2.10446,
            6.23996
          ],
          [
            2.09552,
            6.23501,
            6.27481
          ],
          [
            6.24235,
            2.07489,
            6.27366
          ],
          [
            6.30623,
            6.11178,
            6.16893
          ],
          [
            0.02132,
            0.0118,
            6.27403
          ],
          [
            -0.00869,
            4.14349,
            6.25925
          ],
          [
            4.11284,
            0.06374,
            6.19172
          ],
          [
            4.16283,
            4.1278,
            6.2727
          ],
          [
            4.75715,
            6.77472,
            8.46691
          ],
          [
            5.81607,
            7.66521,
            8.43769
          ]
        ],
        "Stress": [
          [
            -48.90046,
            0.0212,
            0.07199
          ],
          [
            0.0212,
            -47.82026,
            -0.33798
          ],
          [
            0.07199,
            -0.33798,
            -25.99878
          ]
        ],
        "computation_code": "VASP",
        "pseudopotential_information": [
          [
            "PAW_PBE",
            "Ni",
            "02Aug2007"
          ],
          [
            "PAW_PBE",
            "Nb_sv",
            "25May2007"
          ],
          [
            "PAW_PBE",
            "O",
            "08Apr2002"
          ]
        ]
      }
    ],
    "EnergyStyle": "electronvolt",
    "ForcesStyle": "electronvoltperangstrom",
    "LatticeStyle": "angstrom",
    "PositionsStyle": "angstrom",
    "StressStyle": "kB"
  }
}