{
  "Dataset": {
    "AtomTypeStyle": "chemicalsymbol",
    "Data": [
      {
        "AtomTypes": [
          "Ni",
          "Ni",
          "Ni",
          "Ni",
          "Ni",
          "Ni",
          "Ni",
          "Ni",
          "Ni",
          "Ni",
          "Ni",
          "Ni",
          "Ni",
          "Ni",
          "Ni",
          "Ni",
          "Ni",
          "Ni",
          "Ni",
          "Ni",
          "Ni",
          "Ni",
          "Ni",
          "Nb",
          "Ni",
          "Ni",
          "Ni",
          "Ni",
          "Ni",
          "Ni",
          "Ni",
          "Ni",
          "O",
          "O",
          "O",
          "O",
          "O",
          "O",
          "O",
          "O",
          "O",
          "O",
          "O",
          "O",
          "O",
          "O",
          "O",
          "O",
          "O",
          "O",
          "O",
          "O",
          "O",
          "O",
          "O",
          "O",
          "O",
          "O",
          "O",
          "O",
          "O",
          "O",
          "O",
          "O",
          "O",
          "O"
        ],
        "Energy": -357.37426355,
        "Forces": [
          [
            0.04978,
            0.023337,
            0.358927
          ],
          [
            0.047712,
            0.004937,
            0.327142
          ],
          [
            -0.020192,
            0.026336,
            0.32135
          ],
          [
            -0.018565,
            0.002133,
            0.340332
          ],
          [
            0.011362,
            0.009248,
            0.334096
          ],
          [
            0.010246,
            0.020836,
            0.364781
          ],
          [
            0.016929,
            0.010203,
            0.324833
          ],
          [
            0.023245,
            0.023073,
            0.19633
          ],
          [
            -0.001988,
            -0.033186,
            -0.110063
          ],
          [
            0.322837,
            0.023964,
            -0.925288
          ],
          [
            -0.013595,
            0.015655,
            -0.103235
          ],
          [
            -0.19185,
            -0.004185,
            -0.419306
          ],
          [
            -0.046405,
            -0.052562,
            -0.065976
          ],
          [
            0.005418,
            0.074432,
            -0.090389
          ],
          [
            0.019854,
            0.190349,
            -0.582286
          ],
          [
            -0.015714,
            -0.2137,
            -0.345722
          ],
          [
            0.004052,
            -0.015382,
            0.006705
          ],
          [
            -0.050036,
            0.043815,
            0.006703
          ],
          [
            0.004346,
            -0.020104,
            0.00406
          ],
          [
            0.050267,
            0.027301,
            -0.007472
          ],
          [
            0.012609,
            -0.016106,
            0.027813
          ],
          [
            0.004951,
            0.000728,
            0.010748
          ],
          [
            0.003057,
            0.016973,
            -0.009593
          ],
          [
            0.025892,
            -0.111103,
            0.017559
          ],
          [
            0.016761,
            -0.006198,
            0.003368
          ],
          [
            -0.049759,
            0.004851,
            -0.049335
          ],
          [
            -0.031278,
            -0.010304,
            0.023476
          ],
          [
            -0.004927,
            0.021426,
            -0.019978
          ],
          [
            -0.027006,
            -0.003645,
            0.008761
          ],
          [
            -0.020697,
            -0.00631,
            0.00335
          ],
          [
            -0.044459,
            -0.011082,
            0.039271
          ],
          [
            -0.010915,
            0.036351,
            -0.006914
          ],
          [
            0.002204,
            0.002988,
            -0.18698
          ],
          [
            0.006805,
            -0.00535,
            -0.179437
          ],
          [
            -0.001916,
            -0.014835,
            -0.122207
          ],
          [
            -0.007755,
            0.019124,
            -0.115745
          ],
          [
            -0.02013,
            0.003312,
            -0.193167
          ],
          [
            -0.036876,
            -0.002866,
            -0.189847
          ],
          [
            0.019784,
            0.008636,
            -0.187466
          ],
          [
            0.033141,
            -0.010441,
            -0.165801
          ],
          [
            -0.011369,
            0.011941,
            0.082211
          ],
          [
            0.096424,
            -0.012962,
            0.169539
          ],
          [
            -0.014265,
            0.019588,
            0.206559
          ],
          [
            -0.02447,
            -0.116107,
            0.386397
          ],
          [
            -0.058426,
            0.06877,
            0.108076
          ],
          [
            -0.075973,
            -0.09682,
            0.097922
          ],
          [
            0.042741,
            0.004295,
            0.140325
          ],
          [
            0.069346,
            -0.004936,
            0.124252
          ],
          [
            0.036124,
            0.035919,
            0.001907
          ],
          [
            0.005087,
            -0.034609,
            -0.00547
          ],
          [
            -0.005118,
            0.022888,
            -0.014223
          ],
          [
            0.007247,
            0.052097,
            0.021477
          ],
          [
            0.02572,
            -0.005856,
            -0.007161
          ],
          [
            -0.009211,
            0.008751,
            -0.043584
          ],
          [
            -0.013524,
            -0.028244,
            -0.012673
          ],
          [
            0.00593,
            0.004157,
            0.015651
          ],
          [
            -0.018846,
            0.001825,
            -0.029158
          ],
          [
            0.036,
            -0.000575,
            0.031039
          ],
          [
            -0.009338,
            -0.025757,
            0.034221
          ],
          [
            -0.057538,
            -0.028463,
            -0.00583
          ],
          [
            -0.006765,
            0.023844,
            -0.023796
          ],
          [
            -0.013435,
            -0.047894,
            -0.00659
          ],
          [
            0.002089,
            -0.008507,
            -0.009676
          ],
          [
            -0.009294,
            0.004253,
            0.023639
          ],
          [
            -0.093003,
            -0.033002,
            0.021427
          ],
          [
            0.016682,
            0.112755,
            0.050118
          ]
        ],
        "Lattice": [
          [
            8.33,
            0.0,
            0.0
          ],
          [
            0.0,
            8.33,
            0.0
          ],
          [
            0.0,
            0.0,
            20.227360776
          ]
        ],
        "NumAtoms": 66,
        "Positions": [
          [
            0.0,
            0.0,
            0.0
          ],
          [
            0.0,
            4.165,
            0.0
          ],
          [
            4.165,
            0.0,
            0.0
          ],
          [
            4.165,
            4.165,
            0.0
          ],
          [
            2.0825,
            2.0825,
            0.0
          ],
          [
            2.0825,
            6.2475,
            0.0
          ],
          [
            6.2475,
            2.0825,
            0.0
          ],
          [
            6.2475,
            6.2475,
            0.0
          ],
          [
            0.0,
            2.0825,
            2.0825
          ],
          [
            0.0,
            6.2475,
            2.0825
          ],
          [
            4.165,
            2.0825,
            2.0825
          ],
          [
            4.165,
            6.2475,
            2.0825
          ],
          [
            2.0825,
            0.0,
            2.0825
          ],
          [
            2.0825,
            4.165,
            2.0825
          ],
          [
            6.2475,
            0.0,
            2.0825
          ],
          [
            6.2475,
            4.165,
            2.0825
          ],
          [
            0.03753,
            0.03991,
            4.2548
          ],
          [
            0.04378,
            4.13396,
            4.22128
          ],
          [
            4.12819,
            0.02723,
            4.22811
          ],
          [
            4.13176,
            4.1561,
            4.22797
          ],
          [
            2.08234,
            2.09156,
            4.19083
          ],
          [
            2.10323,
            6.25972,
            4.24385
          ],
          [
            6.24497,
            2.05561,
            4.21619
          ],
          [
            6.31517,
            6.30237,
            4.4033
          ],
          [
            0.00033,
            2.07697,
            6.27455
          ],
          [
            -0.0089,
            6.27926,
            6.52904
          ],
          [
            4.12322,
            2.08522,
            6.26061
          ],
          [
            4.08086,
            6.33135,
            6.78467
          ],
          [
            2.05123,
            0.00599,
            6.28547
          ],
          [
            2.05978,
            4.18666,
            6.27515
          ],
          [
            6.18068,
            0.11986,
            6.81642
          ],
          [
            6.22789,
            4.06069,
            6.35072
          ],
          [
            2.0825,
            0.0,
            0.0
          ],
          [
            2.0825,
            4.165,
            0.0
          ],
          [
            6.2475,
            0.0,
            0.0
          ],
          [
            6.2475,
            4.165,
            0.0
          ],
          [
            0.0,
            2.0825,
            0.0
          ],
          [
            0.0,
            6.2475,
            0.0
          ],
          [
            4.165,
            2.0825,
            0.0
          ],
          [
            4.165,
            6.2475,
            0.0
          ],
          [
            2.0825,
            2.0825,
            2.0825
          ],
          [
            2.0825,
            6.2475,
            2.0825
          ],
          [
            6.2475,
            2.0825,
            2.0825
          ],
          [
            6.2475,
            6.2475,
            2.0825
          ],
          [
            0.0,
            0.0,
            2.0825
          ],
          [
            0.0,
            4.165,
            2.0825
          ],
          [
            4.165,
            0.0,
            2.0825
          ],
          [
            4.165,
            4.165,
            2.0825
          ],
          [
            2.07297,
            -0.0104,
            4.17427
          ],
          [
            2.08641,
            4.19391,
            4.17717
          ],
          [
            6.25853,
            -0.05174,
            4.134
          ],
          [
            6.25544,
            4.2129,
            4.17442
          ],
          [
            8.30837,
            2.08369,
            4.16642
          ],
          [
            -0.03128,
            6.24165,
            4.04555
          ],
          [
            4.18162,
            2.09588,
            4.16104
          ],
          [
            4.27694,
            6.24989,
            4.11898
          ],
          [
            2.06603,
            2.11102,
            6.23901
          ],
          [
            2.11131,
            6.24605,
            6.27366
          ],
          [
            6.22953,
            2.08127,
            6.26559
          ],
          [
            6.20644,
            6.12837,
            6.2544
          ],
          [
            0.00178,
            0.06094,
            6.29897
          ],
          [
            -0.02973,
            4.11794,
            6.25978
          ],
          [
            4.11114,
            0.06868,
            6.22668
          ],
          [
            4.16127,
            4.12521,
            6.27892
          ],
          [
            4.75444,
            6.76445,
            8.52689
          ],
          [
            5.85806,
            7.60762,
            8.47034
          ]
        ],
        "Stress": [
          [
            -52.67369,
            -0.54286,
            -1.55809
          ],
          [
            -0.54286,
            -49.35581,
            -0.08094
          ],
          [
            -1.55809,
            -0.08094,
            -27.28669
          ]
        ],
        "computation_code": "VASP",
        "pseudopotential_information": [
          [
            "PAW_PBE",
            "Ni",
            "02Aug2007"
          ],
          [
            "PAW_PBE",
            "Nb_sv",
            "25May2007"
          ],
          [
            "PAW_PBE",
            "O",
            "08Apr2002"
          ]
        ]
      }
    ],
    "EnergyStyle": "electronvolt",
    "ForcesStyle": "electronvoltperangstrom",
    "LatticeStyle": "angstrom",
    "PositionsStyle": "angstrom",
    "StressStyle": "kB"
  }
}