{
  "Dataset": {
    "AtomTypeStyle": "chemicalsymbol",
    "Data": [
      {
        "AtomTypes": [
          "Ni",
          "Ni",
          "Ni",
          "Ni",
          "Ni",
          "Ni",
          "Ni",
          "Ni",
          "Ni",
          "Ni",
          "Ni",
          "Ni",
          "Ni",
          "Ni",
          "Ni",
          "Ni",
          "Ni",
          "Ni",
          "Ni",
          "Ni",
          "Ni",
          "Ni",
          "Ni",
          "Nb",
          "Ni",
          "Ni",
          "Ni",
          "Ni",
          "Ni",
          "Ni",
          "Ni",
          "O",
          "O",
          "O",
          "O",
          "O",
          "O",
          "O",
          "O",
          "O",
          "O",
          "O",
          "O",
          "O",
          "O",
          "O",
          "O",
          "O",
          "O",
          "O",
          "O",
          "O",
          "O",
          "O",
          "O",
          "O",
          "O",
          "O",
          "O",
          "O",
          "O",
          "O",
          "O"
        ],
        "Energy": -343.31279584,
        "Forces": [
          [
            0.041465,
            0.033533,
            0.357772
          ],
          [
            0.045472,
            -0.004507,
            0.357965
          ],
          [
            -0.009183,
            0.037722,
            0.341853
          ],
          [
            -0.014218,
            -0.007966,
            0.359778
          ],
          [
            0.009998,
            0.023208,
            0.368557
          ],
          [
            0.007356,
            0.006388,
            0.341704
          ],
          [
            0.020761,
            0.019601,
            0.334301
          ],
          [
            0.027472,
            0.00628,
            0.298146
          ],
          [
            0.021822,
            0.00599,
            -0.131151
          ],
          [
            0.117134,
            0.013998,
            -1.040603
          ],
          [
            -0.015475,
            0.034754,
            -0.08617
          ],
          [
            0.051863,
            -0.018444,
            -0.181755
          ],
          [
            -0.009133,
            0.040537,
            -0.137389
          ],
          [
            0.025009,
            -0.013464,
            -0.229501
          ],
          [
            0.018,
            -0.025373,
            -0.259082
          ],
          [
            -0.00947,
            -0.045857,
            -0.584063
          ],
          [
            -0.030331,
            0.019997,
            0.034395
          ],
          [
            -0.022427,
            -0.033165,
            0.032397
          ],
          [
            -0.008524,
            -0.009623,
            0.009554
          ],
          [
            -0.027617,
            0.002207,
            -0.028269
          ],
          [
            -0.037396,
            -0.001349,
            0.037815
          ],
          [
            -0.043775,
            -0.00289,
            0.018747
          ],
          [
            -0.006893,
            -0.004777,
            0.005602
          ],
          [
            -0.037545,
            0.046648,
            0.120677
          ],
          [
            0.012997,
            -0.034069,
            -0.170515
          ],
          [
            -0.037973,
            -0.007715,
            -0.020606
          ],
          [
            0.015035,
            -0.003274,
            0.053381
          ],
          [
            0.008011,
            0.002587,
            -0.026655
          ],
          [
            -0.030776,
            0.005015,
            0.007763
          ],
          [
            -0.044923,
            0.01208,
            0.011431
          ],
          [
            0.031435,
            -0.013026,
            -0.009584
          ],
          [
            0.008313,
            -0.017534,
            -0.199459
          ],
          [
            0.00394,
            0.013742,
            -0.222046
          ],
          [
            -0.009925,
            0.00154,
            -0.14481
          ],
          [
            -0.004701,
            0.000955,
            -0.153703
          ],
          [
            -0.018727,
            -0.005207,
            -0.212969
          ],
          [
            -0.010062,
            0.003208,
            -0.18491
          ],
          [
            0.018022,
            -0.010624,
            -0.202243
          ],
          [
            0.008268,
            0.009379,
            -0.149803
          ],
          [
            0.011581,
            -0.045471,
            0.042727
          ],
          [
            0.168326,
            0.048363,
            0.17827
          ],
          [
            -0.013291,
            -0.043102,
            0.262609
          ],
          [
            -0.102693,
            0.01661,
            0.417536
          ],
          [
            -0.077077,
            0.039674,
            0.093271
          ],
          [
            -0.087873,
            -0.052361,
            0.054701
          ],
          [
            0.093428,
            -0.103344,
            0.157992
          ],
          [
            0.115431,
            0.090399,
            0.11348
          ],
          [
            -0.015872,
            0.006462,
            -0.017145
          ],
          [
            -0.014373,
            -0.002841,
            -0.022978
          ],
          [
            -0.004202,
            0.006976,
            -0.019194
          ],
          [
            -0.012591,
            -0.032941,
            -0.004852
          ],
          [
            -0.024233,
            0.014087,
            0.066549
          ],
          [
            0.052632,
            0.000238,
            0.029933
          ],
          [
            -0.044235,
            -0.000705,
            -0.026304
          ],
          [
            -0.019495,
            0.002644,
            -0.011614
          ],
          [
            -0.101865,
            -0.009596,
            0.00742
          ],
          [
            -0.029669,
            -0.004271,
            -0.01878
          ],
          [
            0.079692,
            0.01878,
            0.013798
          ],
          [
            0.029038,
            -0.031771,
            -0.066769
          ],
          [
            -0.013401,
            0.070607,
            -0.015585
          ],
          [
            -0.046861,
            -0.033302,
            0.020452
          ],
          [
            -0.004665,
            -0.042085,
            0.00412
          ],
          [
            -0.001034,
            0.006446,
            0.023811
          ]
        ],
        "Lattice": [
          [
            8.33,
            0.0,
            0.0
          ],
          [
            0.0,
            8.33,
            0.0
          ],
          [
            0.0,
            0.0,
            20.227360776
          ]
        ],
        "NumAtoms": 63,
        "Positions": [
          [
            0.0,
            0.0,
            0.0
          ],
          [
            0.0,
            4.165,
            0.0
          ],
          [
            4.165,
            0.0,
            0.0
          ],
          [
            4.165,
            4.165,
            0.0
          ],
          [
            2.0825,
            2.0825,
            0.0
          ],
          [
            2.0825,
            6.2475,
            0.0
          ],
          [
            6.2475,
            2.0825,
            0.0
          ],
          [
            6.2475,
            6.2475,
            0.0
          ],
          [
            0.0,
            2.0825,
            2.0825
          ],
          [
            0.0,
            6.2475,
            2.0825
          ],
          [
            4.165,
            2.0825,
            2.0825
          ],
          [
            4.165,
            6.2475,
            2.0825
          ],
          [
            2.0825,
            0.0,
            2.0825
          ],
          [
            2.0825,
            4.165,
            2.0825
          ],
          [
            6.2475,
            0.0,
            2.0825
          ],
          [
            6.2475,
            4.165,
            2.0825
          ],
          [
            0.04752,
            0.05416,
            4.22596
          ],
          [
            0.0725,
            4.12206,
            4.21996
          ],
          [
            4.14607,
            0.03099,
            4.22036
          ],
          [
            4.13142,
            4.14833,
            4.23389
          ],
          [
            2.096,
            2.08948,
            4.203
          ],
          [
            2.09333,
            6.2619,
            4.2109
          ],
          [
            6.25306,
            2.1182,
            4.23166
          ],
          [
            6.39723,
            6.14363,
            4.53752
          ],
          [
            8.23609,
            2.19032,
            6.35054
          ],
          [
            -0.1082,
            6.18537,
            6.47812
          ],
          [
            4.20126,
            2.20557,
            6.33828
          ],
          [
            4.03958,
            6.2214,
            6.35094
          ],
          [
            2.03567,
            0.02267,
            6.25802
          ],
          [
            2.04362,
            4.18835,
            6.24337
          ],
          [
            6.20616,
            0.07877,
            6.32495
          ],
          [
            2.0825,
            0.0,
            0.0
          ],
          [
            2.0825,
            4.165,
            0.0
          ],
          [
            6.2475,
            0.0,
            0.0
          ],
          [
            6.2475,
            4.165,
            0.0
          ],
          [
            0.0,
            2.0825,
            0.0
          ],
          [
            0.0,
            6.2475,
            0.0
          ],
          [
            4.165,
            2.0825,
            0.0
          ],
          [
            4.165,
            6.2475,
            0.0
          ],
          [
            2.0825,
            2.0825,
            2.0825
          ],
          [
            2.0825,
            6.2475,
            2.0825
          ],
          [
            6.2475,
            2.0825,
            2.0825
          ],
          [
            6.2475,
            6.2475,
            2.0825
          ],
          [
            0.0,
            0.0,
            2.0825
          ],
          [
            0.0,
            4.165,
            2.0825
          ],
          [
            4.165,
            0.0,
            2.0825
          ],
          [
            4.165,
            4.165,
            2.0825
          ],
          [
            2.09301,
            -0.00832,
            4.15565
          ],
          [
            2.09616,
            4.19568,
            4.1203
          ],
          [
            6.26353,
            -0.1525,
            4.17518
          ],
          [
            6.26294,
            4.25605,
            4.1308
          ],
          [
            8.31267,
            2.08245,
            4.15042
          ],
          [
            8.30088,
            6.25953,
            4.04194
          ],
          [
            4.19854,
            2.08657,
            4.15391
          ],
          [
            4.30848,
            6.25256,
            4.201
          ],
          [
            2.07775,
            2.06075,
            6.2489
          ],
          [
            2.0712,
            6.3167,
            6.22884
          ],
          [
            6.2109,
            1.98149,
            6.22826
          ],
          [
            6.11537,
            6.35588,
            6.38996
          ],
          [
            -0.04264,
            0.01403,
            6.26784
          ],
          [
            0.11502,
            4.17592,
            6.21538
          ],
          [
            4.13221,
            -0.01479,
            6.27099
          ],
          [
            3.9848,
            4.22149,
            6.23863
          ]
        ],
        "Stress": [
          [
            -44.14599,
            -0.46073,
            -1.41046
          ],
          [
            -0.46073,
            -46.127,
            -0.44142
          ],
          [
            -1.41046,
            -0.44142,
            -26.78744
          ]
        ],
        "computation_code": "VASP",
        "pseudopotential_information": [
          [
            "PAW_PBE",
            "Ni",
            "02Aug2007"
          ],
          [
            "PAW_PBE",
            "Nb_sv",
            "25May2007"
          ],
          [
            "PAW_PBE",
            "O",
            "08Apr2002"
          ]
        ]
      }
    ],
    "EnergyStyle": "electronvolt",
    "ForcesStyle": "electronvoltperangstrom",
    "LatticeStyle": "angstrom",
    "PositionsStyle": "angstrom",
    "StressStyle": "kB"
  }
}