{
  "Dataset": {
    "AtomTypeStyle": "chemicalsymbol",
    "Data": [
      {
        "AtomTypes": [
          "Ni",
          "Ni",
          "Ni",
          "Ni",
          "Ni",
          "Ni",
          "Ni",
          "Ni",
          "Ni",
          "Ni",
          "Ni",
          "Ni",
          "Ni",
          "Ni",
          "Ni",
          "Ni",
          "Ni",
          "Ni",
          "Ni",
          "Ni",
          "Ni",
          "Ni",
          "Ni",
          "Nb",
          "Ni",
          "Ni",
          "Ni",
          "Ni",
          "Ni",
          "Ni",
          "Ni",
          "Ni",
          "O",
          "O",
          "O",
          "O",
          "O",
          "O",
          "O",
          "O",
          "O",
          "O",
          "O",
          "O",
          "O",
          "O",
          "O",
          "O",
          "O",
          "O",
          "O",
          "O",
          "O",
          "O",
          "O",
          "O",
          "O",
          "O",
          "O",
          "O",
          "O",
          "O",
          "O",
          "O",
          "O",
          "O"
        ],
        "Energy": -357.39126096,
        "Forces": [
          [
            0.047605,
            0.022143,
            0.355519
          ],
          [
            0.047635,
            0.006552,
            0.322116
          ],
          [
            -0.018523,
            0.024037,
            0.317486
          ],
          [
            -0.018774,
            0.003702,
            0.338641
          ],
          [
            0.012717,
            0.007625,
            0.335681
          ],
          [
            0.012145,
            0.021984,
            0.361521
          ],
          [
            0.015041,
            0.007176,
            0.32058
          ],
          [
            0.020295,
            0.027021,
            0.206001
          ],
          [
            -0.004599,
            -0.035031,
            -0.123168
          ],
          [
            0.299373,
            0.027525,
            -0.973408
          ],
          [
            -0.031607,
            0.014105,
            -0.09391
          ],
          [
            -0.162287,
            -0.005993,
            -0.388454
          ],
          [
            -0.053456,
            -0.048891,
            -0.071148
          ],
          [
            -0.00186,
            0.059632,
            -0.082559
          ],
          [
            0.004425,
            0.157036,
            -0.572713
          ],
          [
            -0.03762,
            -0.1829,
            -0.337308
          ],
          [
            0.043685,
            -0.000755,
            -0.019916
          ],
          [
            0.024466,
            0.005464,
            0.00012
          ],
          [
            -0.022533,
            0.015449,
            -0.015931
          ],
          [
            -0.016096,
            -0.028592,
            0.017042
          ],
          [
            0.01232,
            0.017368,
            -0.039487
          ],
          [
            -0.002184,
            0.000695,
            -0.022456
          ],
          [
            -0.014567,
            0.014498,
            0.047985
          ],
          [
            0.055802,
            -0.075799,
            0.028672
          ],
          [
            -0.043507,
            0.038886,
            -0.019954
          ],
          [
            -0.001546,
            -0.007505,
            -0.03032
          ],
          [
            0.031024,
            0.041508,
            -0.005816
          ],
          [
            -0.010471,
            -0.057951,
            0.14832
          ],
          [
            -0.040803,
            0.01877,
            -0.022779
          ],
          [
            -0.014522,
            -0.023957,
            -0.013704
          ],
          [
            0.01425,
            0.031483,
            0.019993
          ],
          [
            -0.017025,
            -0.06083,
            0.011485
          ],
          [
            0.000129,
            0.002043,
            -0.184654
          ],
          [
            0.005627,
            -0.004122,
            -0.176457
          ],
          [
            0.001812,
            -0.010489,
            -0.123177
          ],
          [
            -0.004574,
            0.015095,
            -0.109722
          ],
          [
            -0.020053,
            0.005202,
            -0.190773
          ],
          [
            -0.033643,
            -0.004629,
            -0.18926
          ],
          [
            0.021792,
            0.011243,
            -0.186028
          ],
          [
            0.030926,
            -0.012408,
            -0.168056
          ],
          [
            -0.02151,
            0.008202,
            0.079267
          ],
          [
            0.096107,
            -0.017042,
            0.1788
          ],
          [
            -0.020558,
            0.037531,
            0.224042
          ],
          [
            -0.031877,
            -0.128865,
            0.431945
          ],
          [
            -0.062314,
            0.075792,
            0.106563
          ],
          [
            -0.099797,
            -0.102335,
            0.105336
          ],
          [
            0.03269,
            0.002031,
            0.130054
          ],
          [
            0.074993,
            -0.009998,
            0.131916
          ],
          [
            -0.013257,
            -0.010785,
            0.009525
          ],
          [
            -0.000196,
            0.010839,
            0.006342
          ],
          [
            0.001254,
            0.070523,
            -0.001642
          ],
          [
            0.003296,
            -0.030723,
            -0.008293
          ],
          [
            -0.007555,
            -0.010764,
            0.024106
          ],
          [
            0.011886,
            0.011214,
            0.018096
          ],
          [
            0.014659,
            0.004435,
            0.0076
          ],
          [
            -0.019151,
            0.007906,
            0.008716
          ],
          [
            -0.017979,
            -0.006967,
            0.023412
          ],
          [
            -0.122056,
            0.014082,
            -0.009654
          ],
          [
            0.001681,
            0.014439,
            -0.009032
          ],
          [
            0.090473,
            0.001263,
            -0.090862
          ],
          [
            0.00076,
            -0.025993,
            -0.00667
          ],
          [
            -0.006631,
            -0.007162,
            0.004591
          ],
          [
            -0.005015,
            0.082082,
            -0.035102
          ],
          [
            -0.012202,
            -0.089851,
            -0.034894
          ],
          [
            0.060144,
            0.046267,
            0.03228
          ],
          [
            -0.078664,
            0.017489,
            0.003549
          ]
        ],
        "Lattice": [
          [
            8.33,
            0.0,
            0.0
          ],
          [
            0.0,
            8.33,
            0.0
          ],
          [
            0.0,
            0.0,
            20.227360776
          ]
        ],
        "NumAtoms": 66,
        "Positions": [
          [
            0.0,
            0.0,
            0.0
          ],
          [
            0.0,
            4.165,
            0.0
          ],
          [
            4.165,
            0.0,
            0.0
          ],
          [
            4.165,
            4.165,
            0.0
          ],
          [
            2.0825,
            2.0825,
            0.0
          ],
          [
            2.0825,
            6.2475,
            0.0
          ],
          [
            6.2475,
            2.0825,
            0.0
          ],
          [
            6.2475,
            6.2475,
            0.0
          ],
          [
            0.0,
            2.0825,
            2.0825
          ],
          [
            0.0,
            6.2475,
            2.0825
          ],
          [
            4.165,
            2.0825,
            2.0825
          ],
          [
            4.165,
            6.2475,
            2.0825
          ],
          [
            2.0825,
            0.0,
            2.0825
          ],
          [
            2.0825,
            4.165,
            2.0825
          ],
          [
            6.2475,
            0.0,
            2.0825
          ],
          [
            6.2475,
            4.165,
            2.0825
          ],
          [
            0.0249,
            0.0385,
            4.24867
          ],
          [
            0.02924,
            4.13401,
            4.21767
          ],
          [
            4.12415,
            0.0199,
            4.22208
          ],
          [
            4.12757,
            4.15987,
            4.22742
          ],
          [
            2.07445,
            2.08622,
            4.1936
          ],
          [
            2.09899,
            6.25683,
            4.24288
          ],
          [
            6.2377,
            2.0518,
            4.21742
          ],
          [
            6.31553,
            6.29676,
            4.42211
          ],
          [
            -0.02104,
            2.06764,
            6.27449
          ],
          [
            -0.06089,
            6.27276,
            6.49384
          ],
          [
            4.09642,
            2.0809,
            6.26291
          ],
          [
            4.04125,
            6.33456,
            6.79
          ],
          [
            2.02467,
            0.00271,
            6.28274
          ],
          [
            2.03459,
            4.18059,
            6.27285
          ],
          [
            6.13257,
            0.0969,
            6.8115
          ],
          [
            6.20351,
            4.06342,
            6.353
          ],
          [
            2.0825,
            0.0,
            0.0
          ],
          [
            2.0825,
            4.165,
            0.0
          ],
          [
            6.2475,
            0.0,
            0.0
          ],
          [
            6.2475,
            4.165,
            0.0
          ],
          [
            0.0,
            2.0825,
            0.0
          ],
          [
            0.0,
            6.2475,
            0.0
          ],
          [
            4.165,
            2.0825,
            0.0
          ],
          [
            4.165,
            6.2475,
            0.0
          ],
          [
            2.0825,
            2.0825,
            2.0825
          ],
          [
            2.0825,
            6.2475,
            2.0825
          ],
          [
            6.2475,
            2.0825,
            2.0825
          ],
          [
            6.2475,
            6.2475,
            2.0825
          ],
          [
            0.0,
            0.0,
            2.0825
          ],
          [
            0.0,
            4.165,
            2.0825
          ],
          [
            4.165,
            0.0,
            2.0825
          ],
          [
            4.165,
            4.165,
            2.0825
          ],
          [
            2.06719,
            -0.00871,
            4.17424
          ],
          [
            2.07732,
            4.18621,
            4.17738
          ],
          [
            6.25037,
            -0.05581,
            4.13299
          ],
          [
            6.2459,
            4.21788,
            4.18657
          ],
          [
            8.30056,
            2.08325,
            4.16453
          ],
          [
            -0.03345,
            6.24237,
            4.0396
          ],
          [
            4.17281,
            2.09306,
            4.16128
          ],
          [
            4.27013,
            6.24595,
            4.12198
          ],
          [
            2.04236,
            2.10685,
            6.23616
          ],
          [
            2.08279,
            6.23988,
            6.2729
          ],
          [
            6.20819,
            2.07491,
            6.27803
          ],
          [
            6.16332,
            6.14867,
            6.29248
          ],
          [
            -0.02438,
            0.05416,
            6.29543
          ],
          [
            -0.05469,
            4.11303,
            6.25693
          ],
          [
            4.08566,
            0.06761,
            6.21751
          ],
          [
            4.1405,
            4.12387,
            6.28956
          ],
          [
            4.64658,
            6.8285,
            8.55337
          ],
          [
            5.72415,
            7.70724,
            8.52225
          ]
        ],
        "Stress": [
          [
            -52.27621,
            -0.68208,
            -0.76547
          ],
          [
            -0.68208,
            -49.16688,
            -0.07957
          ],
          [
            -0.76547,
            -0.07957,
            -27.66854
          ]
        ],
        "computation_code": "VASP",
        "pseudopotential_information": [
          [
            "PAW_PBE",
            "Ni",
            "02Aug2007"
          ],
          [
            "PAW_PBE",
            "Nb_sv",
            "25May2007"
          ],
          [
            "PAW_PBE",
            "O",
            "08Apr2002"
          ]
        ]
      }
    ],
    "EnergyStyle": "electronvolt",
    "ForcesStyle": "electronvoltperangstrom",
    "LatticeStyle": "angstrom",
    "PositionsStyle": "angstrom",
    "StressStyle": "kB"
  }
}