{
  "Dataset": {
    "AtomTypeStyle": "chemicalsymbol",
    "Data": [
      {
        "AtomTypes": [
          "Ni",
          "Ni",
          "Ni",
          "Ni",
          "Ni",
          "Ni",
          "Ni",
          "Ni",
          "Ni",
          "Ni",
          "Ni",
          "Ni",
          "Ni",
          "Ni",
          "Ni",
          "Ni",
          "Ni",
          "Ni",
          "Ni",
          "Ni",
          "Ni",
          "Ni",
          "Ni",
          "Nb",
          "Ni",
          "Ni",
          "Ni",
          "Ni",
          "Ni",
          "Ni",
          "Ni",
          "O",
          "O",
          "O",
          "O",
          "O",
          "O",
          "O",
          "O",
          "O",
          "O",
          "O",
          "O",
          "O",
          "O",
          "O",
          "O",
          "O",
          "O",
          "O",
          "O",
          "O",
          "O",
          "O",
          "O",
          "O",
          "O",
          "O",
          "O",
          "O",
          "O",
          "O",
          "O"
        ],
        "Energy": -343.31974357,
        "Forces": [
          [
            0.039488,
            0.033372,
            0.356126
          ],
          [
            0.043289,
            -0.004624,
            0.356181
          ],
          [
            -0.011533,
            0.037316,
            0.341926
          ],
          [
            -0.016489,
            -0.00792,
            0.360029
          ],
          [
            0.008181,
            0.023073,
            0.369774
          ],
          [
            0.006046,
            0.00618,
            0.340289
          ],
          [
            0.017329,
            0.019635,
            0.332511
          ],
          [
            0.024547,
            0.005883,
            0.299877
          ],
          [
            -0.002458,
            0.002474,
            -0.138659
          ],
          [
            0.095479,
            0.011968,
            -1.007193
          ],
          [
            -0.050243,
            0.030655,
            -0.084922
          ],
          [
            0.035657,
            -0.022035,
            -0.181765
          ],
          [
            -0.029132,
            0.042115,
            -0.142036
          ],
          [
            0.006426,
            -0.022296,
            -0.235344
          ],
          [
            -0.005711,
            -0.032792,
            -0.266738
          ],
          [
            -0.032105,
            -0.042782,
            -0.583408
          ],
          [
            -0.01034,
            -0.002299,
            0.010448
          ],
          [
            -0.014442,
            0.004783,
            0.003952
          ],
          [
            0.001681,
            0.006923,
            -0.002142
          ],
          [
            -0.003688,
            -0.012631,
            -0.015665
          ],
          [
            0.00237,
            0.00394,
            0.009703
          ],
          [
            -0.00331,
            -0.003861,
            0.010633
          ],
          [
            -0.005928,
            0.0044,
            -0.005028
          ],
          [
            0.003662,
            -0.007595,
            -0.028201
          ],
          [
            0.000227,
            -0.013587,
            -0.004005
          ],
          [
            0.017302,
            0.00666,
            0.003419
          ],
          [
            -0.008907,
            -0.012149,
            -0.018901
          ],
          [
            -0.019068,
            0.005956,
            0.003718
          ],
          [
            0.002828,
            0.004833,
            0.008919
          ],
          [
            -0.001297,
            -0.00891,
            0.009029
          ],
          [
            0.003169,
            0.012383,
            -0.000429
          ],
          [
            0.008025,
            -0.018011,
            -0.200111
          ],
          [
            0.003461,
            0.014686,
            -0.22274
          ],
          [
            -0.009137,
            0.002833,
            -0.144952
          ],
          [
            -0.003477,
            1.6e-05,
            -0.154749
          ],
          [
            -0.019191,
            -0.004911,
            -0.212616
          ],
          [
            -0.009879,
            0.003336,
            -0.184407
          ],
          [
            0.019491,
            -0.010403,
            -0.202719
          ],
          [
            0.007374,
            0.009571,
            -0.15103
          ],
          [
            -0.01372,
            -0.049306,
            0.042144
          ],
          [
            0.14724,
            0.045227,
            0.178367
          ],
          [
            -0.042468,
            -0.047161,
            0.262185
          ],
          [
            -0.117769,
            0.013799,
            0.413195
          ],
          [
            -0.098067,
            0.033151,
            0.090911
          ],
          [
            -0.108401,
            -0.053003,
            0.046999
          ],
          [
            0.074948,
            -0.103266,
            0.162761
          ],
          [
            0.093975,
            0.084343,
            0.117091
          ],
          [
            0.00108,
            0.000394,
            -0.001376
          ],
          [
            -0.002409,
            0.006645,
            -0.004358
          ],
          [
            -0.006317,
            0.004496,
            -0.000728
          ],
          [
            -0.007508,
            -0.003307,
            0.001796
          ],
          [
            0.002547,
            0.003072,
            0.013185
          ],
          [
            -0.000115,
            0.005372,
            -0.011273
          ],
          [
            -0.007746,
            -0.000566,
            0.009344
          ],
          [
            -0.014839,
            -0.000678,
            -0.001145
          ],
          [
            0.000192,
            -0.001825,
            0.002116
          ],
          [
            0.010985,
            -0.00049,
            -0.004499
          ],
          [
            -0.0051,
            -0.001282,
            0.007292
          ],
          [
            0.000834,
            -0.000714,
            0.026917
          ],
          [
            0.002753,
            0.012896,
            0.002463
          ],
          [
            -0.009161,
            -0.007087,
            0.019258
          ],
          [
            0.001316,
            -0.001819,
            -0.006005
          ],
          [
            0.008051,
            -0.005077,
            0.004581
          ]
        ],
        "Lattice": [
          [
            8.33,
            0.0,
            0.0
          ],
          [
            0.0,
            8.33,
            0.0
          ],
          [
            0.0,
            0.0,
            20.227360776
          ]
        ],
        "NumAtoms": 63,
        "Positions": [
          [
            0.0,
            0.0,
            0.0
          ],
          [
            0.0,
            4.165,
            0.0
          ],
          [
            4.165,
            0.0,
            0.0
          ],
          [
            4.165,
            4.165,
            0.0
          ],
          [
            2.0825,
            2.0825,
            0.0
          ],
          [
            2.0825,
            6.2475,
            0.0
          ],
          [
            6.2475,
            2.0825,
            0.0
          ],
          [
            6.2475,
            6.2475,
            0.0
          ],
          [
            0.0,
            2.0825,
            2.0825
          ],
          [
            0.0,
            6.2475,
            2.0825
          ],
          [
            4.165,
            2.0825,
            2.0825
          ],
          [
            4.165,
            6.2475,
            2.0825
          ],
          [
            2.0825,
            0.0,
            2.0825
          ],
          [
            2.0825,
            4.165,
            2.0825
          ],
          [
            6.2475,
            0.0,
            2.0825
          ],
          [
            6.2475,
            4.165,
            2.0825
          ],
          [
            0.02889,
            0.05243,
            4.22429
          ],
          [
            0.05416,
            4.11816,
            4.21654
          ],
          [
            4.12745,
            0.02709,
            4.22172
          ],
          [
            4.11271,
            4.14593,
            4.2348
          ],
          [
            2.07533,
            2.08622,
            4.20535
          ],
          [
            2.07096,
            6.25925,
            4.20948
          ],
          [
            6.23053,
            2.11501,
            4.23024
          ],
          [
            6.38153,
            6.14207,
            4.54009
          ],
          [
            8.20877,
            2.18826,
            6.34547
          ],
          [
            -0.14415,
            6.17756,
            6.47787
          ],
          [
            4.17641,
            2.20139,
            6.3382
          ],
          [
            4.01502,
            6.21539,
            6.34486
          ],
          [
            2.00805,
            0.01727,
            6.2569
          ],
          [
            2.01627,
            4.18757,
            6.24272
          ],
          [
            6.1801,
            0.07343,
            6.32253
          ],
          [
            2.0825,
            0.0,
            0.0
          ],
          [
            2.0825,
            4.165,
            0.0
          ],
          [
            6.2475,
            0.0,
            0.0
          ],
          [
            6.2475,
            4.165,
            0.0
          ],
          [
            0.0,
            2.0825,
            0.0
          ],
          [
            0.0,
            6.2475,
            0.0
          ],
          [
            4.165,
            2.0825,
            0.0
          ],
          [
            4.165,
            6.2475,
            0.0
          ],
          [
            2.0825,
            2.0825,
            2.0825
          ],
          [
            2.0825,
            6.2475,
            2.0825
          ],
          [
            6.2475,
            2.0825,
            2.0825
          ],
          [
            6.2475,
            6.2475,
            2.0825
          ],
          [
            0.0,
            0.0,
            2.0825
          ],
          [
            0.0,
            4.165,
            2.0825
          ],
          [
            4.165,
            0.0,
            2.0825
          ],
          [
            4.165,
            4.165,
            2.0825
          ],
          [
            2.07493,
            -0.00957,
            4.1542
          ],
          [
            2.07845,
            4.19144,
            4.11885
          ],
          [
            6.24736,
            -0.15544,
            4.17374
          ],
          [
            6.24632,
            4.2533,
            4.12997
          ],
          [
            8.291,
            2.08076,
            4.14921
          ],
          [
            8.28961,
            6.25636,
            4.04644
          ],
          [
            4.17631,
            2.08371,
            4.15421
          ],
          [
            4.29328,
            6.24981,
            4.19918
          ],
          [
            2.05201,
            2.05562,
            6.25051
          ],
          [
            2.04386,
            6.31217,
            6.22531
          ],
          [
            6.18538,
            1.97795,
            6.22732
          ],
          [
            6.09023,
            6.34723,
            6.38785
          ],
          [
            -0.06996,
            0.01049,
            6.26396
          ],
          [
            0.08625,
            4.17363,
            6.21324
          ],
          [
            4.10834,
            -0.02202,
            6.27197
          ],
          [
            3.95791,
            4.21561,
            6.24144
          ]
        ],
        "Stress": [
          [
            -43.65923,
            -0.38351,
            -0.43612
          ],
          [
            -0.38351,
            -45.71377,
            -0.23581
          ],
          [
            -0.43612,
            -0.23581,
            -26.12746
          ]
        ],
        "computation_code": "VASP",
        "pseudopotential_information": [
          [
            "PAW_PBE",
            "Ni",
            "02Aug2007"
          ],
          [
            "PAW_PBE",
            "Nb_sv",
            "25May2007"
          ],
          [
            "PAW_PBE",
            "O",
            "08Apr2002"
          ]
        ]
      }
    ],
    "EnergyStyle": "electronvolt",
    "ForcesStyle": "electronvoltperangstrom",
    "LatticeStyle": "angstrom",
    "PositionsStyle": "angstrom",
    "StressStyle": "kB"
  }
}