{
  "Dataset": {
    "AtomTypeStyle": "chemicalsymbol",
    "Data": [
      {
        "AtomTypes": [
          "Ni",
          "Ni",
          "Ni",
          "Ni",
          "Ni",
          "Ni",
          "Ni",
          "Ni",
          "Ni",
          "Ni",
          "Ni",
          "Ni",
          "Ni",
          "Ni",
          "Ni",
          "Ni",
          "Ni",
          "Ni",
          "Ni",
          "Ni",
          "Ni",
          "Ni",
          "Ni",
          "Nb",
          "Ni",
          "Ni",
          "Ni",
          "Ni",
          "Ni",
          "Ni",
          "Ni",
          "Ni",
          "O",
          "O",
          "O",
          "O",
          "O",
          "O",
          "O",
          "O",
          "O",
          "O",
          "O",
          "O",
          "O",
          "O",
          "O",
          "O",
          "O",
          "O",
          "O",
          "O",
          "O",
          "O",
          "O",
          "O",
          "O",
          "O",
          "O",
          "O",
          "O",
          "O",
          "O"
        ],
        "Energy": -336.93250559,
        "Forces": [
          [
            0.002319,
            0.057913,
            0.327427
          ],
          [
            0.045635,
            -0.02313,
            0.317896
          ],
          [
            0.007353,
            0.044285,
            0.366403
          ],
          [
            -0.018814,
            -0.0201,
            0.333694
          ],
          [
            0.020449,
            -0.011836,
            0.346831
          ],
          [
            0.023413,
            0.040283,
            0.337305
          ],
          [
            0.009017,
            -0.058283,
            0.314854
          ],
          [
            0.001251,
            0.085205,
            0.17445
          ],
          [
            0.032448,
            -0.002866,
            -0.204077
          ],
          [
            0.167012,
            0.051566,
            -0.286203
          ],
          [
            -0.008682,
            -0.10761,
            -0.103497
          ],
          [
            -0.332163,
            0.028614,
            -1.063243
          ],
          [
            -0.023521,
            0.008409,
            -0.027959
          ],
          [
            0.021127,
            -0.017816,
            -0.119647
          ],
          [
            0.067826,
            -0.035444,
            0.331898
          ],
          [
            -0.039148,
            -0.198449,
            -0.092186
          ],
          [
            0.024887,
            -0.002146,
            -0.018578
          ],
          [
            0.008142,
            0.009318,
            -0.037799
          ],
          [
            0.00521,
            0.003004,
            -0.011186
          ],
          [
            0.000943,
            -0.008147,
            -0.013507
          ],
          [
            0.010371,
            -0.012273,
            -0.03287
          ],
          [
            0.019085,
            -3.8e-05,
            -0.027745
          ],
          [
            -0.00019,
            -0.011571,
            0.000835
          ],
          [
            0.001874,
            -0.012971,
            -0.07203
          ],
          [
            -0.005719,
            -0.000331,
            0.015655
          ],
          [
            0.064481,
            -0.001679,
            0.001488
          ],
          [
            0.007928,
            -0.013146,
            0.005213
          ],
          [
            -0.007347,
            -0.006007,
            -0.02269
          ],
          [
            0.019826,
            0.007597,
            -0.005958
          ],
          [
            0.005563,
            0.008144,
            -0.00403
          ],
          [
            0.010049,
            0.013633,
            0.020999
          ],
          [
            -0.004579,
            -0.015258,
            -0.006694
          ],
          [
            0.005428,
            -0.023281,
            -0.20042
          ],
          [
            -0.010638,
            0.021538,
            -0.180732
          ],
          [
            -0.00692,
            -0.021312,
            -0.302372
          ],
          [
            0.011912,
            0.046069,
            -0.113422
          ],
          [
            -0.009693,
            0.039561,
            -0.16947
          ],
          [
            -0.049609,
            -0.042267,
            -0.112048
          ],
          [
            0.008458,
            0.037375,
            -0.194804
          ],
          [
            0.053173,
            -0.043803,
            -0.163381
          ],
          [
            -0.024803,
            0.033819,
            -0.029533
          ],
          [
            -0.18662,
            -0.059391,
            0.071439
          ],
          [
            0.016428,
            0.021649,
            0.09416
          ],
          [
            0.075632,
            0.187242,
            0.626056
          ],
          [
            -0.075276,
            -0.07715,
            -0.169348
          ],
          [
            -0.101486,
            0.102256,
            0.060565
          ],
          [
            0.036688,
            0.009782,
            -0.136137
          ],
          [
            0.058021,
            -0.023624,
            0.031879
          ],
          [
            0.006887,
            -0.010403,
            0.038729
          ],
          [
            0.008096,
            0.006869,
            0.029218
          ],
          [
            0.0079,
            0.017627,
            0.014126
          ],
          [
            -0.006279,
            0.000511,
            0.006427
          ],
          [
            0.023819,
            -0.006163,
            -0.007087
          ],
          [
            0.007351,
            0.001376,
            0.000955
          ],
          [
            -0.01003,
            -0.009345,
            0.004864
          ],
          [
            0.007459,
            0.00652,
            0.005883
          ],
          [
            -0.028633,
            0.003408,
            -0.004278
          ],
          [
            0.008189,
            -0.002897,
            0.015341
          ],
          [
            0.010848,
            -0.008227,
            0.020589
          ],
          [
            -0.000195,
            0.002547,
            0.003512
          ],
          [
            0.009917,
            0.00436,
            -0.004088
          ],
          [
            0.000999,
            -0.004502,
            -0.02184
          ],
          [
            0.016932,
            -0.009009,
            0.040167
          ]
        ],
        "Lattice": [
          [
            8.33,
            0.0,
            0.0
          ],
          [
            0.0,
            8.33,
            0.0
          ],
          [
            0.0,
            0.0,
            20.227360776
          ]
        ],
        "NumAtoms": 63,
        "Positions": [
          [
            0.0,
            0.0,
            0.0
          ],
          [
            0.0,
            4.165,
            0.0
          ],
          [
            4.165,
            0.0,
            0.0
          ],
          [
            4.165,
            4.165,
            0.0
          ],
          [
            2.0825,
            2.0825,
            0.0
          ],
          [
            2.0825,
            6.2475,
            0.0
          ],
          [
            6.2475,
            2.0825,
            0.0
          ],
          [
            6.2475,
            6.2475,
            0.0
          ],
          [
            0.0,
            2.0825,
            2.0825
          ],
          [
            0.0,
            6.2475,
            2.0825
          ],
          [
            4.165,
            2.0825,
            2.0825
          ],
          [
            4.165,
            6.2475,
            2.0825
          ],
          [
            2.0825,
            0.0,
            2.0825
          ],
          [
            2.0825,
            4.165,
            2.0825
          ],
          [
            6.2475,
            0.0,
            2.0825
          ],
          [
            6.2475,
            4.165,
            2.0825
          ],
          [
            -0.0901,
            0.04186,
            4.17023
          ],
          [
            -0.00786,
            4.15167,
            4.18711
          ],
          [
            4.1622,
            8.3069,
            4.20477
          ],
          [
            4.15454,
            4.1248,
            4.19717
          ],
          [
            2.08298,
            2.06174,
            4.1749
          ],
          [
            2.06974,
            6.26281,
            4.19484
          ],
          [
            6.25695,
            1.86404,
            4.149
          ],
          [
            6.1232,
            6.48565,
            4.36175
          ],
          [
            0.00551,
            2.04993,
            6.21507
          ],
          [
            0.07973,
            6.24767,
            6.28494
          ],
          [
            4.16331,
            2.04279,
            6.2215
          ],
          [
            4.19188,
            6.24902,
            6.47472
          ],
          [
            2.09604,
            8.31217,
            6.20274
          ],
          [
            2.10815,
            4.15163,
            6.22437
          ],
          [
            6.23674,
            0.00523,
            6.25689
          ],
          [
            6.23935,
            4.06195,
            6.21235
          ],
          [
            2.0825,
            0.0,
            0.0
          ],
          [
            2.0825,
            4.165,
            0.0
          ],
          [
            6.2475,
            0.0,
            0.0
          ],
          [
            6.2475,
            4.165,
            0.0
          ],
          [
            0.0,
            2.0825,
            0.0
          ],
          [
            0.0,
            6.2475,
            0.0
          ],
          [
            4.165,
            2.0825,
            0.0
          ],
          [
            4.165,
            6.2475,
            0.0
          ],
          [
            2.0825,
            2.0825,
            2.0825
          ],
          [
            2.0825,
            6.2475,
            2.0825
          ],
          [
            6.2475,
            2.0825,
            2.0825
          ],
          [
            6.2475,
            6.2475,
            2.0825
          ],
          [
            0.0,
            0.0,
            2.0825
          ],
          [
            0.0,
            4.165,
            2.0825
          ],
          [
            4.165,
            0.0,
            2.0825
          ],
          [
            4.165,
            4.165,
            2.0825
          ],
          [
            1.99999,
            -0.00988,
            4.1458
          ],
          [
            2.08115,
            4.17399,
            4.15956
          ],
          [
            6.22308,
            4.35035,
            4.164
          ],
          [
            8.31212,
            2.0999,
            4.14933
          ],
          [
            -0.09022,
            6.25177,
            4.17537
          ],
          [
            4.19158,
            2.06484,
            4.15189
          ],
          [
            4.15965,
            6.2783,
            4.04206
          ],
          [
            2.06785,
            2.08667,
            6.23537
          ],
          [
            2.05242,
            6.21451,
            6.23931
          ],
          [
            6.26805,
            2.06417,
            6.17988
          ],
          [
            0.02289,
            -0.01151,
            6.23733
          ],
          [
            8.312,
            4.15538,
            6.24903
          ],
          [
            4.12804,
            0.02453,
            6.26265
          ],
          [
            4.19447,
            4.10343,
            6.25148
          ],
          [
            6.34584,
            6.25979,
            6.28376
          ]
        ],
        "Stress": [
          [
            -50.43831,
            0.49825,
            0.58025
          ],
          [
            0.49825,
            -52.5439,
            -0.38267
          ],
          [
            0.58025,
            -0.38267,
            -25.60837
          ]
        ],
        "computation_code": "VASP",
        "pseudopotential_information": [
          [
            "PAW_PBE",
            "Ni",
            "02Aug2007"
          ],
          [
            "PAW_PBE",
            "Nb_sv",
            "25May2007"
          ],
          [
            "PAW_PBE",
            "O",
            "08Apr2002"
          ]
        ]
      }
    ],
    "EnergyStyle": "electronvolt",
    "ForcesStyle": "electronvoltperangstrom",
    "LatticeStyle": "angstrom",
    "PositionsStyle": "angstrom",
    "StressStyle": "kB"
  }
}