{
  "Dataset": {
    "AtomTypeStyle": "chemicalsymbol",
    "Data": [
      {
        "AtomTypes": [
          "Ni",
          "Ni",
          "Ni",
          "Ni",
          "Ni",
          "Ni",
          "Ni",
          "Ni",
          "Ni",
          "Ni",
          "Ni",
          "Ni",
          "Ni",
          "Ni",
          "Ni",
          "Ni",
          "Ni",
          "Ni",
          "Ni",
          "Ni",
          "Ni",
          "Ni",
          "Ni",
          "Nb",
          "Ni",
          "Ni",
          "Ni",
          "Ni",
          "Ni",
          "Ni",
          "Ni",
          "O",
          "O",
          "O",
          "O",
          "O",
          "O",
          "O",
          "O",
          "O",
          "O",
          "O",
          "O",
          "O",
          "O",
          "O",
          "O",
          "O",
          "O",
          "O",
          "O",
          "O",
          "O",
          "O",
          "O",
          "O",
          "O",
          "O",
          "O",
          "O",
          "O",
          "O",
          "O"
        ],
        "Energy": -342.88218187,
        "Forces": [
          [
            0.036937,
            0.052512,
            0.294186
          ],
          [
            0.036461,
            -0.025301,
            0.281089
          ],
          [
            -0.006844,
            0.034975,
            0.26013
          ],
          [
            -0.013557,
            -0.018294,
            0.302126
          ],
          [
            0.01492,
            0.019162,
            0.324273
          ],
          [
            0.021794,
            0.007395,
            0.289742
          ],
          [
            0.012591,
            0.014357,
            0.317881
          ],
          [
            -0.022681,
            0.0051,
            0.038997
          ],
          [
            -0.003659,
            0.0156,
            -0.098226
          ],
          [
            0.254839,
            -0.006118,
            -0.425503
          ],
          [
            -0.012928,
            -0.000378,
            -0.112126
          ],
          [
            -0.313312,
            0.012111,
            -0.475074
          ],
          [
            -0.000352,
            0.039131,
            -0.149269
          ],
          [
            -0.014073,
            -0.065462,
            -0.214621
          ],
          [
            -0.002814,
            0.250421,
            -0.367244
          ],
          [
            0.00413,
            -0.376227,
            -0.820171
          ],
          [
            -0.003928,
            -0.010932,
            0.021533
          ],
          [
            0.021384,
            0.023537,
            -0.00767
          ],
          [
            0.01042,
            -0.006904,
            0.007937
          ],
          [
            -0.017914,
            0.019904,
            -0.017284
          ],
          [
            0.009547,
            0.003475,
            0.01416
          ],
          [
            0.010637,
            0.004046,
            0.016696
          ],
          [
            -0.001439,
            -0.023443,
            -0.006633
          ],
          [
            -0.00584,
            0.029501,
            0.04617
          ],
          [
            0.009172,
            0.000844,
            0.076251
          ],
          [
            -0.008352,
            0.010208,
            0.027578
          ],
          [
            0.009526,
            0.004305,
            0.019256
          ],
          [
            0.013967,
            0.012469,
            0.03337
          ],
          [
            0.001203,
            0.012403,
            0.009108
          ],
          [
            0.011735,
            0.026949,
            0.008591
          ],
          [
            0.005087,
            -0.008718,
            0.008248
          ],
          [
            -0.014224,
            -0.027333,
            -0.163344
          ],
          [
            0.007386,
            0.025946,
            -0.184942
          ],
          [
            0.014751,
            -0.025902,
            -0.093301
          ],
          [
            -0.007036,
            0.027919,
            -0.100864
          ],
          [
            -0.014354,
            -0.013868,
            -0.162765
          ],
          [
            -0.018021,
            0.015868,
            -0.055068
          ],
          [
            0.014351,
            0.006844,
            -0.159118
          ],
          [
            0.022436,
            -0.006694,
            -0.081857
          ],
          [
            -0.014432,
            -0.06062,
            0.053178
          ],
          [
            -0.037127,
            0.019488,
            0.158544
          ],
          [
            -0.016319,
            -0.05967,
            0.156711
          ],
          [
            -0.005495,
            0.035447,
            0.546554
          ],
          [
            -0.080355,
            -0.147809,
            0.133072
          ],
          [
            -0.092984,
            0.114929,
            0.128015
          ],
          [
            0.052918,
            -0.129808,
            0.148958
          ],
          [
            0.053894,
            0.087432,
            0.110781
          ],
          [
            0.001522,
            -0.004351,
            -0.001769
          ],
          [
            0.005935,
            0.005347,
            -0.016222
          ],
          [
            0.00112,
            -0.023706,
            -0.008775
          ],
          [
            0.010784,
            0.010246,
            0.007915
          ],
          [
            0.000314,
            0.007924,
            -0.026734
          ],
          [
            -0.009451,
            -0.003725,
            0.002691
          ],
          [
            0.012948,
            0.012983,
            -0.007858
          ],
          [
            0.013941,
            0.004496,
            -0.008739
          ],
          [
            0.019723,
            0.000458,
            -0.01658
          ],
          [
            0.030518,
            0.010406,
            -0.001958
          ],
          [
            -0.020079,
            0.015238,
            -0.011538
          ],
          [
            -0.007427,
            -0.005469,
            -0.030852
          ],
          [
            0.014185,
            0.00679,
            0.000797
          ],
          [
            0.003144,
            0.017862,
            -0.001719
          ],
          [
            -0.005638,
            0.012354,
            -0.01035
          ],
          [
            0.006416,
            0.014346,
            -0.006363
          ]
        ],
        "Lattice": [
          [
            8.33,
            0.0,
            0.0
          ],
          [
            0.0,
            8.33,
            0.0
          ],
          [
            0.0,
            0.0,
            20.227360776
          ]
        ],
        "NumAtoms": 63,
        "Positions": [
          [
            0.0,
            0.0,
            0.0
          ],
          [
            0.0,
            4.165,
            0.0
          ],
          [
            4.165,
            0.0,
            0.0
          ],
          [
            4.165,
            4.165,
            0.0
          ],
          [
            2.0825,
            2.0825,
            0.0
          ],
          [
            2.0825,
            6.2475,
            0.0
          ],
          [
            6.2475,
            2.0825,
            0.0
          ],
          [
            6.2475,
            6.2475,
            0.0
          ],
          [
            0.0,
            2.0825,
            2.0825
          ],
          [
            0.0,
            6.2475,
            2.0825
          ],
          [
            4.165,
            2.0825,
            2.0825
          ],
          [
            4.165,
            6.2475,
            2.0825
          ],
          [
            2.0825,
            0.0,
            2.0825
          ],
          [
            2.0825,
            4.165,
            2.0825
          ],
          [
            6.2475,
            0.0,
            2.0825
          ],
          [
            6.2475,
            4.165,
            2.0825
          ],
          [
            0.02933,
            0.03364,
            4.21545
          ],
          [
            0.03997,
            4.11566,
            4.23172
          ],
          [
            4.13241,
            0.03193,
            4.21179
          ],
          [
            4.11828,
            4.1087,
            4.22375
          ],
          [
            2.07805,
            2.07408,
            4.20361
          ],
          [
            2.07873,
            6.2359,
            4.20185
          ],
          [
            6.24491,
            2.09299,
            4.22673
          ],
          [
            6.25078,
            6.1308,
            4.36639
          ],
          [
            8.24408,
            2.18085,
            6.32981
          ],
          [
            0.07262,
            6.19801,
            6.36051
          ],
          [
            4.23195,
            2.17896,
            6.32925
          ],
          [
            4.09102,
            6.19061,
            6.32399
          ],
          [
            2.07346,
            0.0169,
            6.25248
          ],
          [
            2.07154,
            4.14412,
            6.24585
          ],
          [
            6.24166,
            0.04333,
            6.29172
          ],
          [
            2.0825,
            0.0,
            0.0
          ],
          [
            2.0825,
            4.165,
            0.0
          ],
          [
            6.2475,
            0.0,
            0.0
          ],
          [
            6.2475,
            4.165,
            0.0
          ],
          [
            0.0,
            2.0825,
            0.0
          ],
          [
            0.0,
            6.2475,
            0.0
          ],
          [
            4.165,
            2.0825,
            0.0
          ],
          [
            4.165,
            6.2475,
            0.0
          ],
          [
            2.0825,
            2.0825,
            2.0825
          ],
          [
            2.0825,
            6.2475,
            2.0825
          ],
          [
            6.2475,
            2.0825,
            2.0825
          ],
          [
            6.2475,
            6.2475,
            2.0825
          ],
          [
            0.0,
            0.0,
            2.0825
          ],
          [
            0.0,
            4.165,
            2.0825
          ],
          [
            4.165,
            0.0,
            2.0825
          ],
          [
            4.165,
            4.165,
            2.0825
          ],
          [
            2.08119,
            -0.02026,
            4.1572
          ],
          [
            2.07804,
            4.17205,
            4.12739
          ],
          [
            6.24289,
            -0.0832,
            4.14502
          ],
          [
            6.23914,
            4.18665,
            4.09449
          ],
          [
            8.31377,
            2.07431,
            4.16616
          ],
          [
            8.29442,
            6.24274,
            4.19
          ],
          [
            4.17294,
            2.06962,
            4.1669
          ],
          [
            4.18632,
            6.23917,
            4.17067
          ],
          [
            2.07984,
            2.0433,
            6.26203
          ],
          [
            2.09179,
            6.2942,
            6.255
          ],
          [
            6.23632,
            1.95195,
            6.24376
          ],
          [
            6.23183,
            6.36002,
            6.25433
          ],
          [
            0.00061,
            -0.04587,
            6.26713
          ],
          [
            0.13979,
            4.19521,
            6.24215
          ],
          [
            4.15285,
            8.26971,
            6.26821
          ],
          [
            4.00804,
            4.19842,
            6.23926
          ]
        ],
        "Stress": [
          [
            -40.85384,
            0.01348,
            0.2793
          ],
          [
            0.01348,
            -44.13315,
            0.48932
          ],
          [
            0.2793,
            0.48932,
            -25.3945
          ]
        ],
        "computation_code": "VASP",
        "pseudopotential_information": [
          [
            "PAW_PBE",
            "Ni",
            "02Aug2007"
          ],
          [
            "PAW_PBE",
            "Nb_sv",
            "25May2007"
          ],
          [
            "PAW_PBE",
            "O",
            "08Apr2002"
          ]
        ]
      }
    ],
    "EnergyStyle": "electronvolt",
    "ForcesStyle": "electronvoltperangstrom",
    "LatticeStyle": "angstrom",
    "PositionsStyle": "angstrom",
    "StressStyle": "kB"
  }
}