{
  "Dataset": {
    "AtomTypeStyle": "chemicalsymbol",
    "Data": [
      {
        "AtomTypes": [
          "Ni",
          "Ni",
          "Ni",
          "Ni",
          "Ni",
          "Ni",
          "Ni",
          "Ni",
          "Ni",
          "Ni",
          "Ni",
          "Ni",
          "Ni",
          "Ni",
          "Ni",
          "Ni",
          "Ni",
          "Ni",
          "Ni",
          "Ni",
          "Ni",
          "Ni",
          "Ni",
          "Nb",
          "Ni",
          "Ni",
          "Ni",
          "Ni",
          "Ni",
          "Ni",
          "Ni",
          "Ni",
          "O",
          "O",
          "O",
          "O",
          "O",
          "O",
          "O",
          "O",
          "O",
          "O",
          "O",
          "O",
          "O",
          "O",
          "O",
          "O",
          "O",
          "O",
          "O",
          "O",
          "O",
          "O",
          "O",
          "O",
          "O",
          "O",
          "O",
          "O",
          "O",
          "O",
          "O"
        ],
        "Energy": -336.93493352,
        "Forces": [
          [
            0.001653,
            0.057738,
            0.327111
          ],
          [
            0.044833,
            -0.023074,
            0.315999
          ],
          [
            0.00885,
            0.044185,
            0.365236
          ],
          [
            -0.017659,
            -0.020369,
            0.332307
          ],
          [
            0.020463,
            -0.011866,
            0.344154
          ],
          [
            0.023527,
            0.040059,
            0.335866
          ],
          [
            0.009192,
            -0.058965,
            0.316804
          ],
          [
            0.001768,
            0.085601,
            0.175248
          ],
          [
            0.023489,
            -0.005229,
            -0.202809
          ],
          [
            0.166595,
            0.056218,
            -0.28958
          ],
          [
            0.002414,
            -0.108825,
            -0.11021
          ],
          [
            -0.323506,
            0.027386,
            -1.066861
          ],
          [
            -0.020688,
            0.00618,
            -0.025072
          ],
          [
            0.024555,
            -0.017256,
            -0.120983
          ],
          [
            0.071149,
            -0.037483,
            0.325725
          ],
          [
            -0.037438,
            -0.20044,
            -0.085501
          ],
          [
            -0.002565,
            -0.007995,
            0.010816
          ],
          [
            0.005722,
            -0.006313,
            0.012597
          ],
          [
            0.008251,
            -0.000385,
            0.001654
          ],
          [
            0.002973,
            -0.005311,
            -0.004699
          ],
          [
            0.006586,
            0.006747,
            0.003612
          ],
          [
            -0.004243,
            0.0003,
            0.014639
          ],
          [
            0.005323,
            0.003648,
            0.008796
          ],
          [
            0.037546,
            0.007018,
            0.013347
          ],
          [
            -0.003129,
            -0.005154,
            0.000993
          ],
          [
            0.009172,
            -0.001104,
            -0.001223
          ],
          [
            0.009396,
            0.001219,
            0.00049
          ],
          [
            0.006523,
            0.001519,
            0.011348
          ],
          [
            -0.002495,
            -0.01045,
            0.001793
          ],
          [
            0.000353,
            0.003663,
            -0.000442
          ],
          [
            0.004876,
            -0.004152,
            -0.01628
          ],
          [
            0.006584,
            -0.004895,
            -0.004937
          ],
          [
            0.005561,
            -0.022691,
            -0.198972
          ],
          [
            -0.010824,
            0.020827,
            -0.180092
          ],
          [
            -0.006715,
            -0.022423,
            -0.303588
          ],
          [
            0.011957,
            0.045046,
            -0.114125
          ],
          [
            -0.007348,
            0.040205,
            -0.170712
          ],
          [
            -0.048597,
            -0.043172,
            -0.114073
          ],
          [
            0.006128,
            0.037546,
            -0.196106
          ],
          [
            0.052063,
            -0.043923,
            -0.164277
          ],
          [
            -0.025072,
            0.02966,
            -0.03706
          ],
          [
            -0.179486,
            -0.056054,
            0.058303
          ],
          [
            0.018031,
            0.016653,
            0.093125
          ],
          [
            0.077468,
            0.194508,
            0.618392
          ],
          [
            -0.061546,
            -0.075385,
            -0.169712
          ],
          [
            -0.097418,
            0.100103,
            0.045546
          ],
          [
            0.030064,
            0.006014,
            -0.145242
          ],
          [
            0.058909,
            -0.023548,
            0.020686
          ],
          [
            0.00242,
            -0.000222,
            -0.012899
          ],
          [
            0.00426,
            -0.006055,
            -0.00969
          ],
          [
            0.005006,
            -0.004691,
            -5.5e-05
          ],
          [
            0.006545,
            -8.9e-05,
            0.002619
          ],
          [
            0.000579,
            0.005787,
            0.000113
          ],
          [
            0.011371,
            -0.003048,
            -0.003134
          ],
          [
            -0.009997,
            0.001497,
            -0.007109
          ],
          [
            0.004119,
            -0.003988,
            0.007268
          ],
          [
            0.012114,
            -0.002429,
            -0.005123
          ],
          [
            0.009596,
            0.00446,
            0.000124
          ],
          [
            0.014196,
            0.004503,
            -0.002133
          ],
          [
            0.00532,
            -0.006867,
            0.002243
          ],
          [
            0.008079,
            -0.003816,
            -0.002609
          ],
          [
            0.01059,
            -3.3e-05,
            0.000424
          ],
          [
            0.002563,
            -0.00059,
            -0.00207
          ]
        ],
        "Lattice": [
          [
            8.33,
            0.0,
            0.0
          ],
          [
            0.0,
            8.33,
            0.0
          ],
          [
            0.0,
            0.0,
            20.227360776
          ]
        ],
        "NumAtoms": 63,
        "Positions": [
          [
            0.0,
            0.0,
            0.0
          ],
          [
            0.0,
            4.165,
            0.0
          ],
          [
            4.165,
            0.0,
            0.0
          ],
          [
            4.165,
            4.165,
            0.0
          ],
          [
            2.0825,
            2.0825,
            0.0
          ],
          [
            2.0825,
            6.2475,
            0.0
          ],
          [
            6.2475,
            2.0825,
            0.0
          ],
          [
            6.2475,
            6.2475,
            0.0
          ],
          [
            0.0,
            2.0825,
            2.0825
          ],
          [
            0.0,
            6.2475,
            2.0825
          ],
          [
            4.165,
            2.0825,
            2.0825
          ],
          [
            4.165,
            6.2475,
            2.0825
          ],
          [
            2.0825,
            0.0,
            2.0825
          ],
          [
            2.0825,
            4.165,
            2.0825
          ],
          [
            6.2475,
            0.0,
            2.0825
          ],
          [
            6.2475,
            4.165,
            2.0825
          ],
          [
            -0.08207,
            0.04133,
            4.17085
          ],
          [
            -0.00725,
            4.15282,
            4.18169
          ],
          [
            4.16253,
            8.30635,
            4.20218
          ],
          [
            4.15778,
            4.12286,
            4.19308
          ],
          [
            2.08456,
            2.06081,
            4.17129
          ],
          [
            2.0739,
            6.26182,
            4.19103
          ],
          [
            6.25842,
            1.84715,
            4.14935
          ],
          [
            6.12539,
            6.48729,
            4.36134
          ],
          [
            0.0096,
            2.05109,
            6.21537
          ],
          [
            0.08808,
            6.24748,
            6.2845
          ],
          [
            4.16678,
            2.04111,
            6.21942
          ],
          [
            4.19702,
            6.24651,
            6.46333
          ],
          [
            2.10262,
            8.31435,
            6.2051
          ],
          [
            2.11156,
            4.1519,
            6.22096
          ],
          [
            6.24519,
            0.00491,
            6.2707
          ],
          [
            6.24285,
            4.05845,
            6.208
          ],
          [
            2.0825,
            0.0,
            0.0
          ],
          [
            2.0825,
            4.165,
            0.0
          ],
          [
            6.2475,
            0.0,
            0.0
          ],
          [
            6.2475,
            4.165,
            0.0
          ],
          [
            0.0,
            2.0825,
            0.0
          ],
          [
            0.0,
            6.2475,
            0.0
          ],
          [
            4.165,
            2.0825,
            0.0
          ],
          [
            4.165,
            6.2475,
            0.0
          ],
          [
            2.0825,
            2.0825,
            2.0825
          ],
          [
            2.0825,
            6.2475,
            2.0825
          ],
          [
            6.2475,
            2.0825,
            2.0825
          ],
          [
            6.2475,
            6.2475,
            2.0825
          ],
          [
            0.0,
            0.0,
            2.0825
          ],
          [
            0.0,
            4.165,
            2.0825
          ],
          [
            4.165,
            0.0,
            2.0825
          ],
          [
            4.165,
            4.165,
            2.0825
          ],
          [
            2.00385,
            -0.01093,
            4.15042
          ],
          [
            2.08331,
            4.17416,
            4.16019
          ],
          [
            6.22549,
            4.35879,
            4.16338
          ],
          [
            8.31182,
            2.09898,
            4.14913
          ],
          [
            -0.08494,
            6.2525,
            4.17311
          ],
          [
            4.19319,
            2.06288,
            4.15028
          ],
          [
            4.16131,
            6.2772,
            4.04217
          ],
          [
            2.07195,
            2.08855,
            6.23267
          ],
          [
            2.05491,
            6.21487,
            6.23705
          ],
          [
            6.27119,
            2.06039,
            6.18217
          ],
          [
            0.03008,
            -0.01183,
            6.24306
          ],
          [
            8.31428,
            4.15545,
            6.24518
          ],
          [
            4.13405,
            0.02446,
            6.26054
          ],
          [
            4.19726,
            4.10091,
            6.24358
          ],
          [
            6.35392,
            6.26026,
            6.2853
          ]
        ],
        "Stress": [
          [
            -50.23056,
            0.51761,
            0.43089
          ],
          [
            0.51761,
            -52.37647,
            -0.38302
          ],
          [
            0.43089,
            -0.38302,
            -25.55216
          ]
        ],
        "computation_code": "VASP",
        "pseudopotential_information": [
          [
            "PAW_PBE",
            "Ni",
            "02Aug2007"
          ],
          [
            "PAW_PBE",
            "Nb_sv",
            "25May2007"
          ],
          [
            "PAW_PBE",
            "O",
            "08Apr2002"
          ]
        ]
      }
    ],
    "EnergyStyle": "electronvolt",
    "ForcesStyle": "electronvoltperangstrom",
    "LatticeStyle": "angstrom",
    "PositionsStyle": "angstrom",
    "StressStyle": "kB"
  }
}