{
  "Dataset": {
    "AtomTypeStyle": "chemicalsymbol",
    "Data": [
      {
        "AtomTypes": [
          "Ni",
          "Ni",
          "Ni",
          "Ni",
          "Ni",
          "Ni",
          "Ni",
          "Ni",
          "Ni",
          "Ni",
          "Ni",
          "Ni",
          "Ni",
          "Ni",
          "Ni",
          "Ni",
          "Ni",
          "Ni",
          "Ni",
          "Ni",
          "Ni",
          "Ni",
          "Ni",
          "Nb",
          "Ni",
          "Ni",
          "Ni",
          "Ni",
          "Ni",
          "Ni",
          "Ni",
          "O",
          "O",
          "O",
          "O",
          "O",
          "O",
          "O",
          "O",
          "O",
          "O",
          "O",
          "O",
          "O",
          "O",
          "O",
          "O",
          "O",
          "O",
          "O",
          "O",
          "O",
          "O",
          "O",
          "O",
          "O",
          "O",
          "O",
          "O",
          "O",
          "O",
          "O",
          "O"
        ],
        "Energy": -343.30699597,
        "Forces": [
          [
            0.041774,
            0.034007,
            0.358239
          ],
          [
            0.045443,
            -0.004433,
            0.361603
          ],
          [
            -0.00972,
            0.037728,
            0.341647
          ],
          [
            -0.014903,
            -0.008006,
            0.356738
          ],
          [
            0.008538,
            0.023276,
            0.372173
          ],
          [
            0.006062,
            0.006631,
            0.342009
          ],
          [
            0.021361,
            0.019712,
            0.332706
          ],
          [
            0.028472,
            0.006244,
            0.301492
          ],
          [
            0.037229,
            0.018635,
            -0.125808
          ],
          [
            0.118127,
            0.012372,
            -0.998469
          ],
          [
            -0.01987,
            0.030135,
            -0.08857
          ],
          [
            0.06017,
            -0.01287,
            -0.18572
          ],
          [
            0.000347,
            0.05034,
            -0.134326
          ],
          [
            0.017749,
            -0.01638,
            -0.225148
          ],
          [
            0.030347,
            -0.029422,
            -0.267875
          ],
          [
            0.007736,
            -0.036572,
            -0.576037
          ],
          [
            -0.009753,
            -0.00261,
            -0.00373
          ],
          [
            -0.014737,
            -0.009659,
            -0.000151
          ],
          [
            -0.019712,
            0.007356,
            0.006514
          ],
          [
            -0.00896,
            -0.018584,
            0.028912
          ],
          [
            -0.006788,
            -0.002599,
            0.002
          ],
          [
            -0.011146,
            -0.004198,
            -0.006625
          ],
          [
            -0.013243,
            -0.002884,
            0.023192
          ],
          [
            0.020048,
            -0.015804,
            -0.047229
          ],
          [
            -0.018623,
            -0.016048,
            -0.054823
          ],
          [
            -0.033006,
            0.004274,
            -0.009056
          ],
          [
            -0.040381,
            -0.01361,
            -0.109051
          ],
          [
            -0.029085,
            -0.003443,
            0.00071
          ],
          [
            -0.018225,
            0.011189,
            0.001314
          ],
          [
            -0.017321,
            -0.033369,
            -0.004562
          ],
          [
            -0.032424,
            0.022801,
            -0.003742
          ],
          [
            0.007885,
            -0.018849,
            -0.199798
          ],
          [
            0.005311,
            0.014446,
            -0.222063
          ],
          [
            -0.012502,
            0.00278,
            -0.144194
          ],
          [
            -0.008873,
            -0.000542,
            -0.15361
          ],
          [
            -0.021956,
            -0.00656,
            -0.213051
          ],
          [
            -0.011791,
            0.003735,
            -0.184336
          ],
          [
            0.018842,
            -0.009859,
            -0.200877
          ],
          [
            0.006507,
            0.008237,
            -0.148133
          ],
          [
            0.016542,
            -0.041241,
            0.051269
          ],
          [
            0.174023,
            0.051324,
            0.183507
          ],
          [
            -0.011678,
            -0.041972,
            0.268794
          ],
          [
            -0.085356,
            0.017892,
            0.412699
          ],
          [
            -0.070474,
            0.041941,
            0.102586
          ],
          [
            -0.083018,
            -0.044048,
            0.064601
          ],
          [
            0.103652,
            -0.102828,
            0.163286
          ],
          [
            0.121629,
            0.092962,
            0.115722
          ],
          [
            -0.014145,
            -0.010526,
            0.006539
          ],
          [
            -0.013635,
            0.003253,
            0.006894
          ],
          [
            -0.018952,
            0.000918,
            0.00976
          ],
          [
            -0.017128,
            0.006544,
            0.002291
          ],
          [
            -0.010919,
            -0.008487,
            0.030238
          ],
          [
            -0.033696,
            -0.005371,
            -0.011929
          ],
          [
            -0.006707,
            -0.001821,
            0.053706
          ],
          [
            0.002896,
            -0.001425,
            0.005069
          ],
          [
            0.003745,
            0.006492,
            -0.003632
          ],
          [
            -0.031575,
            -0.000977,
            0.000947
          ],
          [
            -0.041831,
            0.000782,
            2.3e-05
          ],
          [
            -0.015913,
            -0.004725,
            0.022588
          ],
          [
            -0.029115,
            0.003012,
            0.001487
          ],
          [
            -0.011541,
            -0.012037,
            -0.012489
          ],
          [
            -0.019928,
            0.050089,
            0.004681
          ],
          [
            -0.015804,
            -0.047346,
            -0.0009
          ]
        ],
        "Lattice": [
          [
            8.33,
            0.0,
            0.0
          ],
          [
            0.0,
            8.33,
            0.0
          ],
          [
            0.0,
            0.0,
            20.227360776
          ]
        ],
        "NumAtoms": 63,
        "Positions": [
          [
            0.0,
            0.0,
            0.0
          ],
          [
            0.0,
            4.165,
            0.0
          ],
          [
            4.165,
            0.0,
            0.0
          ],
          [
            4.165,
            4.165,
            0.0
          ],
          [
            2.0825,
            2.0825,
            0.0
          ],
          [
            2.0825,
            6.2475,
            0.0
          ],
          [
            6.2475,
            2.0825,
            0.0
          ],
          [
            6.2475,
            6.2475,
            0.0
          ],
          [
            0.0,
            2.0825,
            2.0825
          ],
          [
            0.0,
            6.2475,
            2.0825
          ],
          [
            4.165,
            2.0825,
            2.0825
          ],
          [
            4.165,
            6.2475,
            2.0825
          ],
          [
            2.0825,
            0.0,
            2.0825
          ],
          [
            2.0825,
            4.165,
            2.0825
          ],
          [
            6.2475,
            0.0,
            2.0825
          ],
          [
            6.2475,
            4.165,
            2.0825
          ],
          [
            0.0554,
            0.06018,
            4.22848
          ],
          [
            0.07818,
            4.12466,
            4.22703
          ],
          [
            4.15519,
            0.03205,
            4.22103
          ],
          [
            4.13557,
            4.14943,
            4.22979
          ],
          [
            2.10217,
            2.09244,
            4.20944
          ],
          [
            2.09555,
            6.26487,
            4.21306
          ],
          [
            6.25757,
            2.12118,
            4.23088
          ],
          [
            6.40505,
            6.14638,
            4.54113
          ],
          [
            8.25545,
            2.19446,
            6.35233
          ],
          [
            -0.08826,
            6.18793,
            6.48277
          ],
          [
            4.22158,
            2.20698,
            6.3395
          ],
          [
            4.0596,
            6.2222,
            6.34542
          ],
          [
            2.0558,
            0.02505,
            6.25977
          ],
          [
            2.06106,
            4.19493,
            6.24883
          ],
          [
            6.22952,
            0.08087,
            6.32425
          ],
          [
            2.0825,
            0.0,
            0.0
          ],
          [
            2.0825,
            4.165,
            0.0
          ],
          [
            6.2475,
            0.0,
            0.0
          ],
          [
            6.2475,
            4.165,
            0.0
          ],
          [
            0.0,
            2.0825,
            0.0
          ],
          [
            0.0,
            6.2475,
            0.0
          ],
          [
            4.165,
            2.0825,
            0.0
          ],
          [
            4.165,
            6.2475,
            0.0
          ],
          [
            2.0825,
            2.0825,
            2.0825
          ],
          [
            2.0825,
            6.2475,
            2.0825
          ],
          [
            6.2475,
            2.0825,
            2.0825
          ],
          [
            6.2475,
            6.2475,
            2.0825
          ],
          [
            0.0,
            0.0,
            2.0825
          ],
          [
            0.0,
            4.165,
            2.0825
          ],
          [
            4.165,
            0.0,
            2.0825
          ],
          [
            4.165,
            4.165,
            2.0825
          ],
          [
            2.10121,
            -0.00336,
            4.15524
          ],
          [
            2.10164,
            4.19711,
            4.12056
          ],
          [
            6.27453,
            -0.15098,
            4.17381
          ],
          [
            6.27089,
            4.25695,
            4.13162
          ],
          [
            8.31793,
            2.08871,
            4.15105
          ],
          [
            8.31291,
            6.26225,
            4.04789
          ],
          [
            4.20143,
            2.088,
            4.1541
          ],
          [
            4.31686,
            6.25436,
            4.20049
          ],
          [
            2.09918,
            2.0619,
            6.25552
          ],
          [
            2.08962,
            6.31968,
            6.22834
          ],
          [
            6.22837,
            1.98502,
            6.22912
          ],
          [
            6.13987,
            6.35411,
            6.38999
          ],
          [
            -0.0221,
            0.02426,
            6.26729
          ],
          [
            0.13049,
            4.17891,
            6.22613
          ],
          [
            4.15553,
            -0.01976,
            6.27029
          ],
          [
            4.00336,
            4.22319,
            6.23912
          ]
        ],
        "Stress": [
          [
            -44.28824,
            -0.35106,
            -2.13248
          ],
          [
            -0.35106,
            -46.1988,
            -0.49422
          ],
          [
            -2.13248,
            -0.49422,
            -26.80266
          ]
        ],
        "computation_code": "VASP",
        "pseudopotential_information": [
          [
            "PAW_PBE",
            "Ni",
            "02Aug2007"
          ],
          [
            "PAW_PBE",
            "Nb_sv",
            "25May2007"
          ],
          [
            "PAW_PBE",
            "O",
            "08Apr2002"
          ]
        ]
      }
    ],
    "EnergyStyle": "electronvolt",
    "ForcesStyle": "electronvoltperangstrom",
    "LatticeStyle": "angstrom",
    "PositionsStyle": "angstrom",
    "StressStyle": "kB"
  }
}