{
  "Dataset": {
    "AtomTypeStyle": "chemicalsymbol",
    "Data": [
      {
        "AtomTypes": [
          "Ni",
          "Ni",
          "Ni",
          "Ni",
          "Ni",
          "Ni",
          "Ni",
          "Ni",
          "Ni",
          "Ni",
          "Ni",
          "Ni",
          "Ni",
          "Ni",
          "Ni",
          "Ni",
          "Ni",
          "Ni",
          "Ni",
          "Ni",
          "Ni",
          "Ni",
          "Ni",
          "Nb",
          "Ni",
          "Ni",
          "Ni",
          "Ni",
          "Ni",
          "Ni",
          "Ni",
          "Ni",
          "O",
          "O",
          "O",
          "O",
          "O",
          "O",
          "O",
          "O",
          "O",
          "O",
          "O",
          "O",
          "O",
          "O",
          "O",
          "O",
          "O",
          "O",
          "O",
          "O",
          "O",
          "O",
          "O",
          "O",
          "O",
          "O",
          "O",
          "O",
          "O",
          "O",
          "O",
          "O",
          "O"
        ],
        "Energy": -352.26827813,
        "Forces": [
          [
            0.041847,
            0.01668,
            0.365615
          ],
          [
            0.044933,
            0.011851,
            0.374188
          ],
          [
            -0.011478,
            0.021278,
            0.361919
          ],
          [
            -0.018069,
            0.003865,
            0.326637
          ],
          [
            0.005268,
            0.013038,
            0.338475
          ],
          [
            0.001482,
            0.013597,
            0.376634
          ],
          [
            0.021409,
            0.011057,
            0.339067
          ],
          [
            0.029363,
            0.024221,
            0.272147
          ],
          [
            -0.052711,
            0.020569,
            -0.092467
          ],
          [
            0.237286,
            -0.009675,
            -0.840382
          ],
          [
            0.006922,
            -0.098645,
            -0.169283
          ],
          [
            -0.106308,
            0.047917,
            -0.431401
          ],
          [
            -0.002779,
            -0.125394,
            -0.054345
          ],
          [
            -0.116357,
            0.073542,
            -0.154767
          ],
          [
            7.5e-05,
            0.138273,
            -0.270576
          ],
          [
            0.065309,
            -0.106308,
            -0.543034
          ],
          [
            -0.001409,
            -0.003467,
            -0.011039
          ],
          [
            -0.0043,
            0.000265,
            -0.00756
          ],
          [
            0.00234,
            -0.004629,
            -0.011477
          ],
          [
            0.001335,
            -0.001519,
            0.012937
          ],
          [
            -0.000237,
            0.002781,
            0.000444
          ],
          [
            -0.001991,
            0.002452,
            -0.00739
          ],
          [
            0.00047,
            0.003047,
            -0.004777
          ],
          [
            0.00251,
            -0.010916,
            -0.052149
          ],
          [
            -0.004114,
            0.001464,
            -0.002812
          ],
          [
            -0.017451,
            -0.00266,
            -0.015879
          ],
          [
            -0.006357,
            0.000744,
            -0.000438
          ],
          [
            -0.003157,
            -0.003834,
            -0.000381
          ],
          [
            -0.00457,
            0.003467,
            0.000731
          ],
          [
            -0.007605,
            -0.000727,
            -0.000371
          ],
          [
            -0.001327,
            0.005649,
            -0.001362
          ],
          [
            -0.010179,
            -0.010992,
            0.012116
          ],
          [
            0.006328,
            0.013279,
            -0.192235
          ],
          [
            0.021067,
            -0.012614,
            -0.198557
          ],
          [
            -0.007819,
            -0.006312,
            -0.144115
          ],
          [
            -0.020462,
            0.003812,
            -0.136562
          ],
          [
            -0.01138,
            -0.002313,
            -0.208389
          ],
          [
            -0.022628,
            0.000274,
            -0.220116
          ],
          [
            0.011597,
            0.011836,
            -0.199287
          ],
          [
            0.019256,
            -0.011024,
            -0.181466
          ],
          [
            -0.022044,
            -0.046808,
            0.079384
          ],
          [
            0.115081,
            -0.003586,
            0.244538
          ],
          [
            -0.022907,
            -0.001551,
            0.264591
          ],
          [
            -0.035846,
            0.089515,
            0.289287
          ],
          [
            -0.060112,
            0.09135,
            0.106854
          ],
          [
            -0.093981,
            -0.101881,
            0.095242
          ],
          [
            0.050787,
            -0.042998,
            0.129902
          ],
          [
            0.067226,
            -0.006631,
            0.055329
          ],
          [
            -0.003465,
            0.00157,
            0.012465
          ],
          [
            -0.001749,
            -0.002203,
            0.008775
          ],
          [
            -0.00049,
            -0.000602,
            0.003359
          ],
          [
            -0.002636,
            -0.000375,
            0.000707
          ],
          [
            -0.00152,
            -0.002036,
            0.001546
          ],
          [
            -0.003854,
            0.00064,
            0.007326
          ],
          [
            -0.002999,
            -0.001791,
            -0.002867
          ],
          [
            -0.00469,
            -0.000634,
            0.006588
          ],
          [
            -0.013185,
            -0.002011,
            0.005914
          ],
          [
            -0.000529,
            -0.001788,
            0.016423
          ],
          [
            -0.001386,
            -0.005759,
            -0.000595
          ],
          [
            -0.016528,
            0.012456,
            0.043577
          ],
          [
            -0.005424,
            -0.00178,
            0.004062
          ],
          [
            -0.002896,
            0.005119,
            -0.001079
          ],
          [
            -0.010975,
            -0.006937,
            0.009793
          ],
          [
            -0.012357,
            0.00641,
            -0.007774
          ],
          [
            0.000368,
            -0.011614,
            -0.001641
          ]
        ],
        "Lattice": [
          [
            8.33,
            0.0,
            0.0
          ],
          [
            0.0,
            8.33,
            0.0
          ],
          [
            0.0,
            0.0,
            20.227360776
          ]
        ],
        "NumAtoms": 65,
        "Positions": [
          [
            0.0,
            0.0,
            0.0
          ],
          [
            0.0,
            4.165,
            0.0
          ],
          [
            4.165,
            0.0,
            0.0
          ],
          [
            4.165,
            4.165,
            0.0
          ],
          [
            2.0825,
            2.0825,
            0.0
          ],
          [
            2.0825,
            6.2475,
            0.0
          ],
          [
            6.2475,
            2.0825,
            0.0
          ],
          [
            6.2475,
            6.2475,
            0.0
          ],
          [
            0.0,
            2.0825,
            2.0825
          ],
          [
            0.0,
            6.2475,
            2.0825
          ],
          [
            4.165,
            2.0825,
            2.0825
          ],
          [
            4.165,
            6.2475,
            2.0825
          ],
          [
            2.0825,
            0.0,
            2.0825
          ],
          [
            2.0825,
            4.165,
            2.0825
          ],
          [
            6.2475,
            0.0,
            2.0825
          ],
          [
            6.2475,
            4.165,
            2.0825
          ],
          [
            0.03586,
            0.03302,
            4.24049
          ],
          [
            0.03139,
            4.1399,
            4.25624
          ],
          [
            4.14148,
            0.00363,
            4.24503
          ],
          [
            4.11677,
            4.13065,
            4.18265
          ],
          [
            2.06867,
            2.06396,
            4.18005
          ],
          [
            2.11737,
            6.23831,
            4.26948
          ],
          [
            6.23926,
            2.12274,
            4.23733
          ],
          [
            6.29326,
            6.18384,
            4.45708
          ],
          [
            8.31034,
            2.10769,
            6.28067
          ],
          [
            0.0229,
            6.1927,
            6.5418
          ],
          [
            4.07087,
            2.0373,
            6.23214
          ],
          [
            3.91636,
            5.81181,
            7.12193
          ],
          [
            2.0797,
            8.28696,
            6.28505
          ],
          [
            2.00989,
            4.10486,
            6.24851
          ],
          [
            6.21363,
            0.12321,
            6.37806
          ],
          [
            5.80592,
            3.90174,
            7.15054
          ],
          [
            2.0825,
            0.0,
            0.0
          ],
          [
            2.0825,
            4.165,
            0.0
          ],
          [
            6.2475,
            0.0,
            0.0
          ],
          [
            6.2475,
            4.165,
            0.0
          ],
          [
            0.0,
            2.0825,
            0.0
          ],
          [
            0.0,
            6.2475,
            0.0
          ],
          [
            4.165,
            2.0825,
            0.0
          ],
          [
            4.165,
            6.2475,
            0.0
          ],
          [
            2.0825,
            2.0825,
            2.0825
          ],
          [
            2.0825,
            6.2475,
            2.0825
          ],
          [
            6.2475,
            2.0825,
            2.0825
          ],
          [
            6.2475,
            6.2475,
            2.0825
          ],
          [
            0.0,
            0.0,
            2.0825
          ],
          [
            0.0,
            4.165,
            2.0825
          ],
          [
            4.165,
            0.0,
            2.0825
          ],
          [
            4.165,
            4.165,
            2.0825
          ],
          [
            2.08845,
            8.2886,
            4.18064
          ],
          [
            2.07142,
            4.18174,
            4.14864
          ],
          [
            6.25308,
            8.27283,
            4.17846
          ],
          [
            6.252,
            4.23722,
            4.14638
          ],
          [
            8.29342,
            2.08674,
            4.1641
          ],
          [
            8.26885,
            6.25984,
            4.04393
          ],
          [
            4.18183,
            2.06913,
            4.14177
          ],
          [
            4.30023,
            6.24313,
            4.12243
          ],
          [
            2.03794,
            2.0218,
            6.21462
          ],
          [
            2.15586,
            6.23282,
            6.32476
          ],
          [
            6.21011,
            2.12392,
            6.31802
          ],
          [
            6.32519,
            6.44712,
            6.25397
          ],
          [
            8.30671,
            0.0729,
            6.27278
          ],
          [
            0.05251,
            4.10629,
            6.27749
          ],
          [
            4.16558,
            0.08207,
            6.28203
          ],
          [
            4.029,
            4.03275,
            6.14431
          ],
          [
            5.0835,
            5.07903,
            8.30837
          ]
        ],
        "Stress": [
          [
            -49.81629,
            2.96395,
            -0.8143
          ],
          [
            2.96395,
            -46.51541,
            -0.40157
          ],
          [
            -0.8143,
            -0.40157,
            -26.90438
          ]
        ],
        "computation_code": "VASP",
        "pseudopotential_information": [
          [
            "PAW_PBE",
            "Ni",
            "02Aug2007"
          ],
          [
            "PAW_PBE",
            "Nb_sv",
            "25May2007"
          ],
          [
            "PAW_PBE",
            "O",
            "08Apr2002"
          ]
        ]
      }
    ],
    "EnergyStyle": "electronvolt",
    "ForcesStyle": "electronvoltperangstrom",
    "LatticeStyle": "angstrom",
    "PositionsStyle": "angstrom",
    "StressStyle": "kB"
  }
}