{
  "Dataset": {
    "AtomTypeStyle": "chemicalsymbol",
    "Data": [
      {
        "AtomTypes": [
          "Ni",
          "Ni",
          "Ni",
          "Ni",
          "Ni",
          "Ni",
          "Ni",
          "Ni",
          "Ni",
          "Ni",
          "Ni",
          "Ni",
          "Ni",
          "Ni",
          "Ni",
          "Ni",
          "Ni",
          "Ni",
          "Ni",
          "Ni",
          "Ni",
          "Ni",
          "Nb",
          "Ni",
          "Ni",
          "Ni",
          "Ni",
          "Ni",
          "Ni",
          "Ni",
          "Ni",
          "O",
          "O",
          "O",
          "O",
          "O",
          "O",
          "O",
          "O",
          "O",
          "O",
          "O",
          "O",
          "O",
          "O",
          "O",
          "O",
          "O",
          "O",
          "O",
          "O",
          "O",
          "O",
          "O",
          "O",
          "O",
          "O",
          "O",
          "O",
          "O",
          "O",
          "O",
          "O"
        ],
        "Energy": -342.61615536,
        "Forces": [
          [
            0.074767,
            0.090791,
            0.316362
          ],
          [
            0.084838,
            -0.059916,
            0.319673
          ],
          [
            -0.044472,
            0.099371,
            0.33015
          ],
          [
            -0.054664,
            -0.065893,
            0.712334
          ],
          [
            0.085081,
            0.082402,
            0.373615
          ],
          [
            0.071694,
            -0.053373,
            0.313231
          ],
          [
            -0.055697,
            0.065744,
            0.34125
          ],
          [
            -0.045505,
            -0.040909,
            0.002949
          ],
          [
            0.048696,
            0.019805,
            -0.047377
          ],
          [
            0.399854,
            -0.004806,
            -0.482934
          ],
          [
            -0.039529,
            0.646989,
            0.323871
          ],
          [
            -0.513071,
            -0.61163,
            -0.440301
          ],
          [
            0.039319,
            0.090954,
            -0.065993
          ],
          [
            0.659288,
            -0.079792,
            0.301947
          ],
          [
            -0.029156,
            0.40917,
            -0.28869
          ],
          [
            -0.629412,
            -0.59728,
            -0.55387
          ],
          [
            0.01764,
            0.051214,
            -0.083923
          ],
          [
            -0.116733,
            -0.141866,
            -0.011789
          ],
          [
            -0.059694,
            -0.26935,
            -0.086583
          ],
          [
            0.038658,
            0.045183,
            -0.033679
          ],
          [
            0.164701,
            -0.044621,
            -0.037882
          ],
          [
            0.008698,
            0.082095,
            0.00603
          ],
          [
            -0.37771,
            -0.1245,
            0.392772
          ],
          [
            -0.050565,
            0.062348,
            0.073937
          ],
          [
            0.076544,
            -0.006324,
            0.021083
          ],
          [
            0.053108,
            0.123499,
            -0.043945
          ],
          [
            -0.023096,
            0.039962,
            0.067896
          ],
          [
            -0.003549,
            -0.022587,
            -0.074375
          ],
          [
            0.01387,
            0.014969,
            -0.063449
          ],
          [
            0.004515,
            0.059704,
            -0.014731
          ],
          [
            -0.037494,
            0.254259,
            0.172198
          ],
          [
            -0.04778,
            -0.056709,
            -0.187556
          ],
          [
            -0.158583,
            0.056492,
            -0.285175
          ],
          [
            0.045856,
            -0.115747,
            -0.09214
          ],
          [
            0.166697,
            0.112309,
            -0.147598
          ],
          [
            -0.043178,
            -0.04281,
            -0.178781
          ],
          [
            -0.096007,
            0.04169,
            -0.051411
          ],
          [
            0.041851,
            -0.154354,
            -0.280552
          ],
          [
            0.097489,
            0.164928,
            -0.113049
          ],
          [
            -0.137898,
            -0.128053,
            -0.077468
          ],
          [
            -0.090307,
            0.100656,
            0.102119
          ],
          [
            0.114176,
            -0.087982,
            0.085827
          ],
          [
            0.004734,
            0.055277,
            0.821115
          ],
          [
            -0.151792,
            -0.187564,
            0.061637
          ],
          [
            -0.247176,
            0.168056,
            -0.057352
          ],
          [
            0.130668,
            -0.295832,
            -0.047149
          ],
          [
            0.205805,
            0.264055,
            -1.033669
          ],
          [
            -0.028017,
            0.026647,
            0.010548
          ],
          [
            0.074753,
            -0.014317,
            0.057536
          ],
          [
            0.040617,
            -0.145706,
            -0.003402
          ],
          [
            0.126211,
            -0.058711,
            -0.472749
          ],
          [
            -0.031078,
            0.004734,
            -0.062512
          ],
          [
            0.000852,
            -0.020631,
            0.078244
          ],
          [
            0.014674,
            0.106324,
            0.158584
          ],
          [
            0.270498,
            0.051992,
            0.004523
          ],
          [
            -0.039129,
            0.004624,
            0.026913
          ],
          [
            -0.127378,
            0.041091,
            0.061908
          ],
          [
            0.068043,
            -0.050265,
            -0.020536
          ],
          [
            0.06529,
            0.065109,
            -0.123319
          ],
          [
            -0.05558,
            -0.04869,
            0.009606
          ],
          [
            0.037901,
            0.093456,
            -0.057284
          ],
          [
            0.080815,
            -0.020473,
            0.024315
          ],
          [
            -0.093955,
            -0.045209,
            0.049047
          ]
        ],
        "Lattice": [
          [
            8.33,
            0.0,
            0.0
          ],
          [
            0.0,
            8.33,
            0.0
          ],
          [
            0.0,
            0.0,
            20.227360776
          ]
        ],
        "NumAtoms": 63,
        "Positions": [
          [
            0.0,
            0.0,
            0.0
          ],
          [
            0.0,
            4.165,
            0.0
          ],
          [
            4.165,
            0.0,
            0.0
          ],
          [
            4.165,
            4.165,
            0.0
          ],
          [
            2.0825,
            2.0825,
            0.0
          ],
          [
            2.0825,
            6.2475,
            0.0
          ],
          [
            6.2475,
            2.0825,
            0.0
          ],
          [
            6.2475,
            6.2475,
            0.0
          ],
          [
            0.0,
            2.0825,
            2.0825
          ],
          [
            0.0,
            6.2475,
            2.0825
          ],
          [
            4.165,
            2.0825,
            2.0825
          ],
          [
            4.165,
            6.2475,
            2.0825
          ],
          [
            2.0825,
            0.0,
            2.0825
          ],
          [
            2.0825,
            4.165,
            2.0825
          ],
          [
            6.2475,
            0.0,
            2.0825
          ],
          [
            6.2475,
            4.165,
            2.0825
          ],
          [
            0.02797,
            0.03656,
            4.20928
          ],
          [
            0.04742,
            4.12585,
            4.20937
          ],
          [
            4.13684,
            0.04977,
            4.21984
          ],
          [
            2.14486,
            2.14322,
            4.16224
          ],
          [
            2.09498,
            6.20216,
            4.16602
          ],
          [
            6.19573,
            2.0878,
            4.18526
          ],
          [
            6.14941,
            6.07609,
            4.29582
          ],
          [
            0.00641,
            2.09415,
            6.22274
          ],
          [
            0.06541,
            6.21927,
            6.29275
          ],
          [
            4.15579,
            2.18661,
            6.19063
          ],
          [
            4.07194,
            6.15335,
            6.323
          ],
          [
            2.09778,
            0.02009,
            6.2281
          ],
          [
            2.14635,
            4.1375,
            6.19221
          ],
          [
            6.21788,
            0.06004,
            6.28613
          ],
          [
            6.17961,
            4.08831,
            6.30905
          ],
          [
            2.0825,
            0.0,
            0.0
          ],
          [
            2.0825,
            4.165,
            0.0
          ],
          [
            6.2475,
            0.0,
            0.0
          ],
          [
            6.2475,
            4.165,
            0.0
          ],
          [
            0.0,
            2.0825,
            0.0
          ],
          [
            0.0,
            6.2475,
            0.0
          ],
          [
            4.165,
            2.0825,
            0.0
          ],
          [
            4.165,
            6.2475,
            0.0
          ],
          [
            2.0825,
            2.0825,
            2.0825
          ],
          [
            2.0825,
            6.2475,
            2.0825
          ],
          [
            6.2475,
            2.0825,
            2.0825
          ],
          [
            6.2475,
            6.2475,
            2.0825
          ],
          [
            0.0,
            0.0,
            2.0825
          ],
          [
            0.0,
            4.165,
            2.0825
          ],
          [
            4.165,
            0.0,
            2.0825
          ],
          [
            4.165,
            4.165,
            2.0825
          ],
          [
            2.06919,
            -0.04352,
            4.1596
          ],
          [
            1.9786,
            4.19511,
            4.15117
          ],
          [
            6.26549,
            -0.08618,
            4.17392
          ],
          [
            6.29362,
            4.18665,
            4.1591
          ],
          [
            8.30695,
            2.06771,
            4.17379
          ],
          [
            8.21453,
            6.27294,
            4.17345
          ],
          [
            4.18202,
            1.97913,
            4.15901
          ],
          [
            4.22326,
            6.29911,
            4.19529
          ],
          [
            2.08451,
            2.06543,
            6.21785
          ],
          [
            2.07118,
            6.25383,
            6.21725
          ],
          [
            6.23987,
            2.01793,
            6.2492
          ],
          [
            6.2563,
            6.33213,
            6.25886
          ],
          [
            0.01002,
            -0.0213,
            6.27823
          ],
          [
            0.02415,
            4.17428,
            6.26863
          ],
          [
            4.14762,
            8.27247,
            6.28857
          ],
          [
            4.1139,
            4.20233,
            6.57366
          ]
        ],
        "Stress": [
          [
            -50.59397,
            -0.64852,
            -0.16892
          ],
          [
            -0.64852,
            -50.36592,
            1.14056
          ],
          [
            -0.16892,
            1.14056,
            -26.30831
          ]
        ],
        "computation_code": "VASP",
        "pseudopotential_information": [
          [
            "PAW_PBE",
            "Ni",
            "02Aug2007"
          ],
          [
            "PAW_PBE",
            "Nb_sv",
            "25May2007"
          ],
          [
            "PAW_PBE",
            "O",
            "08Apr2002"
          ]
        ]
      }
    ],
    "EnergyStyle": "electronvolt",
    "ForcesStyle": "electronvoltperangstrom",
    "LatticeStyle": "angstrom",
    "PositionsStyle": "angstrom",
    "StressStyle": "kB"
  }
}