{
  "Dataset": {
    "AtomTypeStyle": "chemicalsymbol",
    "Data": [
      {
        "AtomTypes": [
          "Ni",
          "Ni",
          "Ni",
          "Ni",
          "Ni",
          "Ni",
          "Ni",
          "Ni",
          "Ni",
          "Ni",
          "Ni",
          "Ni",
          "Ni",
          "Ni",
          "Ni",
          "Ni",
          "Ni",
          "Ni",
          "Ni",
          "Ni",
          "Ni",
          "Ni",
          "Ni",
          "Nb",
          "Ni",
          "Ni",
          "Ni",
          "Ni",
          "Ni",
          "Ni",
          "Ni",
          "Ni",
          "O",
          "O",
          "O",
          "O",
          "O",
          "O",
          "O",
          "O",
          "O",
          "O",
          "O",
          "O",
          "O",
          "O",
          "O",
          "O",
          "O",
          "O",
          "O",
          "O",
          "O",
          "O",
          "O",
          "O",
          "O",
          "O",
          "O",
          "O",
          "O",
          "O",
          "O",
          "O",
          "O",
          "O"
        ],
        "Energy": -357.35447637,
        "Forces": [
          [
            0.055155,
            0.029662,
            0.358324
          ],
          [
            0.051828,
            -0.001073,
            0.323749
          ],
          [
            -0.025886,
            0.032789,
            0.321565
          ],
          [
            -0.024117,
            -0.00503,
            0.336552
          ],
          [
            0.010691,
            0.008756,
            0.344222
          ],
          [
            0.008085,
            0.020857,
            0.362388
          ],
          [
            0.017551,
            0.010497,
            0.327067
          ],
          [
            0.023883,
            0.022912,
            0.157379
          ],
          [
            0.015752,
            -0.031928,
            -0.089991
          ],
          [
            0.378181,
            0.034552,
            -1.02664
          ],
          [
            -0.028302,
            0.007484,
            -0.083666
          ],
          [
            -0.277609,
            -0.001212,
            -0.528043
          ],
          [
            -0.046039,
            -0.029929,
            -0.04961
          ],
          [
            -0.001706,
            0.043681,
            -0.068392
          ],
          [
            0.020108,
            0.270283,
            -0.62518
          ],
          [
            -0.017732,
            -0.288685,
            -0.406629
          ],
          [
            0.034681,
            0.010581,
            -0.027665
          ],
          [
            0.053532,
            -0.045762,
            0.004973
          ],
          [
            -0.01755,
            0.018563,
            -0.020189
          ],
          [
            -0.022555,
            -0.022851,
            0.027103
          ],
          [
            -0.002206,
            0.025109,
            -0.074927
          ],
          [
            0.019889,
            -0.000564,
            -0.000886
          ],
          [
            -0.003803,
            -0.008577,
            0.003406
          ],
          [
            0.05792,
            -0.033319,
            0.21644
          ],
          [
            -0.041917,
            -0.004116,
            -0.051228
          ],
          [
            -0.086756,
            -0.033782,
            -0.024271
          ],
          [
            0.029059,
            0.041157,
            -0.07212
          ],
          [
            0.023745,
            0.048516,
            0.006329
          ],
          [
            0.009923,
            -0.005049,
            -0.034371
          ],
          [
            0.020146,
            0.028331,
            -0.035392
          ],
          [
            -0.053255,
            -0.010332,
            0.034137
          ],
          [
            -0.032509,
            -0.079555,
            0.058483
          ],
          [
            0.001812,
            -0.005543,
            -0.188233
          ],
          [
            0.008018,
            0.003102,
            -0.180391
          ],
          [
            -0.001504,
            -0.027498,
            -0.114341
          ],
          [
            -0.008715,
            0.031448,
            -0.108505
          ],
          [
            -0.026094,
            0.003163,
            -0.197442
          ],
          [
            -0.045987,
            -0.003362,
            -0.183381
          ],
          [
            0.025473,
            0.00981,
            -0.190662
          ],
          [
            0.043716,
            -0.011594,
            -0.157904
          ],
          [
            -0.006788,
            0.007581,
            0.080708
          ],
          [
            0.081596,
            -0.013286,
            0.177301
          ],
          [
            -0.017921,
            0.019968,
            0.210801
          ],
          [
            -0.051626,
            -0.122004,
            0.331192
          ],
          [
            -0.06979,
            0.05933,
            0.107281
          ],
          [
            -0.090113,
            -0.077231,
            0.084147
          ],
          [
            0.04928,
            -0.00643,
            0.123844
          ],
          [
            0.073062,
            0.000896,
            0.113637
          ],
          [
            -0.023363,
            -0.048984,
            0.00696
          ],
          [
            0.013487,
            0.043032,
            -0.009217
          ],
          [
            0.023208,
            0.074123,
            0.002253
          ],
          [
            0.016688,
            -0.069402,
            0.012311
          ],
          [
            -0.036134,
            -0.013749,
            0.020784
          ],
          [
            0.068629,
            -0.001247,
            0.086416
          ],
          [
            0.030472,
            0.016435,
            0.018831
          ],
          [
            -0.024504,
            0.000992,
            0.061378
          ],
          [
            0.032666,
            -0.006969,
            0.019765
          ],
          [
            -0.095631,
            0.021166,
            0.008598
          ],
          [
            -0.023611,
            0.009212,
            -0.05674
          ],
          [
            -0.019195,
            0.058452,
            0.054542
          ],
          [
            -0.012721,
            -0.058081,
            0.033197
          ],
          [
            -0.012795,
            0.036341,
            0.044575
          ],
          [
            -0.007795,
            -0.045218,
            0.03909
          ],
          [
            -0.015815,
            0.009671,
            -0.001202
          ],
          [
            -0.17055,
            -0.146277,
            0.05901
          ],
          [
            0.144357,
            0.200186,
            0.028478
          ]
        ],
        "Lattice": [
          [
            8.33,
            0.0,
            0.0
          ],
          [
            0.0,
            8.33,
            0.0
          ],
          [
            0.0,
            0.0,
            20.227360776
          ]
        ],
        "NumAtoms": 66,
        "Positions": [
          [
            0.0,
            0.0,
            0.0
          ],
          [
            0.0,
            4.165,
            0.0
          ],
          [
            4.165,
            0.0,
            0.0
          ],
          [
            4.165,
            4.165,
            0.0
          ],
          [
            2.0825,
            2.0825,
            0.0
          ],
          [
            2.0825,
            6.2475,
            0.0
          ],
          [
            6.2475,
            2.0825,
            0.0
          ],
          [
            6.2475,
            6.2475,
            0.0
          ],
          [
            0.0,
            2.0825,
            2.0825
          ],
          [
            0.0,
            6.2475,
            2.0825
          ],
          [
            4.165,
            2.0825,
            2.0825
          ],
          [
            4.165,
            6.2475,
            2.0825
          ],
          [
            2.0825,
            0.0,
            2.0825
          ],
          [
            2.0825,
            4.165,
            2.0825
          ],
          [
            6.2475,
            0.0,
            2.0825
          ],
          [
            6.2475,
            4.165,
            2.0825
          ],
          [
            0.03496,
            0.04146,
            4.25751
          ],
          [
            0.03491,
            4.14207,
            4.21794
          ],
          [
            4.12768,
            0.02879,
            4.22975
          ],
          [
            4.13201,
            4.15324,
            4.22529
          ],
          [
            2.08279,
            2.088,
            4.20274
          ],
          [
            2.09795,
            6.2585,
            4.24282
          ],
          [
            6.24528,
            2.05939,
            4.22169
          ],
          [
            6.29862,
            6.3034,
            4.36215
          ],
          [
            0.00532,
            2.08102,
            6.28331
          ],
          [
            0.02273,
            6.28983,
            6.53244
          ],
          [
            4.12203,
            2.08192,
            6.27759
          ],
          [
            4.08884,
            6.31939,
            6.77183
          ],
          [
            2.05357,
            0.0052,
            6.29149
          ],
          [
            2.05743,
            4.18055,
            6.27745
          ],
          [
            6.18975,
            0.11739,
            6.80826
          ],
          [
            6.23554,
            4.07233,
            6.33575
          ],
          [
            2.0825,
            0.0,
            0.0
          ],
          [
            2.0825,
            4.165,
            0.0
          ],
          [
            6.2475,
            0.0,
            0.0
          ],
          [
            6.2475,
            4.165,
            0.0
          ],
          [
            0.0,
            2.0825,
            0.0
          ],
          [
            0.0,
            6.2475,
            0.0
          ],
          [
            4.165,
            2.0825,
            0.0
          ],
          [
            4.165,
            6.2475,
            0.0
          ],
          [
            2.0825,
            2.0825,
            2.0825
          ],
          [
            2.0825,
            6.2475,
            2.0825
          ],
          [
            6.2475,
            2.0825,
            2.0825
          ],
          [
            6.2475,
            6.2475,
            2.0825
          ],
          [
            0.0,
            0.0,
            2.0825
          ],
          [
            0.0,
            4.165,
            2.0825
          ],
          [
            4.165,
            0.0,
            2.0825
          ],
          [
            4.165,
            4.165,
            2.0825
          ],
          [
            2.07642,
            -0.00474,
            4.17632
          ],
          [
            2.08329,
            4.18606,
            4.17851
          ],
          [
            6.25245,
            -0.0484,
            4.1291
          ],
          [
            6.24934,
            4.21606,
            4.16417
          ],
          [
            8.31202,
            2.08677,
            4.16439
          ],
          [
            -0.0447,
            6.2451,
            4.03466
          ],
          [
            4.17929,
            2.09246,
            4.1621
          ],
          [
            4.26661,
            6.24898,
            4.10515
          ],
          [
            2.0629,
            2.10989,
            6.24559
          ],
          [
            2.13314,
            6.24098,
            6.27113
          ],
          [
            6.23384,
            2.0843,
            6.27984
          ],
          [
            6.21129,
            6.12063,
            6.21245
          ],
          [
            0.00592,
            0.07062,
            6.29259
          ],
          [
            -0.02674,
            4.11438,
            6.24929
          ],
          [
            4.11429,
            0.07365,
            6.22214
          ],
          [
            4.16416,
            4.12071,
            6.27871
          ],
          [
            4.75133,
            6.77043,
            8.50991
          ],
          [
            5.86875,
            7.58721,
            8.4529
          ]
        ],
        "Stress": [
          [
            -51.73673,
            -0.4132,
            -1.24908
          ],
          [
            -0.4132,
            -48.49686,
            -0.05234
          ],
          [
            -1.24908,
            -0.05234,
            -26.41178
          ]
        ],
        "computation_code": "VASP",
        "pseudopotential_information": [
          [
            "PAW_PBE",
            "Ni",
            "02Aug2007"
          ],
          [
            "PAW_PBE",
            "Nb_sv",
            "25May2007"
          ],
          [
            "PAW_PBE",
            "O",
            "08Apr2002"
          ]
        ]
      }
    ],
    "EnergyStyle": "electronvolt",
    "ForcesStyle": "electronvoltperangstrom",
    "LatticeStyle": "angstrom",
    "PositionsStyle": "angstrom",
    "StressStyle": "kB"
  }
}