{
  "Dataset": {
    "AtomTypeStyle": "chemicalsymbol",
    "Data": [
      {
        "AtomTypes": [
          "Ni",
          "Ni",
          "Ni",
          "Ni",
          "Ni",
          "Ni",
          "Ni",
          "Ni",
          "Ni",
          "Ni",
          "Ni",
          "Ni",
          "Ni",
          "Ni",
          "Ni",
          "Ni",
          "Ni",
          "Ni",
          "Ni",
          "Ni",
          "Ni",
          "Ni",
          "Ni",
          "Nb",
          "Ni",
          "Ni",
          "Ni",
          "Ni",
          "Ni",
          "Ni",
          "Ni",
          "O",
          "O",
          "O",
          "O",
          "O",
          "O",
          "O",
          "O",
          "O",
          "O",
          "O",
          "O",
          "O",
          "O",
          "O",
          "O",
          "O",
          "O",
          "O",
          "O",
          "O",
          "O",
          "O",
          "O",
          "O",
          "O",
          "O",
          "O",
          "O",
          "O",
          "O",
          "O"
        ],
        "Energy": -343.31932968,
        "Forces": [
          [
            0.03993,
            0.033196,
            0.356919
          ],
          [
            0.043869,
            -0.004534,
            0.355467
          ],
          [
            -0.011828,
            0.037232,
            0.34236
          ],
          [
            -0.016819,
            -0.007781,
            0.35973
          ],
          [
            0.00829,
            0.022749,
            0.370132
          ],
          [
            0.006082,
            0.0065,
            0.341371
          ],
          [
            0.017541,
            0.019244,
            0.332068
          ],
          [
            0.024718,
            0.006325,
            0.299696
          ],
          [
            0.002607,
            -0.001507,
            -0.139387
          ],
          [
            0.098806,
            0.0142,
            -1.005835
          ],
          [
            -0.048105,
            0.029647,
            -0.088207
          ],
          [
            0.035834,
            -0.01982,
            -0.179859
          ],
          [
            -0.027946,
            0.040535,
            -0.142223
          ],
          [
            0.010195,
            -0.020957,
            -0.241787
          ],
          [
            -0.003611,
            -0.03322,
            -0.266608
          ],
          [
            -0.030452,
            -0.041674,
            -0.585589
          ],
          [
            -0.005809,
            0.003629,
            0.005225
          ],
          [
            -0.007983,
            0.009366,
            0.017294
          ],
          [
            0.000475,
            0.002014,
            -0.003046
          ],
          [
            -0.008774,
            -0.005985,
            0.000402
          ],
          [
            -0.007159,
            0.004887,
            0.005275
          ],
          [
            -0.006369,
            0.000266,
            0.00343
          ],
          [
            -0.004579,
            0.001876,
            0.004615
          ],
          [
            0.014662,
            0.004686,
            -0.029435
          ],
          [
            0.001108,
            -0.011843,
            -0.008866
          ],
          [
            0.021876,
            0.0138,
            -0.028987
          ],
          [
            -0.011658,
            -0.005904,
            -0.011718
          ],
          [
            -0.007122,
            -0.003497,
            0.002596
          ],
          [
            0.002144,
            -0.002648,
            0.004911
          ],
          [
            -0.013265,
            -0.003112,
            0.009479
          ],
          [
            0.011951,
            0.002112,
            7.2e-05
          ],
          [
            0.007935,
            -0.017694,
            -0.20065
          ],
          [
            0.003063,
            0.014322,
            -0.222865
          ],
          [
            -0.009402,
            0.002934,
            -0.144873
          ],
          [
            -0.003576,
            -0.000147,
            -0.153845
          ],
          [
            -0.020063,
            -0.004171,
            -0.212363
          ],
          [
            -0.010857,
            0.002573,
            -0.184282
          ],
          [
            0.019917,
            -0.009946,
            -0.202298
          ],
          [
            0.008007,
            0.009025,
            -0.150716
          ],
          [
            -0.010013,
            -0.049141,
            0.039783
          ],
          [
            0.149699,
            0.045044,
            0.175726
          ],
          [
            -0.039145,
            -0.045206,
            0.263745
          ],
          [
            -0.115293,
            0.01276,
            0.416363
          ],
          [
            -0.097451,
            0.032663,
            0.090137
          ],
          [
            -0.108265,
            -0.053478,
            0.0465
          ],
          [
            0.078011,
            -0.102828,
            0.162299
          ],
          [
            0.099764,
            0.084905,
            0.116011
          ],
          [
            -0.004466,
            0.001874,
            0.005569
          ],
          [
            -0.01319,
            0.0029,
            0.011407
          ],
          [
            -0.008231,
            -0.004745,
            0.003754
          ],
          [
            -0.011754,
            -0.007199,
            -0.001494
          ],
          [
            -0.013794,
            0.007288,
            0.012356
          ],
          [
            -0.024991,
            0.001787,
            0.00259
          ],
          [
            -0.004873,
            -0.00036,
            0.008542
          ],
          [
            -0.007437,
            -0.005537,
            -0.005546
          ],
          [
            0.000548,
            0.003247,
            0.013361
          ],
          [
            -0.031747,
            -0.002973,
            0.004697
          ],
          [
            -0.005591,
            -0.001273,
            -0.006641
          ],
          [
            0.035118,
            -0.001888,
            0.024464
          ],
          [
            0.003417,
            -0.013959,
            0.009826
          ],
          [
            0.003648,
            0.018495,
            0.020259
          ],
          [
            0.0049,
            -0.0031,
            -0.009337
          ],
          [
            -0.002497,
            -0.005954,
            -0.011976
          ]
        ],
        "Lattice": [
          [
            8.33,
            0.0,
            0.0
          ],
          [
            0.0,
            8.33,
            0.0
          ],
          [
            0.0,
            0.0,
            20.227360776
          ]
        ],
        "NumAtoms": 63,
        "Positions": [
          [
            0.0,
            0.0,
            0.0
          ],
          [
            0.0,
            4.165,
            0.0
          ],
          [
            4.165,
            0.0,
            0.0
          ],
          [
            4.165,
            4.165,
            0.0
          ],
          [
            2.0825,
            2.0825,
            0.0
          ],
          [
            2.0825,
            6.2475,
            0.0
          ],
          [
            6.2475,
            2.0825,
            0.0
          ],
          [
            6.2475,
            6.2475,
            0.0
          ],
          [
            0.0,
            2.0825,
            2.0825
          ],
          [
            0.0,
            6.2475,
            2.0825
          ],
          [
            4.165,
            2.0825,
            2.0825
          ],
          [
            4.165,
            6.2475,
            2.0825
          ],
          [
            2.0825,
            0.0,
            2.0825
          ],
          [
            2.0825,
            4.165,
            2.0825
          ],
          [
            6.2475,
            0.0,
            2.0825
          ],
          [
            6.2475,
            4.165,
            2.0825
          ],
          [
            0.03031,
            0.05144,
            4.22474
          ],
          [
            0.05595,
            4.11783,
            4.21507
          ],
          [
            4.12913,
            0.02778,
            4.22192
          ],
          [
            4.11526,
            4.14587,
            4.23393
          ],
          [
            2.07813,
            2.08606,
            4.20495
          ],
          [
            2.0732,
            6.25902,
            4.21004
          ],
          [
            6.23302,
            2.11506,
            4.22975
          ],
          [
            6.38298,
            6.14196,
            4.54052
          ],
          [
            8.21065,
            2.18832,
            6.34539
          ],
          [
            -0.14244,
            6.17754,
            6.47795
          ],
          [
            4.17889,
            2.2017,
            6.33794
          ],
          [
            4.01616,
            6.2169,
            6.34574
          ],
          [
            2.00931,
            0.01807,
            6.25693
          ],
          [
            2.01874,
            4.18772,
            6.24187
          ],
          [
            6.18111,
            0.07427,
            6.32263
          ],
          [
            2.0825,
            0.0,
            0.0
          ],
          [
            2.0825,
            4.165,
            0.0
          ],
          [
            6.2475,
            0.0,
            0.0
          ],
          [
            6.2475,
            4.165,
            0.0
          ],
          [
            0.0,
            2.0825,
            0.0
          ],
          [
            0.0,
            6.2475,
            0.0
          ],
          [
            4.165,
            2.0825,
            0.0
          ],
          [
            4.165,
            6.2475,
            0.0
          ],
          [
            2.0825,
            2.0825,
            2.0825
          ],
          [
            2.0825,
            6.2475,
            2.0825
          ],
          [
            6.2475,
            2.0825,
            2.0825
          ],
          [
            6.2475,
            6.2475,
            2.0825
          ],
          [
            0.0,
            0.0,
            2.0825
          ],
          [
            0.0,
            4.165,
            2.0825
          ],
          [
            4.165,
            0.0,
            2.0825
          ],
          [
            4.165,
            4.165,
            2.0825
          ],
          [
            2.07705,
            -0.00988,
            4.15356
          ],
          [
            2.08152,
            4.19184,
            4.11738
          ],
          [
            6.24908,
            -0.15451,
            4.17354
          ],
          [
            6.24846,
            4.25354,
            4.13026
          ],
          [
            8.29456,
            2.08008,
            4.14896
          ],
          [
            8.29232,
            6.2565,
            4.04657
          ],
          [
            4.17858,
            2.08406,
            4.15386
          ],
          [
            4.29457,
            6.2506,
            4.19983
          ],
          [
            2.05344,
            2.05572,
            6.24856
          ],
          [
            2.04744,
            6.31262,
            6.22509
          ],
          [
            6.18779,
            1.97845,
            6.22854
          ],
          [
            6.09022,
            6.348,
            6.38791
          ],
          [
            -0.06858,
            0.01048,
            6.26363
          ],
          [
            0.08735,
            4.17368,
            6.212
          ],
          [
            4.10925,
            -0.02054,
            6.27271
          ],
          [
            3.9609,
            4.21627,
            6.24289
          ]
        ],
        "Stress": [
          [
            -43.81133,
            -0.37165,
            -0.48644
          ],
          [
            -0.37165,
            -45.83395,
            -0.24648
          ],
          [
            -0.48644,
            -0.24648,
            -26.1796
          ]
        ],
        "computation_code": "VASP",
        "pseudopotential_information": [
          [
            "PAW_PBE",
            "Ni",
            "02Aug2007"
          ],
          [
            "PAW_PBE",
            "Nb_sv",
            "25May2007"
          ],
          [
            "PAW_PBE",
            "O",
            "08Apr2002"
          ]
        ]
      }
    ],
    "EnergyStyle": "electronvolt",
    "ForcesStyle": "electronvoltperangstrom",
    "LatticeStyle": "angstrom",
    "PositionsStyle": "angstrom",
    "StressStyle": "kB"
  }
}