{
  "Dataset": {
    "AtomTypeStyle": "chemicalsymbol",
    "Data": [
      {
        "AtomTypes": [
          "Ni",
          "Ni",
          "Ni",
          "Ni",
          "Ni",
          "Ni",
          "Ni",
          "Ni",
          "Ni",
          "Ni",
          "Ni",
          "Ni",
          "Ni",
          "Ni",
          "Ni",
          "Ni",
          "Ni",
          "Ni",
          "Ni",
          "Ni",
          "Ni",
          "Ni",
          "Ni",
          "Nb",
          "Ni",
          "Ni",
          "Ni",
          "Ni",
          "Ni",
          "Ni",
          "Ni",
          "Ni",
          "O",
          "O",
          "O",
          "O",
          "O",
          "O",
          "O",
          "O",
          "O",
          "O",
          "O",
          "O",
          "O",
          "O",
          "O",
          "O",
          "O",
          "O",
          "O",
          "O",
          "O",
          "O",
          "O",
          "O",
          "O",
          "O",
          "O",
          "O",
          "O",
          "O",
          "O",
          "O",
          "O"
        ],
        "Energy": -352.26846038,
        "Forces": [
          [
            0.041915,
            0.016739,
            0.365278
          ],
          [
            0.045057,
            0.011742,
            0.373645
          ],
          [
            -0.011544,
            0.021317,
            0.361801
          ],
          [
            -0.018219,
            0.003777,
            0.326563
          ],
          [
            0.005367,
            0.013009,
            0.338267
          ],
          [
            0.001581,
            0.013627,
            0.376584
          ],
          [
            0.0213,
            0.010942,
            0.338819
          ],
          [
            0.029193,
            0.024319,
            0.271022
          ],
          [
            -0.052474,
            0.020089,
            -0.092494
          ],
          [
            0.23908,
            -0.009392,
            -0.842065
          ],
          [
            0.006705,
            -0.09878,
            -0.169081
          ],
          [
            -0.108048,
            0.047661,
            -0.429143
          ],
          [
            -0.002327,
            -0.125513,
            -0.053224
          ],
          [
            -0.115541,
            0.073953,
            -0.15359
          ],
          [
            -0.000379,
            0.139445,
            -0.270332
          ],
          [
            0.064283,
            -0.107629,
            -0.545352
          ],
          [
            -0.002727,
            -0.000699,
            -0.008035
          ],
          [
            -0.000823,
            -0.002311,
            -0.005346
          ],
          [
            0.003434,
            -0.005341,
            -0.008092
          ],
          [
            -0.000753,
            0.001007,
            0.007839
          ],
          [
            -0.000671,
            0.002364,
            0.001116
          ],
          [
            0.001182,
            0.001412,
            -0.006133
          ],
          [
            3.4e-05,
            2e-05,
            -0.003995
          ],
          [
            -0.005389,
            0.006004,
            -0.004136
          ],
          [
            -0.003992,
            0.000339,
            -0.002642
          ],
          [
            -0.019297,
            -0.002096,
            -0.015083
          ],
          [
            -0.005028,
            -0.003847,
            0.000458
          ],
          [
            0.002369,
            -0.00427,
            0.000921
          ],
          [
            -0.003679,
            0.002881,
            0.000999
          ],
          [
            -0.007569,
            -0.000639,
            -0.000786
          ],
          [
            -0.002866,
            0.000357,
            -0.002466
          ],
          [
            -0.00894,
            -0.010839,
            0.00939
          ],
          [
            0.006152,
            0.01338,
            -0.192699
          ],
          [
            0.020855,
            -0.012757,
            -0.199017
          ],
          [
            -0.007669,
            -0.006466,
            -0.144665
          ],
          [
            -0.020269,
            0.003915,
            -0.136783
          ],
          [
            -0.011411,
            -0.002221,
            -0.208788
          ],
          [
            -0.022919,
            0.000175,
            -0.220338
          ],
          [
            0.011597,
            0.011895,
            -0.199817
          ],
          [
            0.019553,
            -0.011092,
            -0.181979
          ],
          [
            -0.022084,
            -0.04686,
            0.079685
          ],
          [
            0.1144,
            -0.003265,
            0.244239
          ],
          [
            -0.022748,
            -0.000713,
            0.264113
          ],
          [
            -0.035657,
            0.088933,
            0.291229
          ],
          [
            -0.059398,
            0.090865,
            0.106494
          ],
          [
            -0.094319,
            -0.101722,
            0.09528
          ],
          [
            0.050111,
            -0.04307,
            0.129064
          ],
          [
            0.067459,
            -0.006925,
            0.055548
          ],
          [
            -0.005135,
            0.00103,
            0.009405
          ],
          [
            -0.004038,
            -0.003017,
            0.007519
          ],
          [
            0.000199,
            -0.001988,
            0.002795
          ],
          [
            -0.002045,
            -0.007482,
            0.000264
          ],
          [
            -0.002069,
            -0.000558,
            0.000333
          ],
          [
            0.000485,
            0.001241,
            0.004394
          ],
          [
            -0.003912,
            -0.001038,
            -0.003424
          ],
          [
            -0.000988,
            -0.000868,
            0.003913
          ],
          [
            -0.011258,
            -0.001935,
            0.004376
          ],
          [
            -0.00271,
            -0.00138,
            0.012801
          ],
          [
            -0.003055,
            -0.002704,
            -0.000547
          ],
          [
            -0.015642,
            0.006145,
            0.010314
          ],
          [
            -0.003855,
            -0.00209,
            0.003478
          ],
          [
            -0.001607,
            0.005755,
            -0.001988
          ],
          [
            -0.013576,
            -0.004784,
            0.009351
          ],
          [
            -0.010626,
            0.009572,
            -0.003236
          ],
          [
            -0.005057,
            -0.009619,
            -0.002022
          ]
        ],
        "Lattice": [
          [
            8.33,
            0.0,
            0.0
          ],
          [
            0.0,
            8.33,
            0.0
          ],
          [
            0.0,
            0.0,
            20.227360776
          ]
        ],
        "NumAtoms": 65,
        "Positions": [
          [
            0.0,
            0.0,
            0.0
          ],
          [
            0.0,
            4.165,
            0.0
          ],
          [
            4.165,
            0.0,
            0.0
          ],
          [
            4.165,
            4.165,
            0.0
          ],
          [
            2.0825,
            2.0825,
            0.0
          ],
          [
            2.0825,
            6.2475,
            0.0
          ],
          [
            6.2475,
            2.0825,
            0.0
          ],
          [
            6.2475,
            6.2475,
            0.0
          ],
          [
            0.0,
            2.0825,
            2.0825
          ],
          [
            0.0,
            6.2475,
            2.0825
          ],
          [
            4.165,
            2.0825,
            2.0825
          ],
          [
            4.165,
            6.2475,
            2.0825
          ],
          [
            2.0825,
            0.0,
            2.0825
          ],
          [
            2.0825,
            4.165,
            2.0825
          ],
          [
            6.2475,
            0.0,
            2.0825
          ],
          [
            6.2475,
            4.165,
            2.0825
          ],
          [
            0.0359,
            0.03289,
            4.24036
          ],
          [
            0.03125,
            4.13992,
            4.25601
          ],
          [
            4.14142,
            0.00355,
            4.24506
          ],
          [
            4.11674,
            4.13046,
            4.18296
          ],
          [
            2.06865,
            2.06402,
            4.18018
          ],
          [
            2.11718,
            6.2384,
            4.26985
          ],
          [
            6.23928,
            2.12277,
            4.23723
          ],
          [
            6.29354,
            6.18349,
            4.4563
          ],
          [
            8.31012,
            2.10779,
            6.2806
          ],
          [
            0.02183,
            6.19262,
            6.54079
          ],
          [
            4.07031,
            2.03733,
            6.23204
          ],
          [
            3.91651,
            5.81182,
            7.12178
          ],
          [
            2.07938,
            8.28695,
            6.28537
          ],
          [
            2.00955,
            4.10507,
            6.24881
          ],
          [
            6.21353,
            0.12348,
            6.37811
          ],
          [
            5.80541,
            3.90083,
            7.15095
          ],
          [
            2.0825,
            0.0,
            0.0
          ],
          [
            2.0825,
            4.165,
            0.0
          ],
          [
            6.2475,
            0.0,
            0.0
          ],
          [
            6.2475,
            4.165,
            0.0
          ],
          [
            0.0,
            2.0825,
            0.0
          ],
          [
            0.0,
            6.2475,
            0.0
          ],
          [
            4.165,
            2.0825,
            0.0
          ],
          [
            4.165,
            6.2475,
            0.0
          ],
          [
            2.0825,
            2.0825,
            2.0825
          ],
          [
            2.0825,
            6.2475,
            2.0825
          ],
          [
            6.2475,
            2.0825,
            2.0825
          ],
          [
            6.2475,
            6.2475,
            2.0825
          ],
          [
            0.0,
            0.0,
            2.0825
          ],
          [
            0.0,
            4.165,
            2.0825
          ],
          [
            4.165,
            0.0,
            2.0825
          ],
          [
            4.165,
            4.165,
            2.0825
          ],
          [
            2.08852,
            8.28869,
            4.1811
          ],
          [
            2.07147,
            4.18184,
            4.14885
          ],
          [
            6.25304,
            8.27287,
            4.1782
          ],
          [
            6.25187,
            4.23742,
            4.14631
          ],
          [
            8.29349,
            2.08664,
            4.16412
          ],
          [
            8.26885,
            6.25974,
            4.04397
          ],
          [
            4.18188,
            2.06902,
            4.14181
          ],
          [
            4.29993,
            6.24301,
            4.12272
          ],
          [
            2.03743,
            2.02186,
            6.21495
          ],
          [
            2.15574,
            6.23277,
            6.3254
          ],
          [
            6.21021,
            2.12373,
            6.31787
          ],
          [
            6.32438,
            6.4478,
            6.25435
          ],
          [
            8.3065,
            0.07284,
            6.27271
          ],
          [
            0.05215,
            4.1064,
            6.2773
          ],
          [
            4.1655,
            0.08199,
            6.28221
          ],
          [
            4.02861,
            4.03243,
            6.14422
          ],
          [
            5.08397,
            5.07866,
            8.3083
          ]
        ],
        "Stress": [
          [
            -49.80952,
            2.9658,
            -0.81773
          ],
          [
            2.9658,
            -46.49703,
            -0.40359
          ],
          [
            -0.81773,
            -0.40359,
            -26.97383
          ]
        ],
        "computation_code": "VASP",
        "pseudopotential_information": [
          [
            "PAW_PBE",
            "Ni",
            "02Aug2007"
          ],
          [
            "PAW_PBE",
            "Nb_sv",
            "25May2007"
          ],
          [
            "PAW_PBE",
            "O",
            "08Apr2002"
          ]
        ]
      }
    ],
    "EnergyStyle": "electronvolt",
    "ForcesStyle": "electronvoltperangstrom",
    "LatticeStyle": "angstrom",
    "PositionsStyle": "angstrom",
    "StressStyle": "kB"
  }
}